delinquency_count,utilization,debt_to_income,credit_lines,income_inr,credit_age_months,region,source_dataset,current_limit_inr,current_balance_inr,account_id,action,increase_pct,proposed_limit,pd,risk_band,current_ead,proposed_ead,current_expected_loss,proposed_expected_loss,incremental_contribution,risk_adjusted_return,reason_codes,policy_checks,missing_model_fields
1.0,0.9769911757477331,,13.0,,190.82456743503803,undisclosed,fico_heloc,306000.0,299000.0,LIQ-000001,Manual review,0.0,306000.0,0.7376477608878677,Very high,304250.0,304250.0,145879.06531258693,145879.06531258693,0.0,0.0,Reported delinquency | Manual review required,"{""automatic_increases_enabled"": true, ""within_maximum_increase"": true, ""within_account_exposure"": true, ""within_expected_loss_ceiling"": false, ""meets_profitability_hurdle"": false, ""payment_history_eligible"": false, ""not_overextended"": true}",debt_to_income | income_inr
1.0,0.8103063194926968,0.23746700278748756,9.0,,,undisclosed,give_me_some_credit,613000.0,496700.0,LIQ-000002,Manual review,0.0,613000.0,0.16109287587337998,High,583925.0,583925.0,61143.00240383622,61143.00240383622,0.0,0.0,Reported delinquency | Manual review required,"{""automatic_increases_enabled"": true, ""within_maximum_increase"": true, ""within_account_exposure"": true, ""within_expected_loss_ceiling"": true, ""meets_profitability_hurdle"": false, ""payment_history_eligible"": false, ""not_overextended"": true}",income_inr | credit_age_months
,,0.41497857362412344,,,,undisclosed,home_credit,141000.0,10200.0,LIQ-000003,Manual review,0.0,141000.0,0.0814213387076708,Moderate,108300.0,108300.0,5731.655138326487,5731.655138326487,0.0,0.0,Insufficient behavioral history | Manual review required,"{""automatic_increases_enabled"": true, ""within_maximum_increase"": true, ""within_account_exposure"": true, ""within_expected_loss_ceiling"": true, ""meets_profitability_hurdle"": false, ""payment_history_eligible"": false, ""not_overextended"": true}",delinquency_count | utilization | credit_lines | income_inr | credit_age_months
,,0.27546604421633114,,,,undisclosed,home_credit,181000.0,36700.0,LIQ-000004,Manual review,0.0,181000.0,0.0822952082090523,Moderate,144925.0,144925.0,7752.311482302988,7752.311482302988,0.0,0.0,Insufficient behavioral history | Manual review required,"{""automatic_increases_enabled"": true, ""within_maximum_increase"": true, ""within_account_exposure"": true, ""within_expected_loss_ceiling"": true, ""meets_profitability_hurdle"": false, ""payment_history_eligible"": false, ""not_overextended"": true}",delinquency_count | utilization | credit_lines | income_inr | credit_age_months
0.0,0.6928170295333885,0.16061845663344887,8.0,,,undisclosed,give_me_some_credit,2600000.0,1801300.0,LIQ-000005,Increase 10%,0.1,2860000.0,0.05998552484458641,Moderate,2400325.0,2595325.0,93590.09069967823,101193.25597372957,53465.89815474424,0.2741840931012525,No reported delinquency in the harmonized source fields | High utilization with low estimated risk,"{""automatic_increases_enabled"": true, ""within_maximum_increase"": true, ""within_account_exposure"": true, ""within_expected_loss_ceiling"": true, ""meets_profitability_hurdle"": true, ""payment_history_eligible"": true, ""not_overextended"": true}",income_inr | credit_age_months
1.0,0.2880099518076503,0.4258200938941614,8.0,2645095.5743230963,121.89022195827634,north_america,lending_club_full,661000.0,190400.0,LIQ-000006,Manual review,0.0,661000.0,0.35137478761631274,Very high,543350.0,543350.0,124097.6690533603,124097.6690533603,0.0,0.0,Reported delinquency | Manual review required,"{""automatic_increases_enabled"": true, ""within_maximum_increase"": true, ""within_account_exposure"": true, ""within_expected_loss_ceiling"": false, ""meets_profitability_hurdle"": false, ""payment_history_eligible"": false, ""not_overextended"": true}",
0.0,0.12020729959429367,,,,,asia,taiwan_credit,130000.0,15600.0,LIQ-000007,No change,0.0,130000.0,0.08903835334836707,Moderate,101400.0,101400.0,5868.517869190874,5868.517869190874,0.0,0.0,No reported delinquency in the harmonized source fields | Low utilization provides no evidence of additional need | Incremental return below profitability hurdle,"{""automatic_increases_enabled"": true, ""within_maximum_increase"": true, ""within_account_exposure"": true, ""within_expected_loss_ceiling"": true, ""meets_profitability_hurdle"": false, ""payment_history_eligible"": true, ""not_overextended"": true}",debt_to_income | credit_lines | income_inr | credit_age_months
0.0,0.7199353611614607,0.10081340608907058,8.0,,,undisclosed,give_me_some_credit,2600000.0,1871800.0,LIQ-000008,Increase 10%,0.1,2860000.0,0.06319450604319786,Moderate,2417950.0,2612950.0,99320.75132664767,107330.654967623,55990.86838346785,0.2871326583767582,No reported delinquency in the harmonized source fields | High utilization with low estimated risk,"{""automatic_increases_enabled"": true, ""within_maximum_increase"": true, ""within_account_exposure"": true, ""within_expected_loss_ceiling"": true, ""meets_profitability_hurdle"": true, ""payment_history_eligible"": true, ""not_overextended"": true}",income_inr | credit_age_months
1.0,0.4122664883427738,,,,,asia,taiwan_credit,170000.0,70100.0,LIQ-000009,Manual review,0.0,170000.0,0.2763525453734571,High,145025.0,145025.0,26050.71813031065,26050.71813031065,0.0,0.0,Reported delinquency | Manual review required,"{""automatic_increases_enabled"": true, ""within_maximum_increase"": true, ""within_account_exposure"": true, ""within_expected_loss_ceiling"": false, ""meets_profitability_hurdle"": false, ""payment_history_eligible"": false, ""not_overextended"": true}",debt_to_income | credit_lines | income_inr | credit_age_months
,,0.48422413063324293,9.0,,,europe,south_german_credit,916000.0,254000.0,LIQ-000010,Manual review,0.0,916000.0,0.21875914986670672,High,750500.0,750500.0,106716.18228372622,106716.18228372622,0.0,0.0,Insufficient behavioral history | Manual review required,"{""automatic_increases_enabled"": true, ""within_maximum_increase"": true, ""within_account_exposure"": true, ""within_expected_loss_ceiling"": false, ""meets_profitability_hurdle"": false, ""payment_history_eligible"": false, ""not_overextended"": true}",delinquency_count | utilization | income_inr | credit_age_months
0.0,0.6019641525770526,,8.0,,281.35806929392993,undisclosed,fico_heloc,184000.0,110800.0,LIQ-000011,No change,0.0,184000.0,0.5184596308826921,Very high,165700.0,165700.0,55840.69454422035,55840.69454422035,0.0,0.0,No reported delinquency in the harmonized source fields | Expected loss exceeds policy ceiling | Incremental return below profitability hurdle,"{""automatic_increases_enabled"": true, ""within_maximum_increase"": true, ""within_account_exposure"": true, ""within_expected_loss_ceiling"": false, ""meets_profitability_hurdle"": false, ""payment_history_eligible"": true, ""not_overextended"": true}",debt_to_income | income_inr
0.0,0.22616485663863692,,,,,asia,taiwan_credit,152000.0,34400.0,LIQ-000012,No change,0.0,152000.0,0.08210642839146615,Moderate,122600.0,122600.0,6543.061278515937,6543.061278515937,0.0,0.0,No reported delinquency in the harmonized source fields | Incremental return below profitability hurdle,"{""automatic_increases_enabled"": true, ""within_maximum_increase"": true, ""within_account_exposure"": true, ""within_expected_loss_ceiling"": true, ""meets_profitability_hurdle"": false, ""payment_history_eligible"": true, ""not_overextended"": true}",debt_to_income | credit_lines | income_inr | credit_age_months
1.0,0.797276593030803,0.172664065903784,10.0,1482076.7392550232,71.61176705618183,north_america,lending_club_full,371000.0,295800.0,LIQ-000013,Manual review,0.0,371000.0,0.24621734488186073,High,352200.0,352200.0,56366.53676380438,56366.53676380438,0.0,0.0,Reported delinquency | Manual review required,"{""automatic_increases_enabled"": true, ""within_maximum_increase"": true, ""within_account_exposure"": true, ""within_expected_loss_ceiling"": false, ""meets_profitability_hurdle"": false, ""payment_history_eligible"": false, ""not_overextended"": true}",
,,0.2078370591770535,,,,undisclosed,home_credit,1048000.0,366000.0,LIQ-000014,Manual review,0.0,1048000.0,0.08224380866383484,Moderate,877500.0,877500.0,46909.8123666348,46909.8123666348,0.0,0.0,Insufficient behavioral history | Manual review required,"{""automatic_increases_enabled"": true, ""within_maximum_increase"": true, ""within_account_exposure"": true, ""within_expected_loss_ceiling"": true, ""meets_profitability_hurdle"": false, ""payment_history_eligible"": false, ""not_overextended"": true}",delinquency_count | utilization | credit_lines | income_inr | credit_age_months
0.0,0.3419541446807515,,8.0,,250.99682488024607,undisclosed,fico_heloc,325000.0,111100.0,LIQ-000015,No change,0.0,325000.0,0.3665250693424135,Very high,271525.0,271525.0,64688.46764457924,64688.46764457924,0.0,0.0,No reported delinquency in the harmonized source fields | Expected loss exceeds policy ceiling | Incremental return below profitability hurdle,"{""automatic_increases_enabled"": true, ""within_maximum_increase"": true, ""within_account_exposure"": true, ""within_expected_loss_ceiling"": false, ""meets_profitability_hurdle"": false, ""payment_history_eligible"": true, ""not_overextended"": true}",debt_to_income | income_inr
0.0,0.8863219982362818,0.10133609621562317,7.0,1772267.957354191,276.36745456364184,north_america,lending_club_full,443000.0,392600.0,LIQ-000016,No change,0.0,443000.0,0.2580303050416001,High,430400.0,430400.0,72186.55813843805,72186.55813843805,0.0,0.0,No reported delinquency in the harmonized source fields | Expected loss exceeds policy ceiling,"{""automatic_increases_enabled"": true, ""within_maximum_increase"": true, ""within_account_exposure"": true, ""within_expected_loss_ceiling"": false, ""meets_profitability_hurdle"": false, ""payment_history_eligible"": true, ""not_overextended"": true}",
0.0,0.6688409418510302,,10.0,,205.61139121266163,undisclosed,fico_heloc,810000.0,541800.0,LIQ-000017,No change,0.0,810000.0,0.6096043268688264,Very high,742950.0,742950.0,294388.59752067644,294388.59752067644,0.0,0.0,No reported delinquency in the harmonized source fields | Expected loss exceeds policy ceiling | Incremental return below profitability hurdle,"{""automatic_increases_enabled"": true, ""within_maximum_increase"": true, ""within_account_exposure"": true, ""within_expected_loss_ceiling"": false, ""meets_profitability_hurdle"": false, ""payment_history_eligible"": true, ""not_overextended"": true}",debt_to_income | income_inr
0.0,0.8671135983332687,,6.0,,104.5726165391979,undisclosed,fico_heloc,619000.0,536700.0,LIQ-000018,No change,0.0,619000.0,0.7446683817168323,Very high,598425.0,598425.0,289658.314613782,289658.314613782,0.0,0.0,No reported delinquency in the harmonized source fields | Expected loss exceeds policy ceiling | Incremental return below profitability hurdle,"{""automatic_increases_enabled"": true, ""within_maximum_increase"": true, ""within_account_exposure"": true, ""within_expected_loss_ceiling"": false, ""meets_profitability_hurdle"": false, ""payment_history_eligible"": true, ""not_overextended"": true}",debt_to_income | income_inr
,,0.17171695851276936,,,,undisclosed,home_credit,461000.0,64000.0,LIQ-000019,Manual review,0.0,461000.0,0.08146932578450834,Moderate,361750.0,361750.0,19156.49359165483,19156.49359165483,0.0,0.0,Insufficient behavioral history | Manual review required,"{""automatic_increases_enabled"": true, ""within_maximum_increase"": true, ""within_account_exposure"": true, ""within_expected_loss_ceiling"": true, ""meets_profitability_hurdle"": false, ""payment_history_eligible"": false, ""not_overextended"": true}",delinquency_count | utilization | credit_lines | income_inr | credit_age_months
,,0.09193719233937267,12.0,,,europe,south_german_credit,240000.0,127200.0,LIQ-000020,Manual review,0.0,240000.0,0.17917031017776783,High,211800.0,211800.0,24666.3766021733,24666.3766021733,0.0,0.0,Insufficient behavioral history | Manual review required,"{""automatic_increases_enabled"": true, ""within_maximum_increase"": true, ""within_account_exposure"": true, ""within_expected_loss_ceiling"": true, ""meets_profitability_hurdle"": false, ""payment_history_eligible"": false, ""not_overextended"": true}",delinquency_count | utilization | income_inr | credit_age_months
,,0.2324849734676595,,,,undisclosed,home_credit,471000.0,164100.0,LIQ-000021,Manual review,0.0,471000.0,0.0822952082090523,Moderate,394275.0,394275.0,21090.513090805664,21090.513090805664,0.0,0.0,Insufficient behavioral history | Manual review required,"{""automatic_increases_enabled"": true, ""within_maximum_increase"": true, ""within_account_exposure"": true, ""within_expected_loss_ceiling"": true, ""meets_profitability_hurdle"": false, ""payment_history_eligible"": false, ""not_overextended"": true}",delinquency_count | utilization | credit_lines | income_inr | credit_age_months
0.0,0.7332132157122327,,,,,asia,taiwan_credit,2600000.0,1906400.0,LIQ-000022,Increase 10%,0.1,2860000.0,0.1275675660662086,Moderate,2426600.0,2621600.0,201211.04628057015,217380.2352794621,49267.0253253261,0.25265141192474927,No reported delinquency in the harmonized source fields | High utilization with low estimated risk,"{""automatic_increases_enabled"": true, ""within_maximum_increase"": true, ""within_account_exposure"": true, ""within_expected_loss_ceiling"": true, ""meets_profitability_hurdle"": true, ""payment_history_eligible"": true, ""not_overextended"": true}",debt_to_income | credit_lines | income_inr | credit_age_months
,,0.04071564143553004,7.0,,,europe,south_german_credit,233000.0,211000.0,LIQ-000023,Manual review,0.0,233000.0,0.1949801293037338,High,227500.0,227500.0,28832.68662078964,28832.68662078964,0.0,0.0,Insufficient behavioral history | Manual review required,"{""automatic_increases_enabled"": true, ""within_maximum_increase"": true, ""within_account_exposure"": true, ""within_expected_loss_ceiling"": false, ""meets_profitability_hurdle"": false, ""payment_history_eligible"": false, ""not_overextended"": true}",delinquency_count | utilization | income_inr | credit_age_months
0.0,0.4157162359658228,0.3195061628053145,8.0,,,undisclosed,give_me_some_credit,2600000.0,1080900.0,LIQ-000024,Increase 10%,0.1,2860000.0,0.028242128527211825,Low,2220225.0,2415225.0,40757.52187606377,44337.21166688787,27532.561046969066,0.14119262075368752,No reported delinquency in the harmonized source fields,"{""automatic_increases_enabled"": true, ""within_maximum_increase"": true, ""within_account_exposure"": true, ""within_expected_loss_ceiling"": true, ""meets_profitability_hurdle"": true, ""payment_history_eligible"": true, ""not_overextended"": true}",income_inr | credit_age_months
,,0.424921742563299,,,,undisclosed,home_credit,816000.0,313800.0,LIQ-000025,Manual review,0.0,816000.0,0.0816667968826516,Moderate,690450.0,690450.0,36651.445939957426,36651.445939957426,0.0,0.0,Insufficient behavioral history | Manual review required,"{""automatic_increases_enabled"": true, ""within_maximum_increase"": true, ""within_account_exposure"": true, ""within_expected_loss_ceiling"": true, ""meets_profitability_hurdle"": false, ""payment_history_eligible"": false, ""not_overextended"": true}",delinquency_count | utilization | credit_lines | income_inr | credit_age_months
1.0,0.8373564145413087,,,,,asia,taiwan_credit,465000.0,389400.0,LIQ-000026,Manual review,0.0,465000.0,0.32310135815252455,Very high,446100.0,446100.0,93688.08531669679,93688.08531669679,0.0,0.0,Reported delinquency | Manual review required,"{""automatic_increases_enabled"": true, ""within_maximum_increase"": true, ""within_account_exposure"": true, ""within_expected_loss_ceiling"": false, ""meets_profitability_hurdle"": false, ""payment_history_eligible"": false, ""not_overextended"": true}",debt_to_income | credit_lines | income_inr | credit_age_months
1.0,0.7065757989163336,,,,,asia,taiwan_credit,100000.0,70700.0,LIQ-000027,Manual review,0.0,100000.0,0.3214240119572888,Very high,92675.0,92675.0,19362.18070029213,19362.18070029213,0.0,0.0,Reported delinquency | Manual review required,"{""automatic_increases_enabled"": true, ""within_maximum_increase"": true, ""within_account_exposure"": true, ""within_expected_loss_ceiling"": false, ""meets_profitability_hurdle"": false, ""payment_history_eligible"": false, ""not_overextended"": true}",debt_to_income | credit_lines | income_inr | credit_age_months
0.0,0.14361457244119413,,4.0,,214.92009447362983,undisclosed,fico_heloc,160000.0,23000.0,LIQ-000028,No change,0.0,160000.0,0.2411209906686591,High,125750.0,125750.0,19708.626974779527,19708.626974779527,0.0,0.0,No reported delinquency in the harmonized source fields | Low utilization provides no evidence of additional need | Expected loss exceeds policy ceiling | Incremental return below profitability hurdle,"{""automatic_increases_enabled"": true, ""within_maximum_increase"": true, ""within_account_exposure"": true, ""within_expected_loss_ceiling"": false, ""meets_profitability_hurdle"": false, ""payment_history_eligible"": true, ""not_overextended"": true}",debt_to_income | income_inr
1.0,0.36697816322443355,,,,,asia,taiwan_credit,225000.0,82600.0,LIQ-000029,Manual review,0.0,225000.0,0.2698727355063972,High,189400.0,189400.0,33224.032468192556,33224.032468192556,0.0,0.0,Reported delinquency | Manual review required,"{""automatic_increases_enabled"": true, ""within_maximum_increase"": true, ""within_account_exposure"": true, ""within_expected_loss_ceiling"": false, ""meets_profitability_hurdle"": false, ""payment_history_eligible"": false, ""not_overextended"": true}",debt_to_income | credit_lines | income_inr | credit_age_months
0.0,0.5806667047531409,0.2304986586622606,9.0,,,undisclosed,give_me_some_credit,2600000.0,1509700.0,LIQ-000030,Increase 10%,0.1,2860000.0,0.05171304906601613,Moderate,2327425.0,2522425.0,78232.85809460717,84787.48706372472,42390.087148335,0.21738506229915383,No reported delinquency in the harmonized source fields,"{""automatic_increases_enabled"": true, ""within_maximum_increase"": true, ""within_account_exposure"": true, ""within_expected_loss_ceiling"": true, ""meets_profitability_hurdle"": true, ""payment_history_eligible"": true, ""not_overextended"": true}",income_inr | credit_age_months
,,0.18756953675165633,14.0,,,europe,south_german_credit,155000.0,66900.0,LIQ-000031,Manual review,0.0,155000.0,0.1870956336935481,High,132975.0,132975.0,16171.377228759713,16171.377228759713,0.0,0.0,Insufficient behavioral history | Manual review required,"{""automatic_increases_enabled"": true, ""within_maximum_increase"": true, ""within_account_exposure"": true, ""within_expected_loss_ceiling"": false, ""meets_profitability_hurdle"": false, ""payment_history_eligible"": false, ""not_overextended"": true}",delinquency_count | utilization | income_inr | credit_age_months
,,0.36332130052880757,,,,undisclosed,home_credit,298000.0,89900.0,LIQ-000032,Manual review,0.0,298000.0,0.0814213387076708,Moderate,245975.0,245975.0,13017.948962602564,13017.948962602564,0.0,0.0,Insufficient behavioral history | Manual review required,"{""automatic_increases_enabled"": true, ""within_maximum_increase"": true, ""within_account_exposure"": true, ""within_expected_loss_ceiling"": true, ""meets_profitability_hurdle"": false, ""payment_history_eligible"": false, ""not_overextended"": true}",delinquency_count | utilization | credit_lines | income_inr | credit_age_months
,,0.2958015027405525,,,,undisclosed,home_credit,1104000.0,651200.0,LIQ-000033,Manual review,0.0,1104000.0,0.08215167347213541,Moderate,990800.0,990800.0,52907.320749524646,52907.320749524646,0.0,0.0,Insufficient behavioral history | Manual review required,"{""automatic_increases_enabled"": true, ""within_maximum_increase"": true, ""within_account_exposure"": true, ""within_expected_loss_ceiling"": true, ""meets_profitability_hurdle"": false, ""payment_history_eligible"": false, ""not_overextended"": true}",delinquency_count | utilization | credit_lines | income_inr | credit_age_months
,,0.17344438702060963,,,,undisclosed,home_credit,454000.0,164200.0,LIQ-000034,Manual review,0.0,454000.0,0.08146932578450834,Moderate,381550.0,381550.0,20205.00381450145,20205.00381450145,0.0,0.0,Insufficient behavioral history | Manual review required,"{""automatic_increases_enabled"": true, ""within_maximum_increase"": true, ""within_account_exposure"": true, ""within_expected_loss_ceiling"": true, ""meets_profitability_hurdle"": false, ""payment_history_eligible"": false, ""not_overextended"": true}",delinquency_count | utilization | credit_lines | income_inr | credit_age_months
0.0,0.3770843861277229,0.55443809141876,10.0,912467.9610524877,135.12492791501452,north_america,lending_club_full,228000.0,86000.0,LIQ-000035,No change,0.0,228000.0,0.3710840870516205,Very high,192500.0,192500.0,46431.89639233402,46431.89639233402,0.0,0.0,No reported delinquency in the harmonized source fields | Expected loss exceeds policy ceiling | Incremental return below profitability hurdle,"{""automatic_increases_enabled"": true, ""within_maximum_increase"": true, ""within_account_exposure"": true, ""within_expected_loss_ceiling"": false, ""meets_profitability_hurdle"": false, ""payment_history_eligible"": true, ""not_overextended"": true}",
0.0,0.9680107400891501,0.06777460714547431,8.0,2713569.22106633,168.114429585422,north_america,lending_club_full,678000.0,656300.0,LIQ-000036,No change,0.0,678000.0,0.23574788342779304,High,672575.0,672575.0,103062.78625269115,103062.78625269115,0.0,0.0,No reported delinquency in the harmonized source fields | Expected loss exceeds policy ceiling,"{""automatic_increases_enabled"": true, ""within_maximum_increase"": true, ""within_account_exposure"": true, ""within_expected_loss_ceiling"": false, ""meets_profitability_hurdle"": false, ""payment_history_eligible"": true, ""not_overextended"": true}",
1.0,0.4704999084227835,,6.0,,149.95959918888667,undisclosed,fico_heloc,121000.0,56900.0,LIQ-000037,Manual review,0.0,121000.0,0.6568188878000522,Very high,104975.0,104975.0,44817.21578542681,44817.21578542681,0.0,0.0,Reported delinquency | Manual review required,"{""automatic_increases_enabled"": true, ""within_maximum_increase"": true, ""within_account_exposure"": true, ""within_expected_loss_ceiling"": false, ""meets_profitability_hurdle"": false, ""payment_history_eligible"": false, ""not_overextended"": true}",debt_to_income | income_inr
,,0.6185822601765906,,,,undisclosed,home_credit,158000.0,87500.0,LIQ-000038,Manual review,0.0,158000.0,0.08138994130217776,Moderate,140375.0,140375.0,7426.323456690582,7426.323456690582,0.0,0.0,Insufficient behavioral history | Manual review required,"{""automatic_increases_enabled"": true, ""within_maximum_increase"": true, ""within_account_exposure"": true, ""within_expected_loss_ceiling"": true, ""meets_profitability_hurdle"": false, ""payment_history_eligible"": false, ""not_overextended"": false}",delinquency_count | utilization | credit_lines | income_inr | credit_age_months
0.0,0.8575964819822947,,,,,asia,taiwan_credit,2600000.0,2229800.0,LIQ-000039,Increase 10%,0.1,2860000.0,0.13800701421076778,Moderate,2507450.0,2702450.0,224929.6970588133,242422.08611002812,61390.65142292708,0.31482385345090813,No reported delinquency in the harmonized source fields | High utilization with low estimated risk,"{""automatic_increases_enabled"": true, ""within_maximum_increase"": true, ""within_account_exposure"": true, ""within_expected_loss_ceiling"": true, ""meets_profitability_hurdle"": true, ""payment_history_eligible"": true, ""not_overextended"": true}",debt_to_income | credit_lines | income_inr | credit_age_months
,,0.2907554047234802,,,,undisclosed,home_credit,367000.0,44000.0,LIQ-000040,Manual review,0.0,367000.0,0.08215167347213541,Moderate,286250.0,286250.0,15285.345745409195,15285.345745409195,0.0,0.0,Insufficient behavioral history | Manual review required,"{""automatic_increases_enabled"": true, ""within_maximum_increase"": true, ""within_account_exposure"": true, ""within_expected_loss_ceiling"": true, ""meets_profitability_hurdle"": false, ""payment_history_eligible"": false, ""not_overextended"": true}",delinquency_count | utilization | credit_lines | income_inr | credit_age_months
2.0,0.27880152421977733,,,,,asia,taiwan_credit,449000.0,125200.0,LIQ-000041,Freeze automatic increases,0.0,449000.0,0.35906336418582346,Very high,368050.0,368050.0,85899.62627258501,85899.62627258501,0.0,0.0,Repeated delinquency,"{""automatic_increases_enabled"": true, ""within_maximum_increase"": true, ""within_account_exposure"": true, ""within_expected_loss_ceiling"": false, ""meets_profitability_hurdle"": false, ""payment_history_eligible"": false, ""not_overextended"": true}",debt_to_income | credit_lines | income_inr | credit_age_months
2.0,0.8918049218200665,,,,,asia,taiwan_credit,187000.0,166800.0,LIQ-000042,Freeze automatic increases,0.0,187000.0,0.410380632498253,Very high,181950.0,181950.0,48534.691453987136,48534.691453987136,0.0,0.0,Repeated delinquency,"{""automatic_increases_enabled"": true, ""within_maximum_increase"": true, ""within_account_exposure"": true, ""within_expected_loss_ceiling"": false, ""meets_profitability_hurdle"": false, ""payment_history_eligible"": false, ""not_overextended"": true}",debt_to_income | credit_lines | income_inr | credit_age_months
0.0,0.4883885522634882,,,,,asia,taiwan_credit,2600000.0,1269800.0,LIQ-000043,Increase 10%,0.1,2860000.0,0.1063014666205821,Moderate,2267450.0,2462450.0,156671.61931774527,170145.33021190405,25494.998713942412,0.13074358314842263,No reported delinquency in the harmonized source fields,"{""automatic_increases_enabled"": true, ""within_maximum_increase"": true, ""within_account_exposure"": true, ""within_expected_loss_ceiling"": true, ""meets_profitability_hurdle"": true, ""payment_history_eligible"": true, ""not_overextended"": true}",debt_to_income | credit_lines | income_inr | credit_age_months
,,0.12552245541199736,,,,undisclosed,home_credit,909000.0,427400.0,LIQ-000044,Manual review,0.0,909000.0,0.07811286627859422,Moderate,788600.0,788600.0,40039.87412574461,40039.87412574461,0.0,0.0,Insufficient behavioral history | Manual review required,"{""automatic_increases_enabled"": true, ""within_maximum_increase"": true, ""within_account_exposure"": true, ""within_expected_loss_ceiling"": true, ""meets_profitability_hurdle"": false, ""payment_history_eligible"": false, ""not_overextended"": true}",delinquency_count | utilization | credit_lines | income_inr | credit_age_months
0.0,0.7482421868311117,0.4097441256882119,9.0,,,undisclosed,give_me_some_credit,2600000.0,1945400.0,LIQ-000045,Increase 10%,0.1,2860000.0,0.06934067901738206,Moderate,2436350.0,2631350.0,109809.8061605992,118598.73722605237,58272.035268484644,0.29883095009479305,No reported delinquency in the harmonized source fields | High utilization with low estimated risk,"{""automatic_increases_enabled"": true, ""within_maximum_increase"": true, ""within_account_exposure"": true, ""within_expected_loss_ceiling"": true, ""meets_profitability_hurdle"": true, ""payment_history_eligible"": true, ""not_overextended"": true}",income_inr | credit_age_months
1.0,0.5475456534153857,,,,,asia,taiwan_credit,577000.0,315900.0,LIQ-000046,Manual review,0.0,577000.0,0.29534270925274025,High,511725.0,511725.0,98237.26113003303,98237.26113003303,0.0,0.0,Reported delinquency | Manual review required,"{""automatic_increases_enabled"": true, ""within_maximum_increase"": true, ""within_account_exposure"": true, ""within_expected_loss_ceiling"": false, ""meets_profitability_hurdle"": false, ""payment_history_eligible"": false, ""not_overextended"": true}",debt_to_income | credit_lines | income_inr | credit_age_months
0.0,0.3872831806638959,,,,,asia,taiwan_credit,2600000.0,1006900.0,LIQ-000047,Increase 10%,0.1,2860000.0,0.09409549680291023,Moderate,2201725.0,2396725.0,134662.0650039519,146588.66922372076,16111.805875443584,0.08262464551509531,No reported delinquency in the harmonized source fields,"{""automatic_increases_enabled"": true, ""within_maximum_increase"": true, ""within_account_exposure"": true, ""within_expected_loss_ceiling"": true, ""meets_profitability_hurdle"": true, ""payment_history_eligible"": true, ""not_overextended"": true}",debt_to_income | credit_lines | income_inr | credit_age_months
0.0,0.13648247287585558,,,,,asia,taiwan_credit,565000.0,77100.0,LIQ-000048,No change,0.0,565000.0,0.08984522120420647,Moderate,443025.0,443025.0,25872.391430595824,25872.391430595824,0.0,0.0,No reported delinquency in the harmonized source fields | Low utilization provides no evidence of additional need | Incremental return below profitability hurdle,"{""automatic_increases_enabled"": true, ""within_maximum_increase"": true, ""within_account_exposure"": true, ""within_expected_loss_ceiling"": true, ""meets_profitability_hurdle"": false, ""payment_history_eligible"": true, ""not_overextended"": true}",debt_to_income | credit_lines | income_inr | credit_age_months
0.0,0.19265249700339437,,,,,asia,taiwan_credit,843000.0,162400.0,LIQ-000049,No change,0.0,843000.0,0.08387241686507967,Moderate,672850.0,672850.0,36681.81119698476,36681.81119698476,0.0,0.0,No reported delinquency in the harmonized source fields | Low utilization provides no evidence of additional need | Incremental return below profitability hurdle,"{""automatic_increases_enabled"": true, ""within_maximum_increase"": true, ""within_account_exposure"": true, ""within_expected_loss_ceiling"": true, ""meets_profitability_hurdle"": false, ""payment_history_eligible"": true, ""not_overextended"": true}",debt_to_income | credit_lines | income_inr | credit_age_months
1.0,0.6402519610353078,,10.0,,61.895863807096624,undisclosed,fico_heloc,95000.0,60800.0,LIQ-000050,Manual review,0.0,95000.0,0.8198115179022826,Very high,86450.0,86450.0,46067.258719724014,46067.258719724014,0.0,0.0,Reported delinquency | Manual review required,"{""automatic_increases_enabled"": true, ""within_maximum_increase"": true, ""within_account_exposure"": true, ""within_expected_loss_ceiling"": false, ""meets_profitability_hurdle"": false, ""payment_history_eligible"": false, ""not_overextended"": true}",debt_to_income | income_inr
1.0,0.7814993215451123,,,,,asia,taiwan_credit,917000.0,716600.0,LIQ-000051,Manual review,0.0,917000.0,0.3228912743625141,Very high,866900.0,866900.0,181944.38973416126,181944.38973416126,0.0,0.0,Reported delinquency | Manual review required,"{""automatic_increases_enabled"": true, ""within_maximum_increase"": true, ""within_account_exposure"": true, ""within_expected_loss_ceiling"": false, ""meets_profitability_hurdle"": false, ""payment_history_eligible"": false, ""not_overextended"": true}",debt_to_income | credit_lines | income_inr | credit_age_months
,,0.24487412402242154,,,,undisclosed,home_credit,246000.0,42700.0,LIQ-000052,Manual review,0.0,246000.0,0.0822952082090523,Moderate,195175.0,195175.0,10440.278720431159,10440.278720431159,0.0,0.0,Insufficient behavioral history | Manual review required,"{""automatic_increases_enabled"": true, ""within_maximum_increase"": true, ""within_account_exposure"": true, ""within_expected_loss_ceiling"": true, ""meets_profitability_hurdle"": false, ""payment_history_eligible"": false, ""not_overextended"": true}",delinquency_count | utilization | credit_lines | income_inr | credit_age_months
0.0,0.9768337588402469,0.36487936010903416,6.0,1726992.7951045888,130.03470512281,north_america,lending_club_full,432000.0,422000.0,LIQ-000053,No change,0.0,432000.0,0.36012392624586,Very high,429500.0,429500.0,100537.59710968797,100537.59710968797,0.0,0.0,No reported delinquency in the harmonized source fields | Expected loss exceeds policy ceiling,"{""automatic_increases_enabled"": true, ""within_maximum_increase"": true, ""within_account_exposure"": true, ""within_expected_loss_ceiling"": false, ""meets_profitability_hurdle"": false, ""payment_history_eligible"": true, ""not_overextended"": true}",
1.0,0.7290777237731856,0.17139867474093015,6.0,,,undisclosed,give_me_some_credit,278000.0,202700.0,LIQ-000054,Manual review,0.0,278000.0,0.14894748615770256,Moderate,259175.0,259175.0,25092.25207119967,25092.25207119967,0.0,0.0,Reported delinquency | Manual review required,"{""automatic_increases_enabled"": true, ""within_maximum_increase"": true, ""within_account_exposure"": true, ""within_expected_loss_ceiling"": true, ""meets_profitability_hurdle"": false, ""payment_history_eligible"": false, ""not_overextended"": true}",income_inr | credit_age_months
0.0,0.25855699135617566,,,,,asia,taiwan_credit,431000.0,111400.0,LIQ-000055,Increase 30%,0.3,560300.0,0.08161477102789616,Moderate,351100.0,448075.0,18625.71497013132,23770.200043410972,1788.048939582939,0.018438246347851912,No reported delinquency in the harmonized source fields,"{""automatic_increases_enabled"": true, ""within_maximum_increase"": true, ""within_account_exposure"": true, ""within_expected_loss_ceiling"": true, ""meets_profitability_hurdle"": true, ""payment_history_eligible"": true, ""not_overextended"": true}",debt_to_income | credit_lines | income_inr | credit_age_months
0.0,0.9818596994308311,0.34867791560183814,12.0,1039638.2102226877,115.5960481346636,north_america,lending_club_full,260000.0,255300.0,LIQ-000056,No change,0.0,260000.0,0.35711083902508944,Very high,258825.0,258825.0,60078.988391934705,60078.988391934705,0.0,0.0,No reported delinquency in the harmonized source fields | Expected loss exceeds policy ceiling,"{""automatic_increases_enabled"": true, ""within_maximum_increase"": true, ""within_account_exposure"": true, ""within_expected_loss_ceiling"": false, ""meets_profitability_hurdle"": false, ""payment_history_eligible"": true, ""not_overextended"": true}",
0.0,0.9444721047409657,,8.0,,116.9529822199753,undisclosed,fico_heloc,291000.0,274800.0,LIQ-000057,No change,0.0,291000.0,0.7601201959048968,Very high,286950.0,286950.0,141775.7186396916,141775.7186396916,0.0,0.0,No reported delinquency in the harmonized source fields | Expected loss exceeds policy ceiling | Incremental return below profitability hurdle,"{""automatic_increases_enabled"": true, ""within_maximum_increase"": true, ""within_account_exposure"": true, ""within_expected_loss_ceiling"": false, ""meets_profitability_hurdle"": false, ""payment_history_eligible"": true, ""not_overextended"": true}",debt_to_income | income_inr
0.0,0.6850110206726864,0.4326578059166095,9.0,672294.3374733573,123.47332824969112,north_america,lending_club_full,168000.0,115100.0,LIQ-000058,No change,0.0,168000.0,0.38114421423412576,Very high,154775.0,154775.0,38344.53724275643,38344.53724275643,0.0,0.0,No reported delinquency in the harmonized source fields | Expected loss exceeds policy ceiling,"{""automatic_increases_enabled"": true, ""within_maximum_increase"": true, ""within_account_exposure"": true, ""within_expected_loss_ceiling"": false, ""meets_profitability_hurdle"": false, ""payment_history_eligible"": true, ""not_overextended"": true}",
,,0.4508279716986138,,,,undisclosed,home_credit,403000.0,107900.0,LIQ-000059,Manual review,0.0,403000.0,0.0816667968826516,Moderate,329225.0,329225.0,17476.388282399133,17476.388282399133,0.0,0.0,Insufficient behavioral history | Manual review required,"{""automatic_increases_enabled"": true, ""within_maximum_increase"": true, ""within_account_exposure"": true, ""within_expected_loss_ceiling"": true, ""meets_profitability_hurdle"": false, ""payment_history_eligible"": false, ""not_overextended"": true}",delinquency_count | utilization | credit_lines | income_inr | credit_age_months
,,0.2727372511300923,,,,undisclosed,home_credit,448000.0,201700.0,LIQ-000060,Manual review,0.0,448000.0,0.0822952082090523,Moderate,386425.0,386425.0,20670.601790918972,20670.601790918972,0.0,0.0,Insufficient behavioral history | Manual review required,"{""automatic_increases_enabled"": true, ""within_maximum_increase"": true, ""within_account_exposure"": true, ""within_expected_loss_ceiling"": true, ""meets_profitability_hurdle"": false, ""payment_history_eligible"": false, ""not_overextended"": true}",delinquency_count | utilization | credit_lines | income_inr | credit_age_months
0.0,0.5157985624639178,,,,,asia,taiwan_credit,2600000.0,1341100.0,LIQ-000061,Increase 10%,0.1,2860000.0,0.1063014666205821,Moderate,2285275.0,2480275.0,157903.254685378,171376.96557953677,28458.24009669044,0.14593969280354072,No reported delinquency in the harmonized source fields,"{""automatic_increases_enabled"": true, ""within_maximum_increase"": true, ""within_account_exposure"": true, ""within_expected_loss_ceiling"": true, ""meets_profitability_hurdle"": true, ""payment_history_eligible"": true, ""not_overextended"": true}",debt_to_income | credit_lines | income_inr | credit_age_months
,,0.17843399179062666,,,,undisclosed,home_credit,549000.0,151300.0,LIQ-000062,Manual review,0.0,549000.0,0.0811639070073911,Moderate,449575.0,449575.0,23718.021270351106,23718.021270351106,0.0,0.0,Insufficient behavioral history | Manual review required,"{""automatic_increases_enabled"": true, ""within_maximum_increase"": true, ""within_account_exposure"": true, ""within_expected_loss_ceiling"": true, ""meets_profitability_hurdle"": false, ""payment_history_eligible"": false, ""not_overextended"": true}",delinquency_count | utilization | credit_lines | income_inr | credit_age_months
,,0.04809564589146697,,,,undisclosed,home_credit,695000.0,77700.0,LIQ-000063,Manual review,0.0,695000.0,0.07099095578693908,Moderate,540675.0,540675.0,24948.972763067137,24948.972763067137,0.0,0.0,Insufficient behavioral history | Manual review required,"{""automatic_increases_enabled"": true, ""within_maximum_increase"": true, ""within_account_exposure"": true, ""within_expected_loss_ceiling"": true, ""meets_profitability_hurdle"": false, ""payment_history_eligible"": false, ""not_overextended"": true}",delinquency_count | utilization | credit_lines | income_inr | credit_age_months
0.0,0.6332809838507998,0.18193101060330952,5.0,,,undisclosed,give_me_some_credit,2600000.0,1646500.0,LIQ-000064,Increase 10%,0.1,2860000.0,0.05115527792627739,Moderate,2361625.0,2556625.0,78526.22910121914,85010.16057837481,48148.8091249866,0.24691696987172615,No reported delinquency in the harmonized source fields,"{""automatic_increases_enabled"": true, ""within_maximum_increase"": true, ""within_account_exposure"": true, ""within_expected_loss_ceiling"": true, ""meets_profitability_hurdle"": true, ""payment_history_eligible"": true, ""not_overextended"": true}",income_inr | credit_age_months
,,0.3031850902042757,,,,undisclosed,home_credit,462000.0,129500.0,LIQ-000065,Manual review,0.0,462000.0,0.08203099212858951,Moderate,378875.0,378875.0,20201.66989276758,20201.66989276758,0.0,0.0,Insufficient behavioral history | Manual review required,"{""automatic_increases_enabled"": true, ""within_maximum_increase"": true, ""within_account_exposure"": true, ""within_expected_loss_ceiling"": true, ""meets_profitability_hurdle"": false, ""payment_history_eligible"": false, ""not_overextended"": true}",delinquency_count | utilization | credit_lines | income_inr | credit_age_months
0.0,0.3099376915869027,,,,,asia,taiwan_credit,644000.0,199600.0,LIQ-000066,Increase 30%,0.3,837200.0,0.08497026202643028,Moderate,532900.0,677800.0,29432.424212025053,37435.34834098439,6572.16407670702,0.045356549873754454,No reported delinquency in the harmonized source fields,"{""automatic_increases_enabled"": true, ""within_maximum_increase"": true, ""within_account_exposure"": true, ""within_expected_loss_ceiling"": true, ""meets_profitability_hurdle"": true, ""payment_history_eligible"": true, ""not_overextended"": true}",debt_to_income | credit_lines | income_inr | credit_age_months
0.0,0.3026927869869274,,10.0,,216.34527675328584,undisclosed,fico_heloc,617000.0,186800.0,LIQ-000067,No change,0.0,617000.0,0.39017801849897876,Very high,509450.0,509450.0,129204.52449079807,129204.52449079807,0.0,0.0,No reported delinquency in the harmonized source fields | Expected loss exceeds policy ceiling | Incremental return below profitability hurdle,"{""automatic_increases_enabled"": true, ""within_maximum_increase"": true, ""within_account_exposure"": true, ""within_expected_loss_ceiling"": false, ""meets_profitability_hurdle"": false, ""payment_history_eligible"": true, ""not_overextended"": true}",debt_to_income | income_inr
1.0,0.6680702035401748,,9.0,,153.4805253411795,undisclosed,fico_heloc,1994000.0,1332100.0,LIQ-000068,Manual review,0.0,1994000.0,0.6931856480768555,Very high,1828525.0,1828525.0,823879.7366473258,823879.7366473258,0.0,0.0,Reported delinquency | Manual review required,"{""automatic_increases_enabled"": true, ""within_maximum_increase"": true, ""within_account_exposure"": true, ""within_expected_loss_ceiling"": false, ""meets_profitability_hurdle"": false, ""payment_history_eligible"": false, ""not_overextended"": true}",debt_to_income | income_inr
0.0,0.45629427823544655,,6.0,,267.93328145624605,undisclosed,fico_heloc,773000.0,352700.0,LIQ-000069,No change,0.0,773000.0,0.4303080338931999,Very high,667925.0,667925.0,186818.77079977508,186818.77079977508,0.0,0.0,No reported delinquency in the harmonized source fields | Expected loss exceeds policy ceiling | Incremental return below profitability hurdle,"{""automatic_increases_enabled"": true, ""within_maximum_increase"": true, ""within_account_exposure"": true, ""within_expected_loss_ceiling"": false, ""meets_profitability_hurdle"": false, ""payment_history_eligible"": true, ""not_overextended"": true}",debt_to_income | income_inr
0.0,1.081971305633252,0.2503851879368407,7.0,488649.7796903699,122.6541915044713,north_america,lending_club_full,122000.0,132000.0,LIQ-000070,No change,0.0,122000.0,0.3826529039844124,Very high,122000.0,122000.0,30344.375285963903,30344.375285963903,0.0,0.0,No reported delinquency in the harmonized source fields | Expected loss exceeds policy ceiling,"{""automatic_increases_enabled"": true, ""within_maximum_increase"": true, ""within_account_exposure"": true, ""within_expected_loss_ceiling"": false, ""meets_profitability_hurdle"": false, ""payment_history_eligible"": true, ""not_overextended"": true}",
,,0.2659281604399925,,,,undisclosed,home_credit,194000.0,72900.0,LIQ-000071,Manual review,0.0,194000.0,0.0822952082090523,Moderate,163725.0,163725.0,8757.958926617608,8757.958926617608,0.0,0.0,Insufficient behavioral history | Manual review required,"{""automatic_increases_enabled"": true, ""within_maximum_increase"": true, ""within_account_exposure"": true, ""within_expected_loss_ceiling"": true, ""meets_profitability_hurdle"": false, ""payment_history_eligible"": false, ""not_overextended"": true}",delinquency_count | utilization | credit_lines | income_inr | credit_age_months
,,0.08641727041071967,,,,undisclosed,home_credit,295000.0,63800.0,LIQ-000072,Manual review,0.0,295000.0,0.07307638764994355,Moderate,237200.0,237200.0,11266.917447868296,11266.917447868296,0.0,0.0,Insufficient behavioral history | Manual review required,"{""automatic_increases_enabled"": true, ""within_maximum_increase"": true, ""within_account_exposure"": true, ""within_expected_loss_ceiling"": true, ""meets_profitability_hurdle"": false, ""payment_history_eligible"": false, ""not_overextended"": true}",delinquency_count | utilization | credit_lines | income_inr | credit_age_months
,,0.2961169175364375,7.0,,,europe,south_german_credit,282000.0,101300.0,LIQ-000073,Manual review,0.0,282000.0,0.22282055997902614,High,236825.0,236825.0,34300.16142607137,34300.16142607137,0.0,0.0,Insufficient behavioral history | Manual review required,"{""automatic_increases_enabled"": true, ""within_maximum_increase"": true, ""within_account_exposure"": true, ""within_expected_loss_ceiling"": false, ""meets_profitability_hurdle"": false, ""payment_history_eligible"": false, ""not_overextended"": true}",delinquency_count | utilization | income_inr | credit_age_months
,,0.24899997568161,7.0,,,europe,south_german_credit,488000.0,283600.0,LIQ-000074,Manual review,0.0,488000.0,0.21718541879107756,High,436900.0,436900.0,61677.40115538417,61677.40115538417,0.0,0.0,Insufficient behavioral history | Manual review required,"{""automatic_increases_enabled"": true, ""within_maximum_increase"": true, ""within_account_exposure"": true, ""within_expected_loss_ceiling"": false, ""meets_profitability_hurdle"": false, ""payment_history_eligible"": false, ""not_overextended"": true}",delinquency_count | utilization | income_inr | credit_age_months
0.0,0.8528399195357628,,,,,asia,taiwan_credit,2600000.0,2217400.0,LIQ-000075,Increase 10%,0.1,2860000.0,0.13769992392818073,Moderate,2504350.0,2699350.0,224151.72291820063,241605.18827609753,60915.352663275335,0.3123864239142325,No reported delinquency in the harmonized source fields | High utilization with low estimated risk,"{""automatic_increases_enabled"": true, ""within_maximum_increase"": true, ""within_account_exposure"": true, ""within_expected_loss_ceiling"": true, ""meets_profitability_hurdle"": true, ""payment_history_eligible"": true, ""not_overextended"": true}",debt_to_income | credit_lines | income_inr | credit_age_months
,,0.14960973601740568,8.0,,,europe,south_german_credit,760000.0,169400.0,LIQ-000076,Manual review,0.0,760000.0,0.21483429202017112,High,612350.0,612350.0,85509.95616705867,85509.95616705867,0.0,0.0,Insufficient behavioral history | Manual review required,"{""automatic_increases_enabled"": true, ""within_maximum_increase"": true, ""within_account_exposure"": true, ""within_expected_loss_ceiling"": false, ""meets_profitability_hurdle"": false, ""payment_history_eligible"": false, ""not_overextended"": true}",delinquency_count | utilization | income_inr | credit_age_months
0.0,0.4405594845104203,0.05674732928825988,9.0,255515.14872125635,69.04459776991328,north_america,lending_club_full,64000.0,28200.0,LIQ-000077,No change,0.0,64000.0,0.2042841207549124,High,55050.0,55050.0,7309.7965509126525,7309.7965509126525,0.0,0.0,No reported delinquency in the harmonized source fields | Expected loss exceeds policy ceiling,"{""automatic_increases_enabled"": true, ""within_maximum_increase"": true, ""within_account_exposure"": true, ""within_expected_loss_ceiling"": false, ""meets_profitability_hurdle"": false, ""payment_history_eligible"": true, ""not_overextended"": true}",
0.0,0.5107492066680652,0.3357852517809999,7.0,,,undisclosed,give_me_some_credit,2600000.0,1327900.0,LIQ-000078,Increase 10%,0.1,2860000.0,0.034071734330933356,Low,2281975.0,2476975.0,50538.049867390575,54856.64219383637,37067.4829080254,0.19008965593859178,No reported delinquency in the harmonized source fields,"{""automatic_increases_enabled"": true, ""within_maximum_increase"": true, ""within_account_exposure"": true, ""within_expected_loss_ceiling"": true, ""meets_profitability_hurdle"": true, ""payment_history_eligible"": true, ""not_overextended"": true}",income_inr | credit_age_months
0.0,1.014644676084226,,8.0,,45.67339764512842,undisclosed,fico_heloc,321000.0,325700.0,LIQ-000079,No change,0.0,321000.0,0.8577959302256811,Very high,321000.0,321000.0,178979.12084158836,178979.12084158836,0.0,0.0,No reported delinquency in the harmonized source fields | Expected loss exceeds policy ceiling | Incremental return below profitability hurdle,"{""automatic_increases_enabled"": true, ""within_maximum_increase"": true, ""within_account_exposure"": true, ""within_expected_loss_ceiling"": false, ""meets_profitability_hurdle"": false, ""payment_history_eligible"": true, ""not_overextended"": true}",debt_to_income | income_inr
,,0.3025375980986328,,,,undisclosed,home_credit,202000.0,21900.0,LIQ-000080,Manual review,0.0,202000.0,0.08203099212858951,Moderate,156975.0,156975.0,8369.92974310047,8369.92974310047,0.0,0.0,Insufficient behavioral history | Manual review required,"{""automatic_increases_enabled"": true, ""within_maximum_increase"": true, ""within_account_exposure"": true, ""within_expected_loss_ceiling"": true, ""meets_profitability_hurdle"": false, ""payment_history_eligible"": false, ""not_overextended"": true}",delinquency_count | utilization | credit_lines | income_inr | credit_age_months
,,0.3114328910486131,,,,undisclosed,home_credit,154000.0,26000.0,LIQ-000081,Manual review,0.0,154000.0,0.08203099212858951,Moderate,122000.0,122000.0,6505.0576757971485,6505.0576757971485,0.0,0.0,Insufficient behavioral history | Manual review required,"{""automatic_increases_enabled"": true, ""within_maximum_increase"": true, ""within_account_exposure"": true, ""within_expected_loss_ceiling"": true, ""meets_profitability_hurdle"": false, ""payment_history_eligible"": false, ""not_overextended"": true}",delinquency_count | utilization | credit_lines | income_inr | credit_age_months
0.0,0.16608449212696597,,,,,asia,taiwan_credit,231000.0,38400.0,LIQ-000082,No change,0.0,231000.0,0.08768760650872998,Moderate,182850.0,182850.0,10421.89125257883,10421.89125257883,0.0,0.0,No reported delinquency in the harmonized source fields | Low utilization provides no evidence of additional need | Incremental return below profitability hurdle,"{""automatic_increases_enabled"": true, ""within_maximum_increase"": true, ""within_account_exposure"": true, ""within_expected_loss_ceiling"": true, ""meets_profitability_hurdle"": false, ""payment_history_eligible"": true, ""not_overextended"": true}",debt_to_income | credit_lines | income_inr | credit_age_months
,,0.2285487098957338,,,,undisclosed,home_credit,213000.0,136500.0,LIQ-000083,Manual review,0.0,213000.0,0.0822952082090523,Moderate,193875.0,193875.0,10370.73926949451,10370.73926949451,0.0,0.0,Insufficient behavioral history | Manual review required,"{""automatic_increases_enabled"": true, ""within_maximum_increase"": true, ""within_account_exposure"": true, ""within_expected_loss_ceiling"": true, ""meets_profitability_hurdle"": false, ""payment_history_eligible"": false, ""not_overextended"": true}",delinquency_count | utilization | credit_lines | income_inr | credit_age_months
1.0,0.9671365606551001,,7.0,,83.89726214212365,undisclosed,fico_heloc,352000.0,340400.0,LIQ-000084,Manual review,0.0,352000.0,0.7836242033923799,Very high,349100.0,349100.0,177816.0861127819,177816.0861127819,0.0,0.0,Reported delinquency | Manual review required,"{""automatic_increases_enabled"": true, ""within_maximum_increase"": true, ""within_account_exposure"": true, ""within_expected_loss_ceiling"": false, ""meets_profitability_hurdle"": false, ""payment_history_eligible"": false, ""not_overextended"": true}",debt_to_income | income_inr
0.0,0.9612030908329048,0.257233693004625,8.0,670592.8671568255,89.77833470507616,north_america,lending_club_full,168000.0,161500.0,LIQ-000085,No change,0.0,168000.0,0.2873993578137412,High,166375.0,166375.0,31080.444301569776,31080.444301569776,0.0,0.0,No reported delinquency in the harmonized source fields | Expected loss exceeds policy ceiling,"{""automatic_increases_enabled"": true, ""within_maximum_increase"": true, ""within_account_exposure"": true, ""within_expected_loss_ceiling"": false, ""meets_profitability_hurdle"": false, ""payment_history_eligible"": true, ""not_overextended"": true}",
1.0,0.36091961458535565,0.27685130250150586,8.0,,,undisclosed,give_me_some_credit,247000.0,89100.0,LIQ-000086,Manual review,0.0,247000.0,0.08576653566654291,Moderate,207525.0,207525.0,11569.155204229557,11569.155204229557,0.0,0.0,Reported delinquency | Manual review required,"{""automatic_increases_enabled"": true, ""within_maximum_increase"": true, ""within_account_exposure"": true, ""within_expected_loss_ceiling"": true, ""meets_profitability_hurdle"": false, ""payment_history_eligible"": false, ""not_overextended"": true}",income_inr | credit_age_months
1.0,0.627851364894249,,10.0,,296.07877995639285,undisclosed,fico_heloc,349000.0,219100.0,LIQ-000087,Manual review,0.0,349000.0,0.606137142609072,Very high,316525.0,316525.0,124707.41339181876,124707.41339181876,0.0,0.0,Reported delinquency | Manual review required,"{""automatic_increases_enabled"": true, ""within_maximum_increase"": true, ""within_account_exposure"": true, ""within_expected_loss_ceiling"": false, ""meets_profitability_hurdle"": false, ""payment_history_eligible"": false, ""not_overextended"": true}",debt_to_income | income_inr
0.0,0.3752151989315196,0.3018094783122492,12.0,,,undisclosed,give_me_some_credit,2600000.0,975600.0,LIQ-000088,Increase 10%,0.1,2860000.0,0.03028364565005957,Low,2193900.0,2388900.0,43185.5386245827,47023.990710727754,22895.312639943673,0.11741185969201884,No reported delinquency in the harmonized source fields,"{""automatic_increases_enabled"": true, ""within_maximum_increase"": true, ""within_account_exposure"": true, ""within_expected_loss_ceiling"": true, ""meets_profitability_hurdle"": true, ""payment_history_eligible"": true, ""not_overextended"": true}",income_inr | credit_age_months
0.0,0.5618830086653985,0.34987420099576005,7.0,,,undisclosed,give_me_some_credit,2600000.0,1460900.0,LIQ-000089,Increase 10%,0.1,2860000.0,0.043095334144173214,Low,2315225.0,2510225.0,64854.00674606323,70316.34034883718,41451.71469802494,0.21257289588730738,No reported delinquency in the harmonized source fields,"{""automatic_increases_enabled"": true, ""within_maximum_increase"": true, ""within_account_exposure"": true, ""within_expected_loss_ceiling"": true, ""meets_profitability_hurdle"": true, ""payment_history_eligible"": true, ""not_overextended"": true}",income_inr | credit_age_months
,,0.0842627145514656,,,,undisclosed,home_credit,385000.0,145200.0,LIQ-000090,Manual review,0.0,385000.0,0.07307638764994355,Moderate,325050.0,325050.0,15439.761873649199,15439.761873649199,0.0,0.0,Insufficient behavioral history | Manual review required,"{""automatic_increases_enabled"": true, ""within_maximum_increase"": true, ""within_account_exposure"": true, ""within_expected_loss_ceiling"": true, ""meets_profitability_hurdle"": false, ""payment_history_eligible"": false, ""not_overextended"": true}",delinquency_count | utilization | credit_lines | income_inr | credit_age_months
,,0.32056669513820585,5.0,,,europe,south_german_credit,405000.0,98300.0,LIQ-000091,Manual review,0.0,405000.0,0.22923083165079053,High,328325.0,328325.0,48920.438321134774,48920.438321134774,0.0,0.0,Insufficient behavioral history | Manual review required,"{""automatic_increases_enabled"": true, ""within_maximum_increase"": true, ""within_account_exposure"": true, ""within_expected_loss_ceiling"": false, ""meets_profitability_hurdle"": false, ""payment_history_eligible"": false, ""not_overextended"": true}",delinquency_count | utilization | income_inr | credit_age_months
0.0,0.1426583393776938,,10.0,,172.80680957702725,undisclosed,fico_heloc,311000.0,44400.0,LIQ-000092,No change,0.0,311000.0,0.2734045986089842,High,244350.0,244350.0,43424.16888556844,43424.16888556844,0.0,0.0,No reported delinquency in the harmonized source fields | Low utilization provides no evidence of additional need | Expected loss exceeds policy ceiling | Incremental return below profitability hurdle,"{""automatic_increases_enabled"": true, ""within_maximum_increase"": true, ""within_account_exposure"": true, ""within_expected_loss_ceiling"": false, ""meets_profitability_hurdle"": false, ""payment_history_eligible"": true, ""not_overextended"": true}",debt_to_income | income_inr
0.0,0.17958390040584202,0.09510500113221562,7.0,,,undisclosed,give_me_some_credit,479000.0,86000.0,LIQ-000093,Increase 30%,0.3,622700.0,0.012709626466804078,Low,380750.0,488525.0,3145.4736802031744,4035.8306753020506,2115.6136627443702,0.0196299110437891,No reported delinquency in the harmonized source fields | Low utilization provides no evidence of additional need,"{""automatic_increases_enabled"": true, ""within_maximum_increase"": true, ""within_account_exposure"": true, ""within_expected_loss_ceiling"": true, ""meets_profitability_hurdle"": true, ""payment_history_eligible"": true, ""not_overextended"": true}",income_inr | credit_age_months
1.0,0.7283315210121575,0.17078243106385294,11.0,,,undisclosed,give_me_some_credit,451000.0,328500.0,LIQ-000094,Manual review,0.0,451000.0,0.1573321219796229,High,420375.0,420375.0,42990.01900516958,42990.01900516958,0.0,0.0,Reported delinquency | Manual review required,"{""automatic_increases_enabled"": true, ""within_maximum_increase"": true, ""within_account_exposure"": true, ""within_expected_loss_ceiling"": true, ""meets_profitability_hurdle"": false, ""payment_history_eligible"": false, ""not_overextended"": true}",income_inr | credit_age_months
0.0,0.5373609916929025,,,,,asia,taiwan_credit,2600000.0,1397100.0,LIQ-000095,Increase 10%,0.1,2860000.0,0.10875872143211346,Moderate,2299275.0,2494275.0,162543.03599353475,176328.20393505512,30477.854148415936,0.15629668794059454,No reported delinquency in the harmonized source fields,"{""automatic_increases_enabled"": true, ""within_maximum_increase"": true, ""within_account_exposure"": true, ""within_expected_loss_ceiling"": true, ""meets_profitability_hurdle"": true, ""payment_history_eligible"": true, ""not_overextended"": true}",debt_to_income | credit_lines | income_inr | credit_age_months
0.0,0.6472778030224667,0.328788808100466,6.0,984699.7198577358,147.81532843374063,north_america,lending_club_full,246000.0,159200.0,LIQ-000096,No change,0.0,246000.0,0.33246063131842374,Very high,224300.0,224300.0,48471.09774306959,48471.09774306959,0.0,0.0,No reported delinquency in the harmonized source fields | Expected loss exceeds policy ceiling,"{""automatic_increases_enabled"": true, ""within_maximum_increase"": true, ""within_account_exposure"": true, ""within_expected_loss_ceiling"": false, ""meets_profitability_hurdle"": false, ""payment_history_eligible"": true, ""not_overextended"": true}",
,,0.28633987544195183,,,,undisclosed,home_credit,301000.0,87100.0,LIQ-000097,Manual review,0.0,301000.0,0.08215167347213541,Moderate,247525.0,247525.0,13217.485434523705,13217.485434523705,0.0,0.0,Insufficient behavioral history | Manual review required,"{""automatic_increases_enabled"": true, ""within_maximum_increase"": true, ""within_account_exposure"": true, ""within_expected_loss_ceiling"": true, ""meets_profitability_hurdle"": false, ""payment_history_eligible"": false, ""not_overextended"": true}",delinquency_count | utilization | credit_lines | income_inr | credit_age_months
0.0,0.6974423201296456,0.3391924606875813,8.0,,,undisclosed,give_me_some_credit,2600000.0,1813400.0,LIQ-000098,Increase 10%,0.1,2860000.0,0.0577245327891362,Moderate,2403350.0,2598350.0,90175.96632120083,97492.55085222384,54252.50981355272,0.27821799904386013,No reported delinquency in the harmonized source fields | High utilization with low estimated risk,"{""automatic_increases_enabled"": true, ""within_maximum_increase"": true, ""within_account_exposure"": true, ""within_expected_loss_ceiling"": true, ""meets_profitability_hurdle"": true, ""payment_history_eligible"": true, ""not_overextended"": true}",income_inr | credit_age_months
0.0,0.1809254486328869,0.3997726394357745,9.0,,,undisclosed,give_me_some_credit,344000.0,62200.0,LIQ-000099,Increase 30%,0.3,447200.0,0.014409852628618403,Low,273550.0,350950.0,2562.1798712630666,3287.1395570088584,1440.652633342621,0.018613083118121716,No reported delinquency in the harmonized source fields | Low utilization provides no evidence of additional need,"{""automatic_increases_enabled"": true, ""within_maximum_increase"": true, ""within_account_exposure"": true, ""within_expected_loss_ceiling"": true, ""meets_profitability_hurdle"": true, ""payment_history_eligible"": true, ""not_overextended"": true}",income_inr | credit_age_months
0.0,0.7955429448726907,,,,,asia,taiwan_credit,2600000.0,2068400.0,LIQ-000100,Increase 10%,0.1,2860000.0,0.13595323512777227,Moderate,2467100.0,2662100.0,218016.64714942253,235248.71970186767,54942.484131851714,0.2817563288812908,No reported delinquency in the harmonized source fields | High utilization with low estimated risk,"{""automatic_increases_enabled"": true, ""within_maximum_increase"": true, ""within_account_exposure"": true, ""within_expected_loss_ceiling"": true, ""meets_profitability_hurdle"": true, ""payment_history_eligible"": true, ""not_overextended"": true}",debt_to_income | credit_lines | income_inr | credit_age_months
0.0,0.23940038428027385,,,,,asia,taiwan_credit,150000.0,35900.0,LIQ-000101,No change,0.0,150000.0,0.08127839211953607,Moderate,121475.0,121475.0,6417.640243768419,6417.640243768419,0.0,0.0,No reported delinquency in the harmonized source fields | Incremental return below profitability hurdle,"{""automatic_increases_enabled"": true, ""within_maximum_increase"": true, ""within_account_exposure"": true, ""within_expected_loss_ceiling"": true, ""meets_profitability_hurdle"": false, ""payment_history_eligible"": true, ""not_overextended"": true}",debt_to_income | credit_lines | income_inr | credit_age_months
1.0,0.1186741870644769,,6.0,,135.47992697206845,undisclosed,fico_heloc,591000.0,70100.0,LIQ-000102,Manual review,0.0,591000.0,0.5517549778624069,Very high,460775.0,460775.0,165252.68495095786,165252.68495095786,0.0,0.0,Reported delinquency | Manual review required,"{""automatic_increases_enabled"": true, ""within_maximum_increase"": true, ""within_account_exposure"": true, ""within_expected_loss_ceiling"": false, ""meets_profitability_hurdle"": false, ""payment_history_eligible"": false, ""not_overextended"": true}",debt_to_income | income_inr
0.0,0.4180188105437367,,,,,asia,taiwan_credit,2500000.0,1045000.0,LIQ-000103,Increase 20%,0.2,3000000.0,0.0959617940195176,Moderate,2136250.0,2511250.0,133248.9486082264,156639.63590048382,37085.42341978545,0.0988944624527612,No reported delinquency in the harmonized source fields,"{""automatic_increases_enabled"": true, ""within_maximum_increase"": true, ""within_account_exposure"": true, ""within_expected_loss_ceiling"": true, ""meets_profitability_hurdle"": true, ""payment_history_eligible"": true, ""not_overextended"": true}",debt_to_income | credit_lines | income_inr | credit_age_months
2.0,0.8108421686691218,0.14963381689560737,6.0,881799.1805637561,91.61193995367253,north_america,lending_club_full,220000.0,178400.0,LIQ-000104,Freeze automatic increases,0.0,220000.0,0.24293537622141878,High,209600.0,209600.0,33097.515656406096,33097.515656406096,0.0,0.0,Repeated delinquency,"{""automatic_increases_enabled"": true, ""within_maximum_increase"": true, ""within_account_exposure"": true, ""within_expected_loss_ceiling"": false, ""meets_profitability_hurdle"": false, ""payment_history_eligible"": false, ""not_overextended"": true}",
,,0.46503376944092256,6.0,,,europe,south_german_credit,611000.0,289500.0,LIQ-000105,Manual review,0.0,611000.0,0.22701591571638202,High,530625.0,530625.0,78299.20818005339,78299.20818005339,0.0,0.0,Insufficient behavioral history | Manual review required,"{""automatic_increases_enabled"": true, ""within_maximum_increase"": true, ""within_account_exposure"": true, ""within_expected_loss_ceiling"": false, ""meets_profitability_hurdle"": false, ""payment_history_eligible"": false, ""not_overextended"": true}",delinquency_count | utilization | income_inr | credit_age_months
,,0.11174359046034643,,,,undisclosed,home_credit,472000.0,179300.0,LIQ-000106,Manual review,0.0,472000.0,0.07639291007214889,Moderate,398825.0,398825.0,19803.81153369111,19803.81153369111,0.0,0.0,Insufficient behavioral history | Manual review required,"{""automatic_increases_enabled"": true, ""within_maximum_increase"": true, ""within_account_exposure"": true, ""within_expected_loss_ceiling"": true, ""meets_profitability_hurdle"": false, ""payment_history_eligible"": false, ""not_overextended"": true}",delinquency_count | utilization | credit_lines | income_inr | credit_age_months
0.0,0.8538952067280305,,,,,asia,taiwan_credit,2500000.0,2134700.0,LIQ-000107,Increase 20%,0.2,3000000.0,0.13769992392818073,Moderate,2408675.0,2783675.0,215588.33677401196,249152.693231506,117530.45702126349,0.31341455205670266,No reported delinquency in the harmonized source fields | High utilization with low estimated risk,"{""automatic_increases_enabled"": true, ""within_maximum_increase"": true, ""within_account_exposure"": true, ""within_expected_loss_ceiling"": true, ""meets_profitability_hurdle"": true, ""payment_history_eligible"": true, ""not_overextended"": true}",debt_to_income | credit_lines | income_inr | credit_age_months
0.0,0.8676323975916863,0.2206808907355486,4.0,,,undisclosed,give_me_some_credit,2500000.0,2169100.0,LIQ-000108,Increase 20%,0.2,3000000.0,0.07156293440416027,Moderate,2417275.0,2792275.0,112441.73997018073,129885.20523119479,136507.31019829752,0.36401949386212673,No reported delinquency in the harmonized source fields | High utilization with low estimated risk,"{""automatic_increases_enabled"": true, ""within_maximum_increase"": true, ""within_account_exposure"": true, ""within_expected_loss_ceiling"": true, ""meets_profitability_hurdle"": true, ""payment_history_eligible"": true, ""not_overextended"": true}",income_inr | credit_age_months
,,0.30079424114585035,8.0,,,europe,south_german_credit,325000.0,195400.0,LIQ-000109,Manual review,0.0,325000.0,0.22072231523695204,High,292600.0,292600.0,41979.17713491591,41979.17713491591,0.0,0.0,Insufficient behavioral history | Manual review required,"{""automatic_increases_enabled"": true, ""within_maximum_increase"": true, ""within_account_exposure"": true, ""within_expected_loss_ceiling"": false, ""meets_profitability_hurdle"": false, ""payment_history_eligible"": false, ""not_overextended"": true}",delinquency_count | utilization | income_inr | credit_age_months
0.0,0.30850461686359465,0.20668732281209873,8.0,,,undisclosed,give_me_some_credit,771000.0,237900.0,LIQ-000110,Increase 30%,0.3,1002300.0,0.019370912927029544,Low,637725.0,811200.0,8029.655040153446,10213.894968164139,15162.799686721759,0.08740625269763228,No reported delinquency in the harmonized source fields,"{""automatic_increases_enabled"": true, ""within_maximum_increase"": true, ""within_account_exposure"": true, ""within_expected_loss_ceiling"": true, ""meets_profitability_hurdle"": true, ""payment_history_eligible"": true, ""not_overextended"": true}",income_inr | credit_age_months
0.0,0.4401424473028057,0.34090293814404277,3.0,1339865.6103700486,149.9011746675024,north_america,lending_club_full,335000.0,147400.0,LIQ-000111,No change,0.0,335000.0,0.3572411004407756,Very high,288100.0,288100.0,66898.75467404185,66898.75467404185,0.0,0.0,No reported delinquency in the harmonized source fields | Expected loss exceeds policy ceiling | Incremental return below profitability hurdle,"{""automatic_increases_enabled"": true, ""within_maximum_increase"": true, ""within_account_exposure"": true, ""within_expected_loss_ceiling"": false, ""meets_profitability_hurdle"": false, ""payment_history_eligible"": true, ""not_overextended"": true}",
1.0,0.40608414487139394,,,,,asia,taiwan_credit,127000.0,51600.0,LIQ-000112,Manual review,0.0,127000.0,0.27618898194475444,High,108150.0,108150.0,19415.39495826138,19415.39495826138,0.0,0.0,Reported delinquency | Manual review required,"{""automatic_increases_enabled"": true, ""within_maximum_increase"": true, ""within_account_exposure"": true, ""within_expected_loss_ceiling"": false, ""meets_profitability_hurdle"": false, ""payment_history_eligible"": false, ""not_overextended"": true}",debt_to_income | credit_lines | income_inr | credit_age_months
0.0,0.8703229050862702,,11.0,,89.57259757610768,undisclosed,fico_heloc,233000.0,202800.0,LIQ-000113,No change,0.0,233000.0,0.7807869126189985,Very high,225450.0,225450.0,114418.46614246958,114418.46614246958,0.0,0.0,No reported delinquency in the harmonized source fields | Expected loss exceeds policy ceiling | Incremental return below profitability hurdle,"{""automatic_increases_enabled"": true, ""within_maximum_increase"": true, ""within_account_exposure"": true, ""within_expected_loss_ceiling"": false, ""meets_profitability_hurdle"": false, ""payment_history_eligible"": true, ""not_overextended"": true}",debt_to_income | income_inr
0.0,0.7584952355211276,0.2544382886290111,9.0,223589.8895019475,251.527352860275,north_america,lending_club_full,56000.0,42500.0,LIQ-000114,No change,0.0,56000.0,0.3241654310598732,Very high,52625.0,52625.0,11088.48377619179,11088.48377619179,0.0,0.0,No reported delinquency in the harmonized source fields | Expected loss exceeds policy ceiling,"{""automatic_increases_enabled"": true, ""within_maximum_increase"": true, ""within_account_exposure"": true, ""within_expected_loss_ceiling"": false, ""meets_profitability_hurdle"": false, ""payment_history_eligible"": true, ""not_overextended"": true}",
1.0,0.5017245488062815,0.21308932410131473,8.0,,,undisclosed,give_me_some_credit,253000.0,126900.0,LIQ-000115,Manual review,0.0,253000.0,0.0950834091541648,Moderate,221475.0,221475.0,13688.088727572123,13688.088727572123,0.0,0.0,Reported delinquency | Manual review required,"{""automatic_increases_enabled"": true, ""within_maximum_increase"": true, ""within_account_exposure"": true, ""within_expected_loss_ceiling"": true, ""meets_profitability_hurdle"": false, ""payment_history_eligible"": false, ""not_overextended"": true}",income_inr | credit_age_months
0.0,0.7504001242676082,,8.0,,214.1475414829511,undisclosed,fico_heloc,532000.0,399200.0,LIQ-000116,No change,0.0,532000.0,0.6419687018776468,Very high,498800.0,498800.0,208139.09252277063,208139.09252277063,0.0,0.0,No reported delinquency in the harmonized source fields | Expected loss exceeds policy ceiling | Incremental return below profitability hurdle,"{""automatic_increases_enabled"": true, ""within_maximum_increase"": true, ""within_account_exposure"": true, ""within_expected_loss_ceiling"": false, ""meets_profitability_hurdle"": false, ""payment_history_eligible"": true, ""not_overextended"": true}",debt_to_income | income_inr
0.0,1.028325115718062,,5.0,,79.21962115424708,undisclosed,fico_heloc,710000.0,730100.0,LIQ-000117,No change,0.0,710000.0,0.8212795584715029,Very high,710000.0,710000.0,379020.5162345986,379020.5162345986,0.0,0.0,No reported delinquency in the harmonized source fields | Expected loss exceeds policy ceiling | Incremental return below profitability hurdle,"{""automatic_increases_enabled"": true, ""within_maximum_increase"": true, ""within_account_exposure"": true, ""within_expected_loss_ceiling"": false, ""meets_profitability_hurdle"": false, ""payment_history_eligible"": true, ""not_overextended"": true}",debt_to_income | income_inr
,,0.30834008010441505,9.0,,,europe,south_german_credit,420000.0,250700.0,LIQ-000118,Manual review,0.0,420000.0,0.2192351034296501,High,377675.0,377675.0,53819.75149706552,53819.75149706552,0.0,0.0,Insufficient behavioral history | Manual review required,"{""automatic_increases_enabled"": true, ""within_maximum_increase"": true, ""within_account_exposure"": true, ""within_expected_loss_ceiling"": false, ""meets_profitability_hurdle"": false, ""payment_history_eligible"": false, ""not_overextended"": true}",delinquency_count | utilization | income_inr | credit_age_months
1.0,0.9414233020938,0.4032644014948738,9.0,,,undisclosed,give_me_some_credit,504000.0,474500.0,LIQ-000119,Manual review,0.0,504000.0,0.18771544964661255,High,496625.0,496625.0,60595.72036748683,60595.72036748683,0.0,0.0,Reported delinquency | Manual review required,"{""automatic_increases_enabled"": true, ""within_maximum_increase"": true, ""within_account_exposure"": true, ""within_expected_loss_ceiling"": false, ""meets_profitability_hurdle"": false, ""payment_history_eligible"": false, ""not_overextended"": true}",income_inr | credit_age_months
,,0.2732427727121851,,,,undisclosed,home_credit,418000.0,119400.0,LIQ-000120,Manual review,0.0,418000.0,0.0822952082090523,Moderate,343350.0,343350.0,18366.43883007577,18366.43883007577,0.0,0.0,Insufficient behavioral history | Manual review required,"{""automatic_increases_enabled"": true, ""within_maximum_increase"": true, ""within_account_exposure"": true, ""within_expected_loss_ceiling"": true, ""meets_profitability_hurdle"": false, ""payment_history_eligible"": false, ""not_overextended"": true}",delinquency_count | utilization | credit_lines | income_inr | credit_age_months
1.0,0.24343049120975063,0.18112436138148047,8.0,,,undisclosed,give_me_some_credit,352000.0,85700.0,LIQ-000121,Manual review,0.0,352000.0,0.061609994800356456,Moderate,285425.0,285425.0,11430.271297829633,11430.271297829633,0.0,0.0,Reported delinquency | Manual review required,"{""automatic_increases_enabled"": true, ""within_maximum_increase"": true, ""within_account_exposure"": true, ""within_expected_loss_ceiling"": true, ""meets_profitability_hurdle"": false, ""payment_history_eligible"": false, ""not_overextended"": true}",income_inr | credit_age_months
0.0,0.7207016074846472,0.1163646897367766,4.0,,,undisclosed,give_me_some_credit,2500000.0,1801800.0,LIQ-000122,Increase 20%,0.2,3000000.0,0.05681038502369942,Moderate,2325450.0,2700450.0,85871.31140468518,99718.84275421192,109556.33284653141,0.29215022092408377,No reported delinquency in the harmonized source fields | High utilization with low estimated risk,"{""automatic_increases_enabled"": true, ""within_maximum_increase"": true, ""within_account_exposure"": true, ""within_expected_loss_ceiling"": true, ""meets_profitability_hurdle"": true, ""payment_history_eligible"": true, ""not_overextended"": true}",income_inr | credit_age_months
0.0,0.35464670685064564,0.09857516079896828,7.0,,,undisclosed,give_me_some_credit,2500000.0,886600.0,LIQ-000123,Increase 20%,0.2,3000000.0,0.0280647154738263,Low,2096650.0,2471650.0,38247.22570382865,45088.00010057381,40460.275957504055,0.10789406922001081,No reported delinquency in the harmonized source fields,"{""automatic_increases_enabled"": true, ""within_maximum_increase"": true, ""within_account_exposure"": true, ""within_expected_loss_ceiling"": true, ""meets_profitability_hurdle"": true, ""payment_history_eligible"": true, ""not_overextended"": true}",income_inr | credit_age_months
,,0.6903891867025886,9.0,,,europe,south_german_credit,145000.0,27100.0,LIQ-000124,Manual review,0.0,145000.0,0.2299305181263638,High,115525.0,115525.0,17265.770019256317,17265.770019256317,0.0,0.0,Insufficient behavioral history | Manual review required,"{""automatic_increases_enabled"": true, ""within_maximum_increase"": true, ""within_account_exposure"": true, ""within_expected_loss_ceiling"": false, ""meets_profitability_hurdle"": false, ""payment_history_eligible"": false, ""not_overextended"": false}",delinquency_count | utilization | income_inr | credit_age_months
1.0,0.23681849969089988,0.3927562123288212,10.0,,,undisclosed,give_me_some_credit,318000.0,75300.0,LIQ-000125,Manual review,0.0,318000.0,0.0647283534750233,Moderate,257325.0,257325.0,10826.545312674243,10826.545312674243,0.0,0.0,Reported delinquency | Manual review required,"{""automatic_increases_enabled"": true, ""within_maximum_increase"": true, ""within_account_exposure"": true, ""within_expected_loss_ceiling"": true, ""meets_profitability_hurdle"": false, ""payment_history_eligible"": false, ""not_overextended"": true}",income_inr | credit_age_months
,,0.18940209694777377,,,,undisclosed,home_credit,407000.0,97800.0,LIQ-000126,Manual review,0.0,407000.0,0.08168123091129671,Moderate,329700.0,329700.0,17504.696190445444,17504.696190445444,0.0,0.0,Insufficient behavioral history | Manual review required,"{""automatic_increases_enabled"": true, ""within_maximum_increase"": true, ""within_account_exposure"": true, ""within_expected_loss_ceiling"": true, ""meets_profitability_hurdle"": false, ""payment_history_eligible"": false, ""not_overextended"": true}",delinquency_count | utilization | credit_lines | income_inr | credit_age_months
0.0,0.6654189056639405,0.4418344487207479,7.0,,,undisclosed,give_me_some_credit,2500000.0,1663500.0,LIQ-000127,Increase 20%,0.2,3000000.0,0.05527983083315809,Moderate,2290875.0,2665875.0,82315.46859894219,95789.92736452447,98436.13172195094,0.2624963512585358,No reported delinquency in the harmonized source fields | High utilization with low estimated risk,"{""automatic_increases_enabled"": true, ""within_maximum_increase"": true, ""within_account_exposure"": true, ""within_expected_loss_ceiling"": true, ""meets_profitability_hurdle"": true, ""payment_history_eligible"": true, ""not_overextended"": true}",income_inr | credit_age_months
,,0.4670834621268814,14.0,,,europe,south_german_credit,367000.0,164900.0,LIQ-000128,Manual review,0.0,367000.0,0.1950112566501606,High,316475.0,316475.0,40115.52184143373,40115.52184143373,0.0,0.0,Insufficient behavioral history | Manual review required,"{""automatic_increases_enabled"": true, ""within_maximum_increase"": true, ""within_account_exposure"": true, ""within_expected_loss_ceiling"": false, ""meets_profitability_hurdle"": false, ""payment_history_eligible"": false, ""not_overextended"": true}",delinquency_count | utilization | income_inr | credit_age_months
0.0,1.0428214634572075,,9.0,,109.77042754610339,undisclosed,fico_heloc,198000.0,206500.0,LIQ-000129,No change,0.0,198000.0,0.8000275952551409,Very high,198000.0,198000.0,102963.55150933664,102963.55150933664,0.0,0.0,No reported delinquency in the harmonized source fields | Expected loss exceeds policy ceiling | Incremental return below profitability hurdle,"{""automatic_increases_enabled"": true, ""within_maximum_increase"": true, ""within_account_exposure"": true, ""within_expected_loss_ceiling"": false, ""meets_profitability_hurdle"": false, ""payment_history_eligible"": true, ""not_overextended"": true}",debt_to_income | income_inr
1.0,0.6779867478723246,,,,,asia,taiwan_credit,175000.0,118600.0,LIQ-000130,Manual review,0.0,175000.0,0.3105961556437897,Very high,160900.0,160900.0,32483.698938005746,32483.698938005746,0.0,0.0,Reported delinquency | Manual review required,"{""automatic_increases_enabled"": true, ""within_maximum_increase"": true, ""within_account_exposure"": true, ""within_expected_loss_ceiling"": false, ""meets_profitability_hurdle"": false, ""payment_history_eligible"": false, ""not_overextended"": true}",debt_to_income | credit_lines | income_inr | credit_age_months
0.0,1.0436964199121184,,12.0,,101.99568377893338,undisclosed,fico_heloc,233000.0,243200.0,LIQ-000131,No change,0.0,233000.0,0.803996747040233,Very high,233000.0,233000.0,121765.3073392433,121765.3073392433,0.0,0.0,No reported delinquency in the harmonized source fields | Expected loss exceeds policy ceiling | Incremental return below profitability hurdle,"{""automatic_increases_enabled"": true, ""within_maximum_increase"": true, ""within_account_exposure"": true, ""within_expected_loss_ceiling"": false, ""meets_profitability_hurdle"": false, ""payment_history_eligible"": true, ""not_overextended"": true}",debt_to_income | income_inr
0.0,0.35674653370862447,0.30179102082022125,6.0,1606934.4617473707,103.83568523322074,north_america,lending_club_full,402000.0,143400.0,LIQ-000132,No change,0.0,402000.0,0.2669812741924258,High,337350.0,337350.0,58542.98635172965,58542.98635172965,0.0,0.0,No reported delinquency in the harmonized source fields | Expected loss exceeds policy ceiling | Incremental return below profitability hurdle,"{""automatic_increases_enabled"": true, ""within_maximum_increase"": true, ""within_account_exposure"": true, ""within_expected_loss_ceiling"": false, ""meets_profitability_hurdle"": false, ""payment_history_eligible"": true, ""not_overextended"": true}",
0.0,0.11111374060599535,0.6889986403243873,10.0,964608.6420208192,245.16408632317098,north_america,lending_club_full,241000.0,26800.0,LIQ-000133,Manual review,0.0,241000.0,0.2976708423840984,High,187450.0,187450.0,36268.95961318451,36268.95961318451,0.0,0.0,Customer-overextension safeguard | Manual review required,"{""automatic_increases_enabled"": true, ""within_maximum_increase"": true, ""within_account_exposure"": true, ""within_expected_loss_ceiling"": false, ""meets_profitability_hurdle"": false, ""payment_history_eligible"": true, ""not_overextended"": false}",
0.0,0.7536634908711386,0.0866338880377556,12.0,,,undisclosed,give_me_some_credit,2500000.0,1884200.0,LIQ-000134,Increase 20%,0.2,3000000.0,0.0821291478501765,Moderate,2346050.0,2721050.0,125241.40675403927,145260.3865425198,110237.65996362921,0.29396709323634457,No reported delinquency in the harmonized source fields | High utilization with low estimated risk,"{""automatic_increases_enabled"": true, ""within_maximum_increase"": true, ""within_account_exposure"": true, ""within_expected_loss_ceiling"": true, ""meets_profitability_hurdle"": true, ""payment_history_eligible"": true, ""not_overextended"": true}",income_inr | credit_age_months
1.0,0.3276497092748317,,,,,asia,taiwan_credit,595000.0,195000.0,LIQ-000135,Manual review,0.0,595000.0,0.2683522449253723,High,495000.0,495000.0,86342.33480473855,86342.33480473855,0.0,0.0,Reported delinquency | Manual review required,"{""automatic_increases_enabled"": true, ""within_maximum_increase"": true, ""within_account_exposure"": true, ""within_expected_loss_ceiling"": false, ""meets_profitability_hurdle"": false, ""payment_history_eligible"": false, ""not_overextended"": true}",debt_to_income | credit_lines | income_inr | credit_age_months
0.0,0.3839436765582054,,5.0,,139.67482061569604,undisclosed,fico_heloc,262000.0,100600.0,LIQ-000136,No change,0.0,262000.0,0.5431430607521857,Very high,221650.0,221650.0,78251.97862021928,78251.97862021928,0.0,0.0,No reported delinquency in the harmonized source fields | Expected loss exceeds policy ceiling | Incremental return below profitability hurdle,"{""automatic_increases_enabled"": true, ""within_maximum_increase"": true, ""within_account_exposure"": true, ""within_expected_loss_ceiling"": false, ""meets_profitability_hurdle"": false, ""payment_history_eligible"": true, ""not_overextended"": true}",debt_to_income | income_inr
1.0,0.6029339754066232,,,,,asia,taiwan_credit,269000.0,162200.0,LIQ-000137,Manual review,0.0,269000.0,0.3056010065120256,Very high,242300.0,242300.0,48130.63052061148,48130.63052061148,0.0,0.0,Reported delinquency | Manual review required,"{""automatic_increases_enabled"": true, ""within_maximum_increase"": true, ""within_account_exposure"": true, ""within_expected_loss_ceiling"": false, ""meets_profitability_hurdle"": false, ""payment_history_eligible"": false, ""not_overextended"": true}",debt_to_income | credit_lines | income_inr | credit_age_months
0.0,0.7170853882351896,,,,,asia,taiwan_credit,2500000.0,1792700.0,LIQ-000138,Increase 20%,0.2,3000000.0,0.12738217430479962,Moderate,2323175.0,2698175.0,192355.20381385935,223404.60880065427,91602.647227301,0.24427372593946933,No reported delinquency in the harmonized source fields | High utilization with low estimated risk,"{""automatic_increases_enabled"": true, ""within_maximum_increase"": true, ""within_account_exposure"": true, ""within_expected_loss_ceiling"": true, ""meets_profitability_hurdle"": true, ""payment_history_eligible"": true, ""not_overextended"": true}",debt_to_income | credit_lines | income_inr | credit_age_months
,,0.19587911382864223,,,,undisclosed,home_credit,122000.0,68000.0,LIQ-000139,Manual review,0.0,122000.0,0.08187638061235418,Moderate,108500.0,108500.0,5774.331742686279,5774.331742686279,0.0,0.0,Insufficient behavioral history | Manual review required,"{""automatic_increases_enabled"": true, ""within_maximum_increase"": true, ""within_account_exposure"": true, ""within_expected_loss_ceiling"": true, ""meets_profitability_hurdle"": false, ""payment_history_eligible"": false, ""not_overextended"": true}",delinquency_count | utilization | credit_lines | income_inr | credit_age_months
,,0.21924111787544104,,,,undisclosed,home_credit,807000.0,157100.0,LIQ-000140,Manual review,0.0,807000.0,0.0822952082090523,Moderate,644525.0,644525.0,34476.85739611063,34476.85739611063,0.0,0.0,Insufficient behavioral history | Manual review required,"{""automatic_increases_enabled"": true, ""within_maximum_increase"": true, ""within_account_exposure"": true, ""within_expected_loss_ceiling"": true, ""meets_profitability_hurdle"": false, ""payment_history_eligible"": false, ""not_overextended"": true}",delinquency_count | utilization | credit_lines | income_inr | credit_age_months
,,0.7396797112388273,6.0,,,europe,south_german_credit,1026000.0,87200.0,LIQ-000141,Manual review,0.0,1026000.0,0.23074756265729146,High,791300.0,791300.0,118683.85511496458,118683.85511496458,0.0,0.0,Insufficient behavioral history | Manual review required,"{""automatic_increases_enabled"": true, ""within_maximum_increase"": true, ""within_account_exposure"": true, ""within_expected_loss_ceiling"": false, ""meets_profitability_hurdle"": false, ""payment_history_eligible"": false, ""not_overextended"": false}",delinquency_count | utilization | income_inr | credit_age_months
,,0.16560046014464075,,,,undisclosed,home_credit,576000.0,130800.0,LIQ-000142,Manual review,0.0,576000.0,0.0812692028104184,Moderate,464700.0,464700.0,24547.76905490093,24547.76905490093,0.0,0.0,Insufficient behavioral history | Manual review required,"{""automatic_increases_enabled"": true, ""within_maximum_increase"": true, ""within_account_exposure"": true, ""within_expected_loss_ceiling"": true, ""meets_profitability_hurdle"": false, ""payment_history_eligible"": false, ""not_overextended"": true}",delinquency_count | utilization | credit_lines | income_inr | credit_age_months
1.0,1.041238087238268,0.28724712272280156,4.0,1633785.5531061916,78.68680929949628,north_america,lending_club_full,408000.0,424800.0,LIQ-000143,Manual review,0.0,408000.0,0.35909814482303976,Very high,408000.0,408000.0,95232.82800707014,95232.82800707014,0.0,0.0,Reported delinquency | Manual review required,"{""automatic_increases_enabled"": true, ""within_maximum_increase"": true, ""within_account_exposure"": true, ""within_expected_loss_ceiling"": false, ""meets_profitability_hurdle"": false, ""payment_history_eligible"": false, ""not_overextended"": true}",
,,0.22680252710222076,,,,undisclosed,home_credit,885000.0,152500.0,LIQ-000144,Manual review,0.0,885000.0,0.0822952082090523,Moderate,701875.0,701875.0,37544.61702012358,37544.61702012358,0.0,0.0,Insufficient behavioral history | Manual review required,"{""automatic_increases_enabled"": true, ""within_maximum_increase"": true, ""within_account_exposure"": true, ""within_expected_loss_ceiling"": true, ""meets_profitability_hurdle"": false, ""payment_history_eligible"": false, ""not_overextended"": true}",delinquency_count | utilization | credit_lines | income_inr | credit_age_months
0.0,0.6412554629326874,,8.0,,111.48077096895138,undisclosed,fico_heloc,284000.0,182100.0,LIQ-000145,No change,0.0,284000.0,0.7350278540048758,Very high,258525.0,258525.0,123514.99937179685,123514.99937179685,0.0,0.0,No reported delinquency in the harmonized source fields | Expected loss exceeds policy ceiling | Incremental return below profitability hurdle,"{""automatic_increases_enabled"": true, ""within_maximum_increase"": true, ""within_account_exposure"": true, ""within_expected_loss_ceiling"": false, ""meets_profitability_hurdle"": false, ""payment_history_eligible"": true, ""not_overextended"": true}",debt_to_income | income_inr
,,0.6572832309101234,4.0,,,europe,south_german_credit,221000.0,12200.0,LIQ-000146,Manual review,0.0,221000.0,0.2405463611513038,High,168800.0,168800.0,26392.746745521054,26392.746745521054,0.0,0.0,Insufficient behavioral history | Manual review required,"{""automatic_increases_enabled"": true, ""within_maximum_increase"": true, ""within_account_exposure"": true, ""within_expected_loss_ceiling"": false, ""meets_profitability_hurdle"": false, ""payment_history_eligible"": false, ""not_overextended"": false}",delinquency_count | utilization | income_inr | credit_age_months
0.0,0.46934285855905045,0.48584117038012137,5.0,,,undisclosed,give_me_some_credit,2500000.0,1173400.0,LIQ-000147,Increase 20%,0.2,3000000.0,0.02997199312942896,Low,2168350.0,2543350.0,42243.35134642824,49549.02467172655,63840.70696912828,0.17024188525100875,No reported delinquency in the harmonized source fields,"{""automatic_increases_enabled"": true, ""within_maximum_increase"": true, ""within_account_exposure"": true, ""within_expected_loss_ceiling"": true, ""meets_profitability_hurdle"": true, ""payment_history_eligible"": true, ""not_overextended"": true}",income_inr | credit_age_months
,,0.1486767402151663,10.0,,,europe,south_german_credit,242000.0,17800.0,LIQ-000148,Manual review,0.0,242000.0,0.1958799219122854,High,185950.0,185950.0,23675.516461733154,23675.516461733154,0.0,0.0,Insufficient behavioral history | Manual review required,"{""automatic_increases_enabled"": true, ""within_maximum_increase"": true, ""within_account_exposure"": true, ""within_expected_loss_ceiling"": false, ""meets_profitability_hurdle"": false, ""payment_history_eligible"": false, ""not_overextended"": true}",delinquency_count | utilization | income_inr | credit_age_months
,,0.30485406482930116,,,,undisclosed,home_credit,189000.0,44100.0,LIQ-000149,Manual review,0.0,189000.0,0.08203099212858951,Moderate,152775.0,152775.0,8145.985134589421,8145.985134589421,0.0,0.0,Insufficient behavioral history | Manual review required,"{""automatic_increases_enabled"": true, ""within_maximum_increase"": true, ""within_account_exposure"": true, ""within_expected_loss_ceiling"": true, ""meets_profitability_hurdle"": false, ""payment_history_eligible"": false, ""not_overextended"": true}",delinquency_count | utilization | credit_lines | income_inr | credit_age_months
,,0.013700356577187595,,,,undisclosed,home_credit,720000.0,372300.0,LIQ-000150,Manual review,0.0,720000.0,0.07180193150844377,Moderate,633075.0,633075.0,29546.40506331023,29546.40506331023,0.0,0.0,Insufficient behavioral history | Manual review required,"{""automatic_increases_enabled"": true, ""within_maximum_increase"": true, ""within_account_exposure"": true, ""within_expected_loss_ceiling"": true, ""meets_profitability_hurdle"": false, ""payment_history_eligible"": false, ""not_overextended"": true}",delinquency_count | utilization | credit_lines | income_inr | credit_age_months
,,0.08938591716773861,7.0,,,europe,south_german_credit,212000.0,36500.0,LIQ-000151,Manual review,0.0,212000.0,0.1983043938947812,High,168125.0,168125.0,21670.952045314058,21670.952045314058,0.0,0.0,Insufficient behavioral history | Manual review required,"{""automatic_increases_enabled"": true, ""within_maximum_increase"": true, ""within_account_exposure"": true, ""within_expected_loss_ceiling"": false, ""meets_profitability_hurdle"": false, ""payment_history_eligible"": false, ""not_overextended"": true}",delinquency_count | utilization | income_inr | credit_age_months
,,0.23210462811914256,4.0,,,europe,south_german_credit,343000.0,126600.0,LIQ-000152,Manual review,0.0,343000.0,0.227517440659458,High,288900.0,288900.0,42724.36259423632,42724.36259423632,0.0,0.0,Insufficient behavioral history | Manual review required,"{""automatic_increases_enabled"": true, ""within_maximum_increase"": true, ""within_account_exposure"": true, ""within_expected_loss_ceiling"": false, ""meets_profitability_hurdle"": false, ""payment_history_eligible"": false, ""not_overextended"": true}",delinquency_count | utilization | income_inr | credit_age_months
0.0,0.7145956869980471,,,,,asia,taiwan_credit,2500000.0,1786500.0,LIQ-000153,Increase 20%,0.2,3000000.0,0.1261043924226988,Moderate,2321625.0,2696625.0,190298.6215379263,221036.56719095912,91396.49767386119,0.24372399379696316,No reported delinquency in the harmonized source fields | High utilization with low estimated risk,"{""automatic_increases_enabled"": true, ""within_maximum_increase"": true, ""within_account_exposure"": true, ""within_expected_loss_ceiling"": true, ""meets_profitability_hurdle"": true, ""payment_history_eligible"": true, ""not_overextended"": true}",debt_to_income | credit_lines | income_inr | credit_age_months
0.0,1.118886678574022,0.5068968230114718,12.0,,,undisclosed,give_me_some_credit,357000.0,399400.0,LIQ-000154,Manual review,0.0,357000.0,0.1335670616657064,Moderate,357000.0,357000.0,30994.23665952717,30994.23665952717,0.0,0.0,Customer-overextension safeguard | Manual review required,"{""automatic_increases_enabled"": true, ""within_maximum_increase"": true, ""within_account_exposure"": true, ""within_expected_loss_ceiling"": true, ""meets_profitability_hurdle"": false, ""payment_history_eligible"": true, ""not_overextended"": false}",income_inr | credit_age_months
0.0,0.48996653483939884,,,,,asia,taiwan_credit,2500000.0,1224900.0,LIQ-000155,Increase 20%,0.2,3000000.0,0.1063014666205821,Moderate,2181225.0,2556225.0,150713.82074416146,176624.80323292836,49523.06010434411,0.1320614936115843,No reported delinquency in the harmonized source fields,"{""automatic_increases_enabled"": true, ""within_maximum_increase"": true, ""within_account_exposure"": true, ""within_expected_loss_ceiling"": true, ""meets_profitability_hurdle"": true, ""payment_history_eligible"": true, ""not_overextended"": true}",debt_to_income | credit_lines | income_inr | credit_age_months
0.0,0.8485996119282703,0.3193603514328672,12.0,428782.7003996967,64.9220491131026,north_america,lending_club_full,107000.0,90800.0,LIQ-000156,No change,0.0,107000.0,0.30625451899781697,Very high,102950.0,102950.0,20493.786775036417,20493.786775036417,0.0,0.0,No reported delinquency in the harmonized source fields | Expected loss exceeds policy ceiling,"{""automatic_increases_enabled"": true, ""within_maximum_increase"": true, ""within_account_exposure"": true, ""within_expected_loss_ceiling"": false, ""meets_profitability_hurdle"": false, ""payment_history_eligible"": true, ""not_overextended"": true}",
,,0.24850688781269545,,,,undisclosed,home_credit,326000.0,177100.0,LIQ-000157,Manual review,0.0,326000.0,0.0822952082090523,Moderate,288775.0,288775.0,15447.119187869901,15447.119187869901,0.0,0.0,Insufficient behavioral history | Manual review required,"{""automatic_increases_enabled"": true, ""within_maximum_increase"": true, ""within_account_exposure"": true, ""within_expected_loss_ceiling"": true, ""meets_profitability_hurdle"": false, ""payment_history_eligible"": false, ""not_overextended"": true}",delinquency_count | utilization | credit_lines | income_inr | credit_age_months
,,0.22362528854413938,,,,undisclosed,home_credit,696000.0,104100.0,LIQ-000158,Manual review,0.0,696000.0,0.0822952082090523,Moderate,548025.0,548025.0,29314.89046119783,29314.89046119783,0.0,0.0,Insufficient behavioral history | Manual review required,"{""automatic_increases_enabled"": true, ""within_maximum_increase"": true, ""within_account_exposure"": true, ""within_expected_loss_ceiling"": true, ""meets_profitability_hurdle"": false, ""payment_history_eligible"": false, ""not_overextended"": true}",delinquency_count | utilization | credit_lines | income_inr | credit_age_months
,,0.15641685111442932,,,,undisclosed,home_credit,466000.0,124200.0,LIQ-000159,Manual review,0.0,466000.0,0.08022234806121072,Moderate,380550.0,380550.0,19843.59946055093,19843.59946055093,0.0,0.0,Insufficient behavioral history | Manual review required,"{""automatic_increases_enabled"": true, ""within_maximum_increase"": true, ""within_account_exposure"": true, ""within_expected_loss_ceiling"": true, ""meets_profitability_hurdle"": false, ""payment_history_eligible"": false, ""not_overextended"": true}",delinquency_count | utilization | credit_lines | income_inr | credit_age_months
0.0,0.5147396792978823,,,,,asia,taiwan_credit,2500000.0,1286800.0,LIQ-000160,Increase 20%,0.2,3000000.0,0.1063014666205821,Moderate,2196700.0,2571700.0,151783.08062153126,177694.06311029816,54673.396837262844,0.1457957248993676,No reported delinquency in the harmonized source fields,"{""automatic_increases_enabled"": true, ""within_maximum_increase"": true, ""within_account_exposure"": true, ""within_expected_loss_ceiling"": true, ""meets_profitability_hurdle"": true, ""payment_history_eligible"": true, ""not_overextended"": true}",debt_to_income | credit_lines | income_inr | credit_age_months
0.0,0.6357547341339223,0.16957654395608793,9.0,1039326.7756238093,127.74765280302415,north_america,lending_club_full,260000.0,165300.0,LIQ-000161,No change,0.0,260000.0,0.2678833882322531,High,236325.0,236325.0,41149.90212059169,41149.90212059169,0.0,0.0,No reported delinquency in the harmonized source fields | Expected loss exceeds policy ceiling,"{""automatic_increases_enabled"": true, ""within_maximum_increase"": true, ""within_account_exposure"": true, ""within_expected_loss_ceiling"": false, ""meets_profitability_hurdle"": false, ""payment_history_eligible"": true, ""not_overextended"": true}",
1.0,0.688745447087927,0.19074957958120312,10.0,919762.9241759139,80.74345036009927,north_america,lending_club_full,230000.0,158400.0,LIQ-000162,Manual review,0.0,230000.0,0.25391707780629863,High,212100.0,212100.0,35006.27793176536,35006.27793176536,0.0,0.0,Reported delinquency | Manual review required,"{""automatic_increases_enabled"": true, ""within_maximum_increase"": true, ""within_account_exposure"": true, ""within_expected_loss_ceiling"": false, ""meets_profitability_hurdle"": false, ""payment_history_eligible"": false, ""not_overextended"": true}",
0.0,0.7576335544978807,,,,,asia,taiwan_credit,2500000.0,1894100.0,LIQ-000163,Increase 20%,0.2,3000000.0,0.1299370450983737,Moderate,2348525.0,2723525.0,198354.25924577776,230026.41398850636,99409.8612373808,0.2650929632996821,No reported delinquency in the harmonized source fields | High utilization with low estimated risk,"{""automatic_increases_enabled"": true, ""within_maximum_increase"": true, ""within_account_exposure"": true, ""within_expected_loss_ceiling"": true, ""meets_profitability_hurdle"": true, ""payment_history_eligible"": true, ""not_overextended"": true}",debt_to_income | credit_lines | income_inr | credit_age_months
,,0.22870196048861935,7.0,,,europe,south_german_credit,243000.0,174400.0,LIQ-000164,Manual review,0.0,243000.0,0.21654302959688598,High,225850.0,225850.0,31789.058102396855,31789.058102396855,0.0,0.0,Insufficient behavioral history | Manual review required,"{""automatic_increases_enabled"": true, ""within_maximum_increase"": true, ""within_account_exposure"": true, ""within_expected_loss_ceiling"": false, ""meets_profitability_hurdle"": false, ""payment_history_eligible"": false, ""not_overextended"": true}",delinquency_count | utilization | income_inr | credit_age_months
,,0.0361648799965769,5.0,,,europe,south_german_credit,602000.0,470300.0,LIQ-000165,Manual review,0.0,602000.0,0.19897295321320274,High,569075.0,569075.0,73599.84667737219,73599.84667737219,0.0,0.0,Insufficient behavioral history | Manual review required,"{""automatic_increases_enabled"": true, ""within_maximum_increase"": true, ""within_account_exposure"": true, ""within_expected_loss_ceiling"": false, ""meets_profitability_hurdle"": false, ""payment_history_eligible"": false, ""not_overextended"": true}",delinquency_count | utilization | income_inr | credit_age_months
0.0,0.5064400754189174,,10.0,,157.9224153407043,undisclosed,fico_heloc,782000.0,396000.0,LIQ-000166,No change,0.0,782000.0,0.5951780837290598,Very high,685500.0,685500.0,265196.47465757583,265196.47465757583,0.0,0.0,No reported delinquency in the harmonized source fields | Expected loss exceeds policy ceiling | Incremental return below profitability hurdle,"{""automatic_increases_enabled"": true, ""within_maximum_increase"": true, ""within_account_exposure"": true, ""within_expected_loss_ceiling"": false, ""meets_profitability_hurdle"": false, ""payment_history_eligible"": true, ""not_overextended"": true}",debt_to_income | income_inr
0.0,0.8903084544353354,,,,,asia,taiwan_credit,2500000.0,2225800.0,LIQ-000167,Increase 20%,0.2,3000000.0,0.14217796203527003,Moderate,2431450.0,2806450.0,224704.09376392726,259359.97201002433,124009.24943100914,0.3306913318160244,No reported delinquency in the harmonized source fields | High utilization with low estimated risk,"{""automatic_increases_enabled"": true, ""within_maximum_increase"": true, ""within_account_exposure"": true, ""within_expected_loss_ceiling"": true, ""meets_profitability_hurdle"": true, ""payment_history_eligible"": true, ""not_overextended"": true}",debt_to_income | credit_lines | income_inr | credit_age_months
0.0,0.3752811292614084,0.249755983175862,9.0,375785.0738595833,135.18143012180056,north_america,lending_club_full,94000.0,35300.0,LIQ-000168,No change,0.0,94000.0,0.2906461224007559,High,79325.0,79325.0,14986.077378635975,14986.077378635975,0.0,0.0,No reported delinquency in the harmonized source fields | Expected loss exceeds policy ceiling | Incremental return below profitability hurdle,"{""automatic_increases_enabled"": true, ""within_maximum_increase"": true, ""within_account_exposure"": true, ""within_expected_loss_ceiling"": false, ""meets_profitability_hurdle"": false, ""payment_history_eligible"": true, ""not_overextended"": true}",
0.0,0.7368934257155858,0.5314317354389092,9.0,,,undisclosed,give_me_some_credit,2500000.0,1842200.0,LIQ-000169,Increase 20%,0.2,3000000.0,0.06778094545490634,Moderate,2335550.0,2710550.0,102898.76165218424,119420.36710681766,110248.53775163688,0.29399610067103166,No reported delinquency in the harmonized source fields | High utilization with low estimated risk,"{""automatic_increases_enabled"": true, ""within_maximum_increase"": true, ""within_account_exposure"": true, ""within_expected_loss_ceiling"": true, ""meets_profitability_hurdle"": true, ""payment_history_eligible"": true, ""not_overextended"": true}",income_inr | credit_age_months
1.0,0.5825561280747267,,,,,asia,taiwan_credit,135000.0,78600.0,LIQ-000170,Manual review,0.0,135000.0,0.3049593346592623,Very high,120900.0,120900.0,23965.229314198128,23965.229314198128,0.0,0.0,Reported delinquency | Manual review required,"{""automatic_increases_enabled"": true, ""within_maximum_increase"": true, ""within_account_exposure"": true, ""within_expected_loss_ceiling"": false, ""meets_profitability_hurdle"": false, ""payment_history_eligible"": false, ""not_overextended"": true}",debt_to_income | credit_lines | income_inr | credit_age_months
0.0,0.7484026500045896,,,,,asia,taiwan_credit,2500000.0,1871000.0,LIQ-000171,Increase 20%,0.2,3000000.0,0.12922918817640072,Moderate,2342750.0,2717750.0,196788.59239017082,228288.20700816848,97663.2963179565,0.260435456847884,No reported delinquency in the harmonized source fields | High utilization with low estimated risk,"{""automatic_increases_enabled"": true, ""within_maximum_increase"": true, ""within_account_exposure"": true, ""within_expected_loss_ceiling"": true, ""meets_profitability_hurdle"": true, ""payment_history_eligible"": true, ""not_overextended"": true}",debt_to_income | credit_lines | income_inr | credit_age_months
0.0,0.8076856645908655,0.025790849755499494,5.0,483836.8103235562,151.45078190894105,north_america,lending_club_full,121000.0,97700.0,LIQ-000172,No change,0.0,121000.0,0.2457237347514626,High,115175.0,115175.0,18395.80024749981,18395.80024749981,0.0,0.0,No reported delinquency in the harmonized source fields | Expected loss exceeds policy ceiling,"{""automatic_increases_enabled"": true, ""within_maximum_increase"": true, ""within_account_exposure"": true, ""within_expected_loss_ceiling"": false, ""meets_profitability_hurdle"": false, ""payment_history_eligible"": true, ""not_overextended"": true}",
,,0.09351726675809609,8.0,,,europe,south_german_credit,177000.0,31000.0,LIQ-000173,Manual review,0.0,177000.0,0.19811607494114403,High,140500.0,140500.0,18092.950543999978,18092.950543999978,0.0,0.0,Insufficient behavioral history | Manual review required,"{""automatic_increases_enabled"": true, ""within_maximum_increase"": true, ""within_account_exposure"": true, ""within_expected_loss_ceiling"": false, ""meets_profitability_hurdle"": false, ""payment_history_eligible"": false, ""not_overextended"": true}",delinquency_count | utilization | income_inr | credit_age_months
0.0,0.3939477537378396,0.4026458474434652,7.0,990127.9459786206,104.9846916470802,north_america,lending_club_full,248000.0,97700.0,LIQ-000174,No change,0.0,248000.0,0.32931568109335657,Very high,210425.0,210425.0,45042.56392614521,45042.56392614521,0.0,0.0,No reported delinquency in the harmonized source fields | Expected loss exceeds policy ceiling | Incremental return below profitability hurdle,"{""automatic_increases_enabled"": true, ""within_maximum_increase"": true, ""within_account_exposure"": true, ""within_expected_loss_ceiling"": false, ""meets_profitability_hurdle"": false, ""payment_history_eligible"": true, ""not_overextended"": true}",
0.0,0.945282171829579,,,,,asia,taiwan_credit,264000.0,249600.0,LIQ-000175,Increase 30%,0.3,343200.0,0.1450603644741589,Moderate,260400.0,319800.0,24552.917290896137,30153.697963243412,21190.64682975445,0.35674489612381227,No reported delinquency in the harmonized source fields | High utilization with low estimated risk,"{""automatic_increases_enabled"": true, ""within_maximum_increase"": true, ""within_account_exposure"": true, ""within_expected_loss_ceiling"": true, ""meets_profitability_hurdle"": true, ""payment_history_eligible"": true, ""not_overextended"": true}",debt_to_income | credit_lines | income_inr | credit_age_months
,,0.2880206384982208,11.0,,,europe,south_german_credit,1383000.0,364200.0,LIQ-000176,Manual review,0.0,1383000.0,0.20045507740825863,High,1128300.0,1128300.0,147012.75149582984,147012.75149582984,0.0,0.0,Insufficient behavioral history | Manual review required,"{""automatic_increases_enabled"": true, ""within_maximum_increase"": true, ""within_account_exposure"": true, ""within_expected_loss_ceiling"": false, ""meets_profitability_hurdle"": false, ""payment_history_eligible"": false, ""not_overextended"": true}",delinquency_count | utilization | income_inr | credit_age_months
,,0.15608883947554328,7.0,,,europe,south_german_credit,225000.0,98600.0,LIQ-000177,Manual review,0.0,225000.0,0.21719823153674356,High,193400.0,193400.0,27303.989686484034,27303.989686484034,0.0,0.0,Insufficient behavioral history | Manual review required,"{""automatic_increases_enabled"": true, ""within_maximum_increase"": true, ""within_account_exposure"": true, ""within_expected_loss_ceiling"": false, ""meets_profitability_hurdle"": false, ""payment_history_eligible"": false, ""not_overextended"": true}",delinquency_count | utilization | income_inr | credit_age_months
0.0,0.7574745468368063,0.09134056401227746,9.0,2124038.635868977,121.40518027727082,north_america,lending_club_full,531000.0,402200.0,LIQ-000178,No change,0.0,531000.0,0.2350469308459351,High,498800.0,498800.0,76206.91591886908,76206.91591886908,0.0,0.0,No reported delinquency in the harmonized source fields | Expected loss exceeds policy ceiling,"{""automatic_increases_enabled"": true, ""within_maximum_increase"": true, ""within_account_exposure"": true, ""within_expected_loss_ceiling"": false, ""meets_profitability_hurdle"": false, ""payment_history_eligible"": true, ""not_overextended"": true}",
1.0,0.16484616934303636,0.31105116777551717,5.0,774756.8925244374,172.7335195540296,north_america,lending_club_full,194000.0,32000.0,LIQ-000179,Manual review,0.0,194000.0,0.30335860477585547,Very high,153500.0,153500.0,30267.60479151098,30267.60479151098,0.0,0.0,Reported delinquency | Manual review required,"{""automatic_increases_enabled"": true, ""within_maximum_increase"": true, ""within_account_exposure"": true, ""within_expected_loss_ceiling"": false, ""meets_profitability_hurdle"": false, ""payment_history_eligible"": false, ""not_overextended"": true}",
1.0,0.7028921341170623,,10.0,,99.298098886025,undisclosed,fico_heloc,224000.0,157400.0,LIQ-000180,Manual review,0.0,224000.0,0.7593129738846823,Very high,207350.0,207350.0,102338.30433774277,102338.30433774277,0.0,0.0,Reported delinquency | Manual review required,"{""automatic_increases_enabled"": true, ""within_maximum_increase"": true, ""within_account_exposure"": true, ""within_expected_loss_ceiling"": false, ""meets_profitability_hurdle"": false, ""payment_history_eligible"": false, ""not_overextended"": true}",debt_to_income | income_inr
0.0,0.5196977303348207,,,,,asia,taiwan_credit,2500000.0,1299200.0,LIQ-000181,Increase 20%,0.2,3000000.0,0.10875872143211346,Moderate,2199800.0,2574800.0,155510.8330141361,182020.77136321375,55105.21978753156,0.14694725276675083,No reported delinquency in the harmonized source fields,"{""automatic_increases_enabled"": true, ""within_maximum_increase"": true, ""within_account_exposure"": true, ""within_expected_loss_ceiling"": true, ""meets_profitability_hurdle"": true, ""payment_history_eligible"": true, ""not_overextended"": true}",debt_to_income | credit_lines | income_inr | credit_age_months
0.0,0.2758721880442161,,2.0,,188.59091349845238,undisclosed,fico_heloc,476000.0,131300.0,LIQ-000182,No change,0.0,476000.0,0.4393995836364996,Very high,389825.0,389825.0,111337.812749214,111337.812749214,0.0,0.0,No reported delinquency in the harmonized source fields | Expected loss exceeds policy ceiling | Incremental return below profitability hurdle,"{""automatic_increases_enabled"": true, ""within_maximum_increase"": true, ""within_account_exposure"": true, ""within_expected_loss_ceiling"": false, ""meets_profitability_hurdle"": false, ""payment_history_eligible"": true, ""not_overextended"": true}",debt_to_income | income_inr
,,0.44580485574177725,7.0,,,europe,south_german_credit,683000.0,247400.0,LIQ-000183,Manual review,0.0,683000.0,0.2220794225033181,High,574100.0,574100.0,82872.26769845071,82872.26769845071,0.0,0.0,Insufficient behavioral history | Manual review required,"{""automatic_increases_enabled"": true, ""within_maximum_increase"": true, ""within_account_exposure"": true, ""within_expected_loss_ceiling"": false, ""meets_profitability_hurdle"": false, ""payment_history_eligible"": false, ""not_overextended"": true}",delinquency_count | utilization | income_inr | credit_age_months
0.0,0.6013733218967966,0.30537611260297715,1.0,,,undisclosed,give_me_some_credit,2500000.0,1503400.0,LIQ-000184,Increase 20%,0.2,3000000.0,0.06274503102282741,Moderate,2250850.0,2625850.0,91799.2745005252,107093.37581233939,83301.41231052982,0.2221370994947462,No reported delinquency in the harmonized source fields,"{""automatic_increases_enabled"": true, ""within_maximum_increase"": true, ""within_account_exposure"": true, ""within_expected_loss_ceiling"": true, ""meets_profitability_hurdle"": true, ""payment_history_eligible"": true, ""not_overextended"": true}",income_inr | credit_age_months
0.0,0.9448282354402545,0.3337191881663795,9.0,,,undisclosed,give_me_some_credit,536000.0,506400.0,LIQ-000185,Increase 30%,0.3,696800.0,0.08541156210318986,Moderate,528600.0,649200.0,29346.558623035005,36041.97097630406,47854.40815833704,0.39680272104757086,No reported delinquency in the harmonized source fields | High utilization with low estimated risk,"{""automatic_increases_enabled"": true, ""within_maximum_increase"": true, ""within_account_exposure"": true, ""within_expected_loss_ceiling"": true, ""meets_profitability_hurdle"": true, ""payment_history_eligible"": true, ""not_overextended"": true}",income_inr | credit_age_months
0.0,1.0320169431914634,,11.0,,173.88074374853178,undisclosed,fico_heloc,186000.0,192000.0,LIQ-000186,No change,0.0,186000.0,0.7476726214545826,Very high,186000.0,186000.0,90393.61993385904,90393.61993385904,0.0,0.0,No reported delinquency in the harmonized source fields | Expected loss exceeds policy ceiling | Incremental return below profitability hurdle,"{""automatic_increases_enabled"": true, ""within_maximum_increase"": true, ""within_account_exposure"": true, ""within_expected_loss_ceiling"": false, ""meets_profitability_hurdle"": false, ""payment_history_eligible"": true, ""not_overextended"": true}",debt_to_income | income_inr
,,0.36729581641020986,7.0,,,europe,south_german_credit,147000.0,63900.0,LIQ-000187,Manual review,0.0,147000.0,0.22147550243241296,High,126225.0,126225.0,18171.234441445362,18171.234441445362,0.0,0.0,Insufficient behavioral history | Manual review required,"{""automatic_increases_enabled"": true, ""within_maximum_increase"": true, ""within_account_exposure"": true, ""within_expected_loss_ceiling"": false, ""meets_profitability_hurdle"": false, ""payment_history_eligible"": false, ""not_overextended"": true}",delinquency_count | utilization | income_inr | credit_age_months
1.0,0.5933164661517671,0.32588250216305187,9.0,1109944.726693375,222.7333673595944,north_america,lending_club_full,277000.0,164300.0,LIQ-000188,Manual review,0.0,277000.0,0.34340970412643856,Very high,248825.0,248825.0,55541.7977590197,55541.7977590197,0.0,0.0,Reported delinquency | Manual review required,"{""automatic_increases_enabled"": true, ""within_maximum_increase"": true, ""within_account_exposure"": true, ""within_expected_loss_ceiling"": false, ""meets_profitability_hurdle"": false, ""payment_history_eligible"": false, ""not_overextended"": true}",
,,0.23336874105453048,8.0,,,europe,south_german_credit,406000.0,97100.0,LIQ-000189,Manual review,0.0,406000.0,0.21484472471180283,High,328775.0,328775.0,45913.123338629935,45913.123338629935,0.0,0.0,Insufficient behavioral history | Manual review required,"{""automatic_increases_enabled"": true, ""within_maximum_increase"": true, ""within_account_exposure"": true, ""within_expected_loss_ceiling"": false, ""meets_profitability_hurdle"": false, ""payment_history_eligible"": false, ""not_overextended"": true}",delinquency_count | utilization | income_inr | credit_age_months
1.0,0.867814837327665,0.6285092183670085,6.0,,,undisclosed,give_me_some_credit,362000.0,314100.0,LIQ-000190,Manual review,0.0,362000.0,0.17510978560962195,High,350025.0,350025.0,39840.32176020515,39840.32176020515,0.0,0.0,Reported delinquency | Manual review required,"{""automatic_increases_enabled"": true, ""within_maximum_increase"": true, ""within_account_exposure"": true, ""within_expected_loss_ceiling"": true, ""meets_profitability_hurdle"": false, ""payment_history_eligible"": false, ""not_overextended"": false}",income_inr | credit_age_months
0.0,0.3448163131048667,,,,,asia,taiwan_credit,558000.0,192400.0,LIQ-000191,Increase 30%,0.3,725400.0,0.09106073929709237,Moderate,466600.0,592150.0,27617.811621415145,35049.05090360261,7601.1726061717345,0.06054299168595567,No reported delinquency in the harmonized source fields,"{""automatic_increases_enabled"": true, ""within_maximum_increase"": true, ""within_account_exposure"": true, ""within_expected_loss_ceiling"": true, ""meets_profitability_hurdle"": true, ""payment_history_eligible"": true, ""not_overextended"": true}",debt_to_income | credit_lines | income_inr | credit_age_months
,,0.2812149843249542,6.0,,,europe,south_german_credit,618000.0,279700.0,LIQ-000192,Manual review,0.0,618000.0,0.2276113598303191,High,533425.0,533425.0,78918.83325136719,78918.83325136719,0.0,0.0,Insufficient behavioral history | Manual review required,"{""automatic_increases_enabled"": true, ""within_maximum_increase"": true, ""within_account_exposure"": true, ""within_expected_loss_ceiling"": false, ""meets_profitability_hurdle"": false, ""payment_history_eligible"": false, ""not_overextended"": true}",delinquency_count | utilization | income_inr | credit_age_months
2.0,0.4941869148154406,,8.0,,137.9848252559382,undisclosed,fico_heloc,910000.0,449700.0,LIQ-000193,Freeze automatic increases,0.0,910000.0,0.7305137890488016,Very high,794925.0,794925.0,377457.3879437521,377457.3879437521,0.0,0.0,Repeated delinquency,"{""automatic_increases_enabled"": true, ""within_maximum_increase"": true, ""within_account_exposure"": true, ""within_expected_loss_ceiling"": false, ""meets_profitability_hurdle"": false, ""payment_history_eligible"": false, ""not_overextended"": true}",debt_to_income | income_inr
0.0,0.2750472565183671,,,,,asia,taiwan_credit,161000.0,44300.0,LIQ-000194,Increase 30%,0.3,209300.0,0.0840057362696907,Moderate,131825.0,168050.0,7198.136519438785,9176.15658707899,830.0424916340753,0.022913526339104907,No reported delinquency in the harmonized source fields,"{""automatic_increases_enabled"": true, ""within_maximum_increase"": true, ""within_account_exposure"": true, ""within_expected_loss_ceiling"": true, ""meets_profitability_hurdle"": true, ""payment_history_eligible"": true, ""not_overextended"": true}",debt_to_income | credit_lines | income_inr | credit_age_months
,,0.2146786386795546,,,,undisclosed,home_credit,929000.0,290500.0,LIQ-000195,Manual review,0.0,929000.0,0.08224380866383484,Moderate,769375.0,769375.0,41129.61468897966,41129.61468897966,0.0,0.0,Insufficient behavioral history | Manual review required,"{""automatic_increases_enabled"": true, ""within_maximum_increase"": true, ""within_account_exposure"": true, ""within_expected_loss_ceiling"": true, ""meets_profitability_hurdle"": false, ""payment_history_eligible"": false, ""not_overextended"": true}",delinquency_count | utilization | credit_lines | income_inr | credit_age_months
0.0,0.6818674284636688,0.5696249460238826,10.0,,,undisclosed,give_me_some_credit,1190000.0,811400.0,LIQ-000196,Increase 30%,0.3,1547000.0,0.07353628896949865,Moderate,1095350.0,1363100.0,52356.183179781234,65154.255071310356,69496.23831007494,0.2595564456025208,No reported delinquency in the harmonized source fields | High utilization with low estimated risk,"{""automatic_increases_enabled"": true, ""within_maximum_increase"": true, ""within_account_exposure"": true, ""within_expected_loss_ceiling"": true, ""meets_profitability_hurdle"": true, ""payment_history_eligible"": true, ""not_overextended"": true}",income_inr | credit_age_months
,,0.14994911254652973,5.0,,,europe,south_german_credit,276000.0,51900.0,LIQ-000197,Manual review,0.0,276000.0,0.22246954634747498,High,219975.0,219975.0,31809.52999756078,31809.52999756078,0.0,0.0,Insufficient behavioral history | Manual review required,"{""automatic_increases_enabled"": true, ""within_maximum_increase"": true, ""within_account_exposure"": true, ""within_expected_loss_ceiling"": false, ""meets_profitability_hurdle"": false, ""payment_history_eligible"": false, ""not_overextended"": true}",delinquency_count | utilization | income_inr | credit_age_months
1.0,0.8202158081244718,0.27777233112064104,13.0,1008352.5184786512,242.03074097844603,north_america,lending_club_full,252000.0,206700.0,LIQ-000198,Manual review,0.0,252000.0,0.3287883972595679,Very high,240675.0,240675.0,51435.24588179022,51435.24588179022,0.0,0.0,Reported delinquency | Manual review required,"{""automatic_increases_enabled"": true, ""within_maximum_increase"": true, ""within_account_exposure"": true, ""within_expected_loss_ceiling"": false, ""meets_profitability_hurdle"": false, ""payment_history_eligible"": false, ""not_overextended"": true}",
0.0,0.49078745063874274,0.14403502122468428,6.0,478157.7262257284,134.36882956736795,north_america,lending_club_full,120000.0,58900.0,LIQ-000199,No change,0.0,120000.0,0.2449647780557741,High,104725.0,104725.0,16675.058648229115,16675.058648229115,0.0,0.0,No reported delinquency in the harmonized source fields | Expected loss exceeds policy ceiling,"{""automatic_increases_enabled"": true, ""within_maximum_increase"": true, ""within_account_exposure"": true, ""within_expected_loss_ceiling"": false, ""meets_profitability_hurdle"": false, ""payment_history_eligible"": true, ""not_overextended"": true}",
0.0,0.7395823343312437,,,,,asia,taiwan_credit,259000.0,191600.0,LIQ-000200,Increase 30%,0.3,336700.0,0.1282539841565792,Moderate,242150.0,300425.0,20186.856471285177,25044.957073656202,14776.823997209121,0.2535705533626619,No reported delinquency in the harmonized source fields | High utilization with low estimated risk,"{""automatic_increases_enabled"": true, ""within_maximum_increase"": true, ""within_account_exposure"": true, ""within_expected_loss_ceiling"": true, ""meets_profitability_hurdle"": true, ""payment_history_eligible"": true, ""not_overextended"": true}",debt_to_income | credit_lines | income_inr | credit_age_months
0.0,0.7303899571334479,0.0579462537414314,5.0,436102.9399497001,114.30734788240215,north_america,lending_club_full,109000.0,79600.0,LIQ-000201,No change,0.0,109000.0,0.22472003550648478,High,101650.0,101650.0,14847.814546002217,14847.814546002217,0.0,0.0,No reported delinquency in the harmonized source fields | Expected loss exceeds policy ceiling,"{""automatic_increases_enabled"": true, ""within_maximum_increase"": true, ""within_account_exposure"": true, ""within_expected_loss_ceiling"": false, ""meets_profitability_hurdle"": false, ""payment_history_eligible"": true, ""not_overextended"": true}",
0.0,0.9475126555970298,0.09910808123057614,8.0,,,undisclosed,give_me_some_credit,354000.0,335400.0,LIQ-000202,Increase 30%,0.3,460200.0,0.0877118484192978,Moderate,349350.0,429000.0,19917.387259433097,24458.448931721192,31543.66427305933,0.39602842778480013,No reported delinquency in the harmonized source fields | High utilization with low estimated risk,"{""automatic_increases_enabled"": true, ""within_maximum_increase"": true, ""within_account_exposure"": true, ""within_expected_loss_ceiling"": true, ""meets_profitability_hurdle"": true, ""payment_history_eligible"": true, ""not_overextended"": true}",income_inr | credit_age_months
,,0.12937480994707734,12.0,,,europe,south_german_credit,234000.0,96000.0,LIQ-000203,Manual review,0.0,234000.0,0.19196861830073245,High,199500.0,199500.0,24893.53057814748,24893.53057814748,0.0,0.0,Insufficient behavioral history | Manual review required,"{""automatic_increases_enabled"": true, ""within_maximum_increase"": true, ""within_account_exposure"": true, ""within_expected_loss_ceiling"": false, ""meets_profitability_hurdle"": false, ""payment_history_eligible"": false, ""not_overextended"": true}",delinquency_count | utilization | income_inr | credit_age_months
0.0,0.6152714321170288,,7.0,,108.27367478232043,undisclosed,fico_heloc,224000.0,137800.0,LIQ-000204,No change,0.0,224000.0,0.7282508415758389,Very high,202450.0,202450.0,95832.34887006857,95832.34887006857,0.0,0.0,No reported delinquency in the harmonized source fields | Expected loss exceeds policy ceiling | Incremental return below profitability hurdle,"{""automatic_increases_enabled"": true, ""within_maximum_increase"": true, ""within_account_exposure"": true, ""within_expected_loss_ceiling"": false, ""meets_profitability_hurdle"": false, ""payment_history_eligible"": true, ""not_overextended"": true}",debt_to_income | income_inr
0.0,0.4952219046091732,0.5315932705168266,4.0,1047347.384096506,126.92025041689858,north_america,lending_club_full,262000.0,129700.0,LIQ-000205,No change,0.0,262000.0,0.3768892704672934,Very high,228925.0,228925.0,56081.594557121345,56081.594557121345,0.0,0.0,No reported delinquency in the harmonized source fields | Expected loss exceeds policy ceiling | Incremental return below profitability hurdle,"{""automatic_increases_enabled"": true, ""within_maximum_increase"": true, ""within_account_exposure"": true, ""within_expected_loss_ceiling"": false, ""meets_profitability_hurdle"": false, ""payment_history_eligible"": true, ""not_overextended"": true}",
,,0.4403419616192063,14.0,,,europe,south_german_credit,618000.0,225100.0,LIQ-000206,Manual review,0.0,618000.0,0.1950112566501606,High,519775.0,519775.0,65885.2843514692,65885.2843514692,0.0,0.0,Insufficient behavioral history | Manual review required,"{""automatic_increases_enabled"": true, ""within_maximum_increase"": true, ""within_account_exposure"": true, ""within_expected_loss_ceiling"": false, ""meets_profitability_hurdle"": false, ""payment_history_eligible"": false, ""not_overextended"": true}",delinquency_count | utilization | income_inr | credit_age_months
0.0,1.1434230180849614,0.5933952712753867,9.0,993038.0280053039,155.85972104283513,north_america,lending_club_full,248000.0,283600.0,LIQ-000207,Manual review,0.0,248000.0,0.44906220969467087,Very high,248000.0,248000.0,72388.82820278095,72388.82820278095,0.0,0.0,Customer-overextension safeguard | Manual review required,"{""automatic_increases_enabled"": true, ""within_maximum_increase"": true, ""within_account_exposure"": true, ""within_expected_loss_ceiling"": false, ""meets_profitability_hurdle"": false, ""payment_history_eligible"": true, ""not_overextended"": false}",
0.0,0.5595996213512512,0.12769162295186162,8.0,,,undisclosed,give_me_some_credit,1370000.0,766700.0,LIQ-000208,Increase 30%,0.3,1781000.0,0.04856513496992684,Low,1219175.0,1527425.0,38486.10897752437,48216.74083293633,64143.973915864495,0.20809075074084182,No reported delinquency in the harmonized source fields,"{""automatic_increases_enabled"": true, ""within_maximum_increase"": true, ""within_account_exposure"": true, ""within_expected_loss_ceiling"": true, ""meets_profitability_hurdle"": true, ""payment_history_eligible"": true, ""not_overextended"": true}",income_inr | credit_age_months
,,0.12822765369106756,,,,undisclosed,home_credit,527000.0,32400.0,LIQ-000209,Manual review,0.0,527000.0,0.07835554931183984,Moderate,403350.0,403350.0,20543.06202970489,20543.06202970489,0.0,0.0,Insufficient behavioral history | Manual review required,"{""automatic_increases_enabled"": true, ""within_maximum_increase"": true, ""within_account_exposure"": true, ""within_expected_loss_ceiling"": true, ""meets_profitability_hurdle"": false, ""payment_history_eligible"": false, ""not_overextended"": true}",delinquency_count | utilization | credit_lines | income_inr | credit_age_months
1.0,0.6878896781881129,0.4288057992064724,13.0,,,undisclosed,give_me_some_credit,600000.0,412700.0,LIQ-000210,Manual review,0.0,600000.0,0.14480410617109044,Moderate,553175.0,553175.0,52066.307430275425,52066.307430275425,0.0,0.0,Reported delinquency | Manual review required,"{""automatic_increases_enabled"": true, ""within_maximum_increase"": true, ""within_account_exposure"": true, ""within_expected_loss_ceiling"": true, ""meets_profitability_hurdle"": false, ""payment_history_eligible"": false, ""not_overextended"": true}",income_inr | credit_age_months
0.0,0.4301960691263757,,,,,asia,taiwan_credit,299000.0,128600.0,LIQ-000211,Increase 30%,0.3,388700.0,0.09848858739201523,Moderate,256400.0,323675.0,16414.10797475326,20720.890790671845,6849.10182526582,0.10180753363457183,No reported delinquency in the harmonized source fields,"{""automatic_increases_enabled"": true, ""within_maximum_increase"": true, ""within_account_exposure"": true, ""within_expected_loss_ceiling"": true, ""meets_profitability_hurdle"": true, ""payment_history_eligible"": true, ""not_overextended"": true}",debt_to_income | credit_lines | income_inr | credit_age_months
,,0.2617125169051318,13.0,,,europe,south_german_credit,172000.0,62000.0,LIQ-000212,Manual review,0.0,172000.0,0.1975502169132195,High,144500.0,144500.0,18554.904123574142,18554.904123574142,0.0,0.0,Insufficient behavioral history | Manual review required,"{""automatic_increases_enabled"": true, ""within_maximum_increase"": true, ""within_account_exposure"": true, ""within_expected_loss_ceiling"": false, ""meets_profitability_hurdle"": false, ""payment_history_eligible"": false, ""not_overextended"": true}",delinquency_count | utilization | income_inr | credit_age_months
,,0.15257236789621081,,,,undisclosed,home_credit,198000.0,84400.0,LIQ-000213,Manual review,0.0,198000.0,0.07856184138633404,Moderate,169600.0,169600.0,8660.657394429465,8660.657394429465,0.0,0.0,Insufficient behavioral history | Manual review required,"{""automatic_increases_enabled"": true, ""within_maximum_increase"": true, ""within_account_exposure"": true, ""within_expected_loss_ceiling"": true, ""meets_profitability_hurdle"": false, ""payment_history_eligible"": false, ""not_overextended"": true}",delinquency_count | utilization | credit_lines | income_inr | credit_age_months
0.0,0.7364763072664595,0.23902401548576335,6.0,,,undisclosed,give_me_some_credit,144000.0,106100.0,LIQ-000214,Increase 30%,0.3,187200.0,0.054644890778226825,Moderate,134525.0,166925.0,4778.2175557616265,5929.038955551084,9630.178458062757,0.2972277301871221,No reported delinquency in the harmonized source fields | High utilization with low estimated risk,"{""automatic_increases_enabled"": true, ""within_maximum_increase"": true, ""within_account_exposure"": true, ""within_expected_loss_ceiling"": true, ""meets_profitability_hurdle"": true, ""payment_history_eligible"": true, ""not_overextended"": true}",income_inr | credit_age_months
0.0,0.20309536441457676,,10.0,,25.1377435955764,undisclosed,fico_heloc,633000.0,128600.0,LIQ-000215,No change,0.0,633000.0,0.6571793867878967,Very high,506900.0,506900.0,216530.75025581016,216530.75025581016,0.0,0.0,No reported delinquency in the harmonized source fields | Expected loss exceeds policy ceiling | Incremental return below profitability hurdle,"{""automatic_increases_enabled"": true, ""within_maximum_increase"": true, ""within_account_exposure"": true, ""within_expected_loss_ceiling"": false, ""meets_profitability_hurdle"": false, ""payment_history_eligible"": true, ""not_overextended"": true}",debt_to_income | income_inr
0.0,1.0421771322683264,0.4178077176677738,9.0,576636.6853346095,143.32792407762437,north_america,lending_club_full,144000.0,150100.0,LIQ-000216,No change,0.0,144000.0,0.43256597802420566,Very high,144000.0,144000.0,40488.175543065656,40488.175543065656,0.0,0.0,No reported delinquency in the harmonized source fields | Expected loss exceeds policy ceiling,"{""automatic_increases_enabled"": true, ""within_maximum_increase"": true, ""within_account_exposure"": true, ""within_expected_loss_ceiling"": false, ""meets_profitability_hurdle"": false, ""payment_history_eligible"": true, ""not_overextended"": true}",
,,0.30304916165720247,,,,undisclosed,home_credit,650000.0,328000.0,LIQ-000217,Manual review,0.0,650000.0,0.08203099212858951,Moderate,569500.0,569500.0,30365.822511200626,30365.822511200626,0.0,0.0,Insufficient behavioral history | Manual review required,"{""automatic_increases_enabled"": true, ""within_maximum_increase"": true, ""within_account_exposure"": true, ""within_expected_loss_ceiling"": true, ""meets_profitability_hurdle"": false, ""payment_history_eligible"": false, ""not_overextended"": true}",delinquency_count | utilization | credit_lines | income_inr | credit_age_months
2.0,0.2228580209123515,0.12353064492166498,8.0,719669.4905044364,102.22386216578478,north_america,lending_club_full,180000.0,40100.0,LIQ-000218,Freeze automatic increases,0.0,180000.0,0.2501843305393978,High,145025.0,145025.0,23583.93864870951,23583.93864870951,0.0,0.0,Repeated delinquency,"{""automatic_increases_enabled"": true, ""within_maximum_increase"": true, ""within_account_exposure"": true, ""within_expected_loss_ceiling"": false, ""meets_profitability_hurdle"": false, ""payment_history_eligible"": false, ""not_overextended"": true}",
0.0,0.21197431761223756,,9.0,,208.80899134477846,undisclosed,fico_heloc,289000.0,61300.0,LIQ-000219,No change,0.0,289000.0,0.32374591540322,Very high,232075.0,232075.0,48836.666656181485,48836.666656181485,0.0,0.0,No reported delinquency in the harmonized source fields | Expected loss exceeds policy ceiling | Incremental return below profitability hurdle,"{""automatic_increases_enabled"": true, ""within_maximum_increase"": true, ""within_account_exposure"": true, ""within_expected_loss_ceiling"": false, ""meets_profitability_hurdle"": false, ""payment_history_eligible"": true, ""not_overextended"": true}",debt_to_income | income_inr
,,0.3122153178894046,10.0,,,europe,south_german_credit,164000.0,11900.0,LIQ-000220,Manual review,0.0,164000.0,0.2017980939217362,High,125975.0,125975.0,16523.984673163966,16523.984673163966,0.0,0.0,Insufficient behavioral history | Manual review required,"{""automatic_increases_enabled"": true, ""within_maximum_increase"": true, ""within_account_exposure"": true, ""within_expected_loss_ceiling"": false, ""meets_profitability_hurdle"": false, ""payment_history_eligible"": false, ""not_overextended"": true}",delinquency_count | utilization | income_inr | credit_age_months
,,0.5041050765229879,6.0,,,europe,south_german_credit,426000.0,193700.0,LIQ-000221,Manual review,0.0,426000.0,0.22701591571638202,High,367925.0,367925.0,54291.140013467404,54291.140013467404,0.0,0.0,Insufficient behavioral history | Manual review required,"{""automatic_increases_enabled"": true, ""within_maximum_increase"": true, ""within_account_exposure"": true, ""within_expected_loss_ceiling"": false, ""meets_profitability_hurdle"": false, ""payment_history_eligible"": false, ""not_overextended"": true}",delinquency_count | utilization | income_inr | credit_age_months
1.0,0.706818444123524,,,,,asia,taiwan_credit,304000.0,214900.0,LIQ-000222,Manual review,0.0,304000.0,0.3214240119572888,Very high,281725.0,281725.0,58859.56684963367,58859.56684963367,0.0,0.0,Reported delinquency | Manual review required,"{""automatic_increases_enabled"": true, ""within_maximum_increase"": true, ""within_account_exposure"": true, ""within_expected_loss_ceiling"": false, ""meets_profitability_hurdle"": false, ""payment_history_eligible"": false, ""not_overextended"": true}",debt_to_income | credit_lines | income_inr | credit_age_months
0.0,0.6375045502719099,0.19022177500194581,6.0,1447075.1589303464,120.35877795778269,north_america,lending_club_full,362000.0,230800.0,LIQ-000223,No change,0.0,362000.0,0.2626521875794718,High,329200.0,329200.0,56202.31509825538,56202.31509825538,0.0,0.0,No reported delinquency in the harmonized source fields | Expected loss exceeds policy ceiling,"{""automatic_increases_enabled"": true, ""within_maximum_increase"": true, ""within_account_exposure"": true, ""within_expected_loss_ceiling"": false, ""meets_profitability_hurdle"": false, ""payment_history_eligible"": true, ""not_overextended"": true}",
0.0,0.41220533430397777,0.11304122554708047,3.0,,,undisclosed,give_me_some_credit,220000.0,90700.0,LIQ-000224,Increase 30%,0.3,286000.0,0.027503192651764735,Low,187675.0,237175.0,3355.0800925979656,4239.995316168496,6782.153324666673,0.1370131984781146,No reported delinquency in the harmonized source fields,"{""automatic_increases_enabled"": true, ""within_maximum_increase"": true, ""within_account_exposure"": true, ""within_expected_loss_ceiling"": true, ""meets_profitability_hurdle"": true, ""payment_history_eligible"": true, ""not_overextended"": true}",income_inr | credit_age_months
0.0,0.5871710683793995,0.6413951273827283,8.0,633109.2822059336,86.87250489900455,north_america,lending_club_full,158000.0,92800.0,LIQ-000225,Manual review,0.0,158000.0,0.37836848067543866,Very high,141700.0,141700.0,34849.62891261128,34849.62891261128,0.0,0.0,Customer-overextension safeguard | Manual review required,"{""automatic_increases_enabled"": true, ""within_maximum_increase"": true, ""within_account_exposure"": true, ""within_expected_loss_ceiling"": false, ""meets_profitability_hurdle"": false, ""payment_history_eligible"": true, ""not_overextended"": false}",
0.0,0.7685733550120549,0.4977546485211931,8.0,1576533.0629881201,164.74079394386013,north_america,lending_club_full,394000.0,302800.0,LIQ-000226,No change,0.0,394000.0,0.3819220110862947,Very high,371200.0,371200.0,92150.14283490118,92150.14283490118,0.0,0.0,No reported delinquency in the harmonized source fields | Expected loss exceeds policy ceiling,"{""automatic_increases_enabled"": true, ""within_maximum_increase"": true, ""within_account_exposure"": true, ""within_expected_loss_ceiling"": false, ""meets_profitability_hurdle"": false, ""payment_history_eligible"": true, ""not_overextended"": true}",
,,0.20820996554481272,7.0,,,europe,south_german_credit,418000.0,76700.0,LIQ-000227,Manual review,0.0,418000.0,0.21533350149133587,High,332675.0,332675.0,46563.44719560961,46563.44719560961,0.0,0.0,Insufficient behavioral history | Manual review required,"{""automatic_increases_enabled"": true, ""within_maximum_increase"": true, ""within_account_exposure"": true, ""within_expected_loss_ceiling"": false, ""meets_profitability_hurdle"": false, ""payment_history_eligible"": false, ""not_overextended"": true}",delinquency_count | utilization | income_inr | credit_age_months
2.0,0.8840086706692296,0.22104710284238882,8.0,864681.1964107781,165.2485686131849,north_america,lending_club_full,216000.0,190900.0,LIQ-000228,Freeze automatic increases,0.0,216000.0,0.3068189251806596,Very high,209725.0,209725.0,41825.939404284,41825.939404284,0.0,0.0,Repeated delinquency,"{""automatic_increases_enabled"": true, ""within_maximum_increase"": true, ""within_account_exposure"": true, ""within_expected_loss_ceiling"": false, ""meets_profitability_hurdle"": false, ""payment_history_eligible"": false, ""not_overextended"": true}",
,,0.5976618710436024,,,,undisclosed,home_credit,508000.0,158500.0,LIQ-000229,Manual review,0.0,508000.0,0.08157494490397012,Moderate,420625.0,420625.0,22303.09978015108,22303.09978015108,0.0,0.0,Insufficient behavioral history | Manual review required,"{""automatic_increases_enabled"": true, ""within_maximum_increase"": true, ""within_account_exposure"": true, ""within_expected_loss_ceiling"": true, ""meets_profitability_hurdle"": false, ""payment_history_eligible"": false, ""not_overextended"": true}",delinquency_count | utilization | credit_lines | income_inr | credit_age_months
0.0,0.8810125683428983,0.3019303455556169,14.0,,,undisclosed,give_me_some_credit,1202000.0,1059000.0,LIQ-000230,Increase 30%,0.3,1562600.0,0.09180366447701997,Moderate,1166250.0,1436700.0,69592.91540261096,85731.31109018749,96846.90865808542,0.3580954285749137,No reported delinquency in the harmonized source fields | High utilization with low estimated risk,"{""automatic_increases_enabled"": true, ""within_maximum_increase"": true, ""within_account_exposure"": true, ""within_expected_loss_ceiling"": true, ""meets_profitability_hurdle"": true, ""payment_history_eligible"": true, ""not_overextended"": true}",income_inr | credit_age_months
,,0.2301436943700387,8.0,,,europe,south_german_credit,446000.0,32600.0,LIQ-000231,Manual review,0.0,446000.0,0.21484472471180283,High,342650.0,342650.0,47850.75419962451,47850.75419962451,0.0,0.0,Insufficient behavioral history | Manual review required,"{""automatic_increases_enabled"": true, ""within_maximum_increase"": true, ""within_account_exposure"": true, ""within_expected_loss_ceiling"": false, ""meets_profitability_hurdle"": false, ""payment_history_eligible"": false, ""not_overextended"": true}",delinquency_count | utilization | income_inr | credit_age_months
0.0,0.15897231255181316,0.20490299237764453,6.0,1002852.1921778157,296.5609316704816,north_america,lending_club_full,251000.0,39900.0,LIQ-000232,No change,0.0,251000.0,0.20904942457705325,High,198225.0,198225.0,26935.234421411147,26935.234421411147,0.0,0.0,No reported delinquency in the harmonized source fields | Low utilization provides no evidence of additional need | Expected loss exceeds policy ceiling | Incremental return below profitability hurdle,"{""automatic_increases_enabled"": true, ""within_maximum_increase"": true, ""within_account_exposure"": true, ""within_expected_loss_ceiling"": false, ""meets_profitability_hurdle"": false, ""payment_history_eligible"": true, ""not_overextended"": true}",
,,0.16411455586348514,3.0,,,europe,south_german_credit,342000.0,97600.0,LIQ-000233,Manual review,0.0,342000.0,0.23150878715876508,High,280900.0,280900.0,42270.031903383126,42270.031903383126,0.0,0.0,Insufficient behavioral history | Manual review required,"{""automatic_increases_enabled"": true, ""within_maximum_increase"": true, ""within_account_exposure"": true, ""within_expected_loss_ceiling"": false, ""meets_profitability_hurdle"": false, ""payment_history_eligible"": false, ""not_overextended"": true}",delinquency_count | utilization | income_inr | credit_age_months
0.0,0.35070415469558996,0.21100063544866104,9.0,,,undisclosed,give_me_some_credit,212000.0,74300.0,LIQ-000234,Increase 30%,0.3,275600.0,0.027003163512412748,Low,177575.0,225275.0,3116.806394465851,3954.0394791682083,4918.096201723956,0.10310474217450642,No reported delinquency in the harmonized source fields,"{""automatic_increases_enabled"": true, ""within_maximum_increase"": true, ""within_account_exposure"": true, ""within_expected_loss_ceiling"": true, ""meets_profitability_hurdle"": true, ""payment_history_eligible"": true, ""not_overextended"": true}",income_inr | credit_age_months
,,0.28751283341245654,,,,undisclosed,home_credit,160000.0,34200.0,LIQ-000235,Manual review,0.0,160000.0,0.08215167347213541,Moderate,128550.0,128550.0,6864.3884561479545,6864.3884561479545,0.0,0.0,Insufficient behavioral history | Manual review required,"{""automatic_increases_enabled"": true, ""within_maximum_increase"": true, ""within_account_exposure"": true, ""within_expected_loss_ceiling"": true, ""meets_profitability_hurdle"": false, ""payment_history_eligible"": false, ""not_overextended"": true}",delinquency_count | utilization | credit_lines | income_inr | credit_age_months
1.0,0.050445915898986615,,6.0,,134.79563230986398,undisclosed,fico_heloc,797000.0,40200.0,LIQ-000236,Manual review,0.0,797000.0,0.5633238530539945,Very high,607800.0,607800.0,222552.3546260416,222552.3546260416,0.0,0.0,Reported delinquency | Manual review required,"{""automatic_increases_enabled"": true, ""within_maximum_increase"": true, ""within_account_exposure"": true, ""within_expected_loss_ceiling"": false, ""meets_profitability_hurdle"": false, ""payment_history_eligible"": false, ""not_overextended"": true}",debt_to_income | income_inr
0.0,0.640418343812942,0.3254878624658934,8.0,1905837.4313256124,133.69875859987354,north_america,lending_club_full,476000.0,304800.0,LIQ-000237,No change,0.0,476000.0,0.3259219664803108,Very high,433200.0,433200.0,91773.10732152592,91773.10732152592,0.0,0.0,No reported delinquency in the harmonized source fields | Expected loss exceeds policy ceiling,"{""automatic_increases_enabled"": true, ""within_maximum_increase"": true, ""within_account_exposure"": true, ""within_expected_loss_ceiling"": false, ""meets_profitability_hurdle"": false, ""payment_history_eligible"": true, ""not_overextended"": true}",
0.0,0.24788138965410159,0.20029082532769893,9.0,,,undisclosed,give_me_some_credit,568000.0,140800.0,LIQ-000238,Increase 30%,0.3,738400.0,0.01738262833503447,Low,461200.0,589000.0,5210.9643222766335,6654.939258067947,6992.996606025776,0.05471828330223612,No reported delinquency in the harmonized source fields,"{""automatic_increases_enabled"": true, ""within_maximum_increase"": true, ""within_account_exposure"": true, ""within_expected_loss_ceiling"": true, ""meets_profitability_hurdle"": true, ""payment_history_eligible"": true, ""not_overextended"": true}",income_inr | credit_age_months
,,0.3150978079535961,7.0,,,europe,south_german_credit,459000.0,123200.0,LIQ-000239,Manual review,0.0,459000.0,0.22218004886003415,High,375050.0,375050.0,54163.607761221276,54163.607761221276,0.0,0.0,Insufficient behavioral history | Manual review required,"{""automatic_increases_enabled"": true, ""within_maximum_increase"": true, ""within_account_exposure"": true, ""within_expected_loss_ceiling"": false, ""meets_profitability_hurdle"": false, ""payment_history_eligible"": false, ""not_overextended"": true}",delinquency_count | utilization | income_inr | credit_age_months
,,0.14092692942028087,,,,undisclosed,home_credit,636000.0,218200.0,LIQ-000240,Manual review,0.0,636000.0,0.07856184138633404,Moderate,531550.0,531550.0,27143.705412788808,27143.705412788808,0.0,0.0,Insufficient behavioral history | Manual review required,"{""automatic_increases_enabled"": true, ""within_maximum_increase"": true, ""within_account_exposure"": true, ""within_expected_loss_ceiling"": true, ""meets_profitability_hurdle"": false, ""payment_history_eligible"": false, ""not_overextended"": true}",delinquency_count | utilization | credit_lines | income_inr | credit_age_months
2.0,0.9356910621146973,,,,,asia,taiwan_credit,250000.0,233900.0,LIQ-000241,Freeze automatic increases,0.0,250000.0,0.41346553725278784,Very high,245975.0,245975.0,66106.42059174042,66106.42059174042,0.0,0.0,Repeated delinquency,"{""automatic_increases_enabled"": true, ""within_maximum_increase"": true, ""within_account_exposure"": true, ""within_expected_loss_ceiling"": false, ""meets_profitability_hurdle"": false, ""payment_history_eligible"": false, ""not_overextended"": true}",debt_to_income | credit_lines | income_inr | credit_age_months
0.0,0.20208190183247637,0.2521959677995315,5.0,,,undisclosed,give_me_some_credit,209000.0,42200.0,LIQ-000242,Increase 30%,0.3,271700.0,0.01218182829731701,Low,167300.0,214325.0,1324.7129181917385,1697.0657273846045,1424.3057456350016,0.030288266786496577,No reported delinquency in the harmonized source fields,"{""automatic_increases_enabled"": true, ""within_maximum_increase"": true, ""within_account_exposure"": true, ""within_expected_loss_ceiling"": true, ""meets_profitability_hurdle"": true, ""payment_history_eligible"": true, ""not_overextended"": true}",income_inr | credit_age_months
1.0,0.5943283076406262,0.3631169997078081,8.0,,,undisclosed,give_me_some_credit,448000.0,266300.0,LIQ-000243,Manual review,0.0,448000.0,0.12048058673436289,Moderate,402575.0,402575.0,31526.606932980994,31526.606932980994,0.0,0.0,Reported delinquency | Manual review required,"{""automatic_increases_enabled"": true, ""within_maximum_increase"": true, ""within_account_exposure"": true, ""within_expected_loss_ceiling"": true, ""meets_profitability_hurdle"": false, ""payment_history_eligible"": false, ""not_overextended"": true}",income_inr | credit_age_months
0.0,0.5393491663185496,,11.0,,178.2310390678129,undisclosed,fico_heloc,289000.0,155900.0,LIQ-000244,No change,0.0,289000.0,0.5758088173370396,Very high,255725.0,255725.0,95711.6613787844,95711.6613787844,0.0,0.0,No reported delinquency in the harmonized source fields | Expected loss exceeds policy ceiling | Incremental return below profitability hurdle,"{""automatic_increases_enabled"": true, ""within_maximum_increase"": true, ""within_account_exposure"": true, ""within_expected_loss_ceiling"": false, ""meets_profitability_hurdle"": false, ""payment_history_eligible"": true, ""not_overextended"": true}",debt_to_income | income_inr
,,0.117589606455035,,,,undisclosed,home_credit,157000.0,55500.0,LIQ-000245,Manual review,0.0,157000.0,0.07639291007214889,Moderate,131625.0,131625.0,6535.890912360289,6535.890912360289,0.0,0.0,Insufficient behavioral history | Manual review required,"{""automatic_increases_enabled"": true, ""within_maximum_increase"": true, ""within_account_exposure"": true, ""within_expected_loss_ceiling"": true, ""meets_profitability_hurdle"": false, ""payment_history_eligible"": false, ""not_overextended"": true}",delinquency_count | utilization | credit_lines | income_inr | credit_age_months
0.0,0.6900732907713687,0.17092624918403754,9.0,560336.4289234373,42.95057523344362,north_america,lending_club_full,140000.0,96600.0,LIQ-000246,No change,0.0,140000.0,0.2694691833278992,High,129150.0,129150.0,22621.26426741882,22621.26426741882,0.0,0.0,No reported delinquency in the harmonized source fields | Expected loss exceeds policy ceiling,"{""automatic_increases_enabled"": true, ""within_maximum_increase"": true, ""within_account_exposure"": true, ""within_expected_loss_ceiling"": false, ""meets_profitability_hurdle"": false, ""payment_history_eligible"": true, ""not_overextended"": true}",
0.0,0.564646817573806,,,,,asia,taiwan_credit,209000.0,118000.0,LIQ-000247,Increase 30%,0.3,271700.0,0.11700374611728072,Moderate,186250.0,233275.0,14164.766014323299,17741.131769080628,7672.5994462913895,0.16316000949051335,No reported delinquency in the harmonized source fields,"{""automatic_increases_enabled"": true, ""within_maximum_increase"": true, ""within_account_exposure"": true, ""within_expected_loss_ceiling"": true, ""meets_profitability_hurdle"": true, ""payment_history_eligible"": true, ""not_overextended"": true}",debt_to_income | credit_lines | income_inr | credit_age_months
0.0,0.995492602706825,0.24958934029782737,7.0,338508.51107969985,262.4189614080489,north_america,lending_club_full,85000.0,84600.0,LIQ-000248,No change,0.0,85000.0,0.3424219197772629,Very high,84900.0,84900.0,18896.553642908253,18896.553642908253,0.0,0.0,No reported delinquency in the harmonized source fields | Expected loss exceeds policy ceiling,"{""automatic_increases_enabled"": true, ""within_maximum_increase"": true, ""within_account_exposure"": true, ""within_expected_loss_ceiling"": false, ""meets_profitability_hurdle"": false, ""payment_history_eligible"": true, ""not_overextended"": true}",
,,0.339247543442678,,,,undisclosed,home_credit,299000.0,74600.0,LIQ-000249,Manual review,0.0,299000.0,0.0814213387076708,Moderate,242900.0,242900.0,12855.208061860607,12855.208061860607,0.0,0.0,Insufficient behavioral history | Manual review required,"{""automatic_increases_enabled"": true, ""within_maximum_increase"": true, ""within_account_exposure"": true, ""within_expected_loss_ceiling"": true, ""meets_profitability_hurdle"": false, ""payment_history_eligible"": false, ""not_overextended"": true}",delinquency_count | utilization | credit_lines | income_inr | credit_age_months
,,0.43405796233360594,6.0,,,europe,south_german_credit,790000.0,78400.0,LIQ-000250,Manual review,0.0,790000.0,0.22701591571638202,High,612100.0,612100.0,90321.68730649834,90321.68730649834,0.0,0.0,Insufficient behavioral history | Manual review required,"{""automatic_increases_enabled"": true, ""within_maximum_increase"": true, ""within_account_exposure"": true, ""within_expected_loss_ceiling"": false, ""meets_profitability_hurdle"": false, ""payment_history_eligible"": false, ""not_overextended"": true}",delinquency_count | utilization | income_inr | credit_age_months
0.0,0.9154211725861612,0.6174183510966746,8.0,783011.9190094871,242.73131992508291,north_america,lending_club_full,196000.0,179400.0,LIQ-000251,Manual review,0.0,196000.0,0.38525668910788435,Very high,191850.0,191850.0,48042.472273475956,48042.472273475956,0.0,0.0,Customer-overextension safeguard | Manual review required,"{""automatic_increases_enabled"": true, ""within_maximum_increase"": true, ""within_account_exposure"": true, ""within_expected_loss_ceiling"": false, ""meets_profitability_hurdle"": false, ""payment_history_eligible"": true, ""not_overextended"": false}",
0.0,0.9291823994291569,0.12697992781805995,10.0,,,undisclosed,give_me_some_credit,749000.0,696000.0,LIQ-000252,Increase 30%,0.3,973700.0,0.09189095242159119,Moderate,735750.0,904275.0,43945.69935872072,54011.54915067235,64771.15337413835,0.38434151238177333,No reported delinquency in the harmonized source fields | High utilization with low estimated risk,"{""automatic_increases_enabled"": true, ""within_maximum_increase"": true, ""within_account_exposure"": true, ""within_expected_loss_ceiling"": true, ""meets_profitability_hurdle"": true, ""payment_history_eligible"": true, ""not_overextended"": true}",income_inr | credit_age_months
0.0,0.5444983032572304,,9.0,,347.0132108852571,undisclosed,fico_heloc,194000.0,105600.0,LIQ-000253,No change,0.0,194000.0,0.45852295907182244,Very high,171900.0,171900.0,51233.062831890085,51233.062831890085,0.0,0.0,No reported delinquency in the harmonized source fields | Expected loss exceeds policy ceiling | Incremental return below profitability hurdle,"{""automatic_increases_enabled"": true, ""within_maximum_increase"": true, ""within_account_exposure"": true, ""within_expected_loss_ceiling"": false, ""meets_profitability_hurdle"": false, ""payment_history_eligible"": true, ""not_overextended"": true}",debt_to_income | income_inr
0.0,0.8480297723905472,,,,,asia,taiwan_credit,416000.0,352800.0,LIQ-000254,Increase 30%,0.3,540800.0,0.13769992392818073,Moderate,400200.0,493800.0,35819.881211437656,44197.54458322817,28896.161892336182,0.30871967833692504,No reported delinquency in the harmonized source fields | High utilization with low estimated risk,"{""automatic_increases_enabled"": true, ""within_maximum_increase"": true, ""within_account_exposure"": true, ""within_expected_loss_ceiling"": true, ""meets_profitability_hurdle"": true, ""payment_history_eligible"": true, ""not_overextended"": true}",debt_to_income | credit_lines | income_inr | credit_age_months
,,0.06458217364865575,,,,undisclosed,home_credit,226000.0,89700.0,LIQ-000255,Manual review,0.0,226000.0,0.07181869197992795,Moderate,191925.0,191925.0,8959.471597860987,8959.471597860987,0.0,0.0,Insufficient behavioral history | Manual review required,"{""automatic_increases_enabled"": true, ""within_maximum_increase"": true, ""within_account_exposure"": true, ""within_expected_loss_ceiling"": true, ""meets_profitability_hurdle"": false, ""payment_history_eligible"": false, ""not_overextended"": true}",delinquency_count | utilization | credit_lines | income_inr | credit_age_months
,,0.32220711574898603,6.0,,,europe,south_german_credit,1278000.0,375000.0,LIQ-000256,Manual review,0.0,1278000.0,0.22768236734351413,High,1052250.0,1052250.0,155726.2011741883,155726.2011741883,0.0,0.0,Insufficient behavioral history | Manual review required,"{""automatic_increases_enabled"": true, ""within_maximum_increase"": true, ""within_account_exposure"": true, ""within_expected_loss_ceiling"": false, ""meets_profitability_hurdle"": false, ""payment_history_eligible"": false, ""not_overextended"": true}",delinquency_count | utilization | income_inr | credit_age_months
0.0,0.9240655806557612,0.32520716447869363,4.0,458589.52272485505,361.23688050301325,north_america,lending_club_full,115000.0,106300.0,LIQ-000257,No change,0.0,115000.0,0.3634376456504604,Very high,112825.0,112825.0,26653.15404083358,26653.15404083358,0.0,0.0,No reported delinquency in the harmonized source fields | Expected loss exceeds policy ceiling,"{""automatic_increases_enabled"": true, ""within_maximum_increase"": true, ""within_account_exposure"": true, ""within_expected_loss_ceiling"": false, ""meets_profitability_hurdle"": false, ""payment_history_eligible"": true, ""not_overextended"": true}",
,,0.5324007443290198,10.0,,,europe,south_german_credit,221000.0,18000.0,LIQ-000258,Manual review,0.0,221000.0,0.20137156743838688,High,170250.0,170250.0,22284.28108165049,22284.28108165049,0.0,0.0,Insufficient behavioral history | Manual review required,"{""automatic_increases_enabled"": true, ""within_maximum_increase"": true, ""within_account_exposure"": true, ""within_expected_loss_ceiling"": false, ""meets_profitability_hurdle"": false, ""payment_history_eligible"": false, ""not_overextended"": true}",delinquency_count | utilization | income_inr | credit_age_months
,,0.4316168404600029,,,,undisclosed,home_credit,288000.0,52800.0,LIQ-000259,Manual review,0.0,288000.0,0.0816667968826516,Moderate,229200.0,229200.0,12166.719399577438,12166.719399577438,0.0,0.0,Insufficient behavioral history | Manual review required,"{""automatic_increases_enabled"": true, ""within_maximum_increase"": true, ""within_account_exposure"": true, ""within_expected_loss_ceiling"": true, ""meets_profitability_hurdle"": false, ""payment_history_eligible"": false, ""not_overextended"": true}",delinquency_count | utilization | credit_lines | income_inr | credit_age_months
1.0,0.7019624114943381,,,,,asia,taiwan_credit,371000.0,260400.0,LIQ-000260,Manual review,0.0,371000.0,0.31791025366103043,Very high,343350.0,343350.0,70950.41563643463,70950.41563643463,0.0,0.0,Reported delinquency | Manual review required,"{""automatic_increases_enabled"": true, ""within_maximum_increase"": true, ""within_account_exposure"": true, ""within_expected_loss_ceiling"": false, ""meets_profitability_hurdle"": false, ""payment_history_eligible"": false, ""not_overextended"": true}",debt_to_income | credit_lines | income_inr | credit_age_months
0.0,0.6577653839676612,,9.0,,117.71608672759791,undisclosed,fico_heloc,393000.0,258500.0,LIQ-000261,No change,0.0,393000.0,0.737098589643851,Very high,359375.0,359375.0,172181.62367461834,172181.62367461834,0.0,0.0,No reported delinquency in the harmonized source fields | Expected loss exceeds policy ceiling | Incremental return below profitability hurdle,"{""automatic_increases_enabled"": true, ""within_maximum_increase"": true, ""within_account_exposure"": true, ""within_expected_loss_ceiling"": false, ""meets_profitability_hurdle"": false, ""payment_history_eligible"": true, ""not_overextended"": true}",debt_to_income | income_inr
0.0,0.2619519123499516,,5.0,,157.86404623574526,undisclosed,fico_heloc,466000.0,122100.0,LIQ-000262,No change,0.0,466000.0,0.43906805434313684,Very high,380025.0,380025.0,108456.9442786379,108456.9442786379,0.0,0.0,No reported delinquency in the harmonized source fields | Expected loss exceeds policy ceiling | Incremental return below profitability hurdle,"{""automatic_increases_enabled"": true, ""within_maximum_increase"": true, ""within_account_exposure"": true, ""within_expected_loss_ceiling"": false, ""meets_profitability_hurdle"": false, ""payment_history_eligible"": true, ""not_overextended"": true}",debt_to_income | income_inr
1.0,0.4761302106792709,,3.0,,236.8986434901857,undisclosed,fico_heloc,350000.0,166600.0,LIQ-000263,Manual review,0.0,350000.0,0.5761668702396592,Very high,304150.0,304150.0,113906.74982920503,113906.74982920503,0.0,0.0,Reported delinquency | Manual review required,"{""automatic_increases_enabled"": true, ""within_maximum_increase"": true, ""within_account_exposure"": true, ""within_expected_loss_ceiling"": false, ""meets_profitability_hurdle"": false, ""payment_history_eligible"": false, ""not_overextended"": true}",debt_to_income | income_inr
0.0,0.8112624639985647,0.25903676905266937,9.0,491418.83476631413,204.32278250506164,north_america,lending_club_full,123000.0,99800.0,LIQ-000264,No change,0.0,123000.0,0.3238061019572369,Very high,117200.0,117200.0,24667.54884710231,24667.54884710231,0.0,0.0,No reported delinquency in the harmonized source fields | Expected loss exceeds policy ceiling,"{""automatic_increases_enabled"": true, ""within_maximum_increase"": true, ""within_account_exposure"": true, ""within_expected_loss_ceiling"": false, ""meets_profitability_hurdle"": false, ""payment_history_eligible"": true, ""not_overextended"": true}",
0.0,0.9987854214172922,,8.0,,176.83309446869484,undisclosed,fico_heloc,281000.0,280700.0,LIQ-000265,No change,0.0,281000.0,0.6756600091319158,Very high,280925.0,280925.0,123376.36224249924,123376.36224249924,0.0,0.0,No reported delinquency in the harmonized source fields | Expected loss exceeds policy ceiling,"{""automatic_increases_enabled"": true, ""within_maximum_increase"": true, ""within_account_exposure"": true, ""within_expected_loss_ceiling"": false, ""meets_profitability_hurdle"": false, ""payment_history_eligible"": true, ""not_overextended"": true}",debt_to_income | income_inr
0.0,0.9731665731521649,0.18407452045253173,9.0,652083.4883359054,130.50661526139172,north_america,lending_club_full,163000.0,158600.0,LIQ-000266,No change,0.0,163000.0,0.2997707781498207,High,161900.0,161900.0,31546.377838596385,31546.377838596385,0.0,0.0,No reported delinquency in the harmonized source fields | Expected loss exceeds policy ceiling,"{""automatic_increases_enabled"": true, ""within_maximum_increase"": true, ""within_account_exposure"": true, ""within_expected_loss_ceiling"": false, ""meets_profitability_hurdle"": false, ""payment_history_eligible"": true, ""not_overextended"": true}",
0.0,0.7752120619133448,,8.0,,114.9297013335807,undisclosed,fico_heloc,226000.0,175200.0,LIQ-000267,No change,0.0,226000.0,0.7583977786946751,Very high,213300.0,213300.0,105148.06002712323,105148.06002712323,0.0,0.0,No reported delinquency in the harmonized source fields | Expected loss exceeds policy ceiling | Incremental return below profitability hurdle,"{""automatic_increases_enabled"": true, ""within_maximum_increase"": true, ""within_account_exposure"": true, ""within_expected_loss_ceiling"": false, ""meets_profitability_hurdle"": false, ""payment_history_eligible"": true, ""not_overextended"": true}",debt_to_income | income_inr
0.0,0.24477957093366634,0.12810251617481094,11.0,,,undisclosed,give_me_some_credit,542000.0,132700.0,LIQ-000268,Increase 30%,0.3,704600.0,0.019090969946142785,Low,439675.0,561625.0,5455.984437195714,6969.277897401587,6319.528133414045,0.05182064890048418,No reported delinquency in the harmonized source fields,"{""automatic_increases_enabled"": true, ""within_maximum_increase"": true, ""within_account_exposure"": true, ""within_expected_loss_ceiling"": true, ""meets_profitability_hurdle"": true, ""payment_history_eligible"": true, ""not_overextended"": true}",income_inr | credit_age_months
0.0,0.6708617846554333,0.47732215501393427,10.0,1197811.311682202,157.95764671376025,north_america,lending_club_full,299000.0,200600.0,LIQ-000269,No change,0.0,299000.0,0.3903261696244022,Very high,274400.0,274400.0,69618.57561420837,69618.57561420837,0.0,0.0,No reported delinquency in the harmonized source fields | Expected loss exceeds policy ceiling,"{""automatic_increases_enabled"": true, ""within_maximum_increase"": true, ""within_account_exposure"": true, ""within_expected_loss_ceiling"": false, ""meets_profitability_hurdle"": false, ""payment_history_eligible"": true, ""not_overextended"": true}",
0.0,0.8309874689773474,0.08936152592995973,7.0,,,undisclosed,give_me_some_credit,304000.0,252600.0,LIQ-000270,Increase 30%,0.3,395200.0,0.07386062053083157,Moderate,291150.0,359550.0,13977.937783908548,17261.78097270932,23259.999382790462,0.34005847050863247,No reported delinquency in the harmonized source fields | High utilization with low estimated risk,"{""automatic_increases_enabled"": true, ""within_maximum_increase"": true, ""within_account_exposure"": true, ""within_expected_loss_ceiling"": true, ""meets_profitability_hurdle"": true, ""payment_history_eligible"": true, ""not_overextended"": true}",income_inr | credit_age_months
,,0.05921827081304045,11.0,,,europe,south_german_credit,761000.0,252500.0,LIQ-000271,Manual review,0.0,761000.0,0.1768892413658035,High,633875.0,633875.0,72881.68411598666,72881.68411598666,0.0,0.0,Insufficient behavioral history | Manual review required,"{""automatic_increases_enabled"": true, ""within_maximum_increase"": true, ""within_account_exposure"": true, ""within_expected_loss_ceiling"": true, ""meets_profitability_hurdle"": false, ""payment_history_eligible"": false, ""not_overextended"": true}",delinquency_count | utilization | income_inr | credit_age_months
1.0,0.30097163938588123,,,,,asia,taiwan_credit,113000.0,34000.0,LIQ-000272,Manual review,0.0,113000.0,0.26010381329533466,High,93250.0,93250.0,15765.542383363472,15765.542383363472,0.0,0.0,Reported delinquency | Manual review required,"{""automatic_increases_enabled"": true, ""within_maximum_increase"": true, ""within_account_exposure"": true, ""within_expected_loss_ceiling"": false, ""meets_profitability_hurdle"": false, ""payment_history_eligible"": false, ""not_overextended"": true}",debt_to_income | credit_lines | income_inr | credit_age_months
0.0,0.07673000185916912,,,,,asia,taiwan_credit,226000.0,17300.0,LIQ-000273,No change,0.0,226000.0,0.0885269353873747,Moderate,173825.0,173825.0,10002.326453411764,10002.326453411764,0.0,0.0,No reported delinquency in the harmonized source fields | Low utilization provides no evidence of additional need | Incremental return below profitability hurdle,"{""automatic_increases_enabled"": true, ""within_maximum_increase"": true, ""within_account_exposure"": true, ""within_expected_loss_ceiling"": true, ""meets_profitability_hurdle"": false, ""payment_history_eligible"": true, ""not_overextended"": true}",debt_to_income | credit_lines | income_inr | credit_age_months
2.0,0.17954931592276582,,,,,asia,taiwan_credit,780000.0,140000.0,LIQ-000274,Freeze automatic increases,0.0,780000.0,0.3399779921406713,Very high,620000.0,620000.0,137011.13083269054,137011.13083269054,0.0,0.0,Repeated delinquency,"{""automatic_increases_enabled"": true, ""within_maximum_increase"": true, ""within_account_exposure"": true, ""within_expected_loss_ceiling"": false, ""meets_profitability_hurdle"": false, ""payment_history_eligible"": false, ""not_overextended"": true}",debt_to_income | credit_lines | income_inr | credit_age_months
0.0,0.7269693488836337,,,,,asia,taiwan_credit,1150000.0,836000.0,LIQ-000275,Increase 30%,0.3,1495000.0,0.1275675660662086,Moderate,1071500.0,1330250.0,88847.62057596263,110302.89059372309,64536.710048945664,0.24941723690413783,No reported delinquency in the harmonized source fields | High utilization with low estimated risk,"{""automatic_increases_enabled"": true, ""within_maximum_increase"": true, ""within_account_exposure"": true, ""within_expected_loss_ceiling"": true, ""meets_profitability_hurdle"": true, ""payment_history_eligible"": true, ""not_overextended"": true}",debt_to_income | credit_lines | income_inr | credit_age_months
1.0,0.7659934725183409,,5.0,,92.73045800534135,undisclosed,fico_heloc,1547000.0,1185000.0,LIQ-000276,Manual review,0.0,1547000.0,0.7786324799042644,Very high,1456500.0,1456500.0,737150.8345373648,737150.8345373648,0.0,0.0,Reported delinquency | Manual review required,"{""automatic_increases_enabled"": true, ""within_maximum_increase"": true, ""within_account_exposure"": true, ""within_expected_loss_ceiling"": false, ""meets_profitability_hurdle"": false, ""payment_history_eligible"": false, ""not_overextended"": true}",debt_to_income | income_inr
,,0.30102425989195614,,,,undisclosed,home_credit,362000.0,126100.0,LIQ-000277,Manual review,0.0,362000.0,0.08203099212858951,Moderate,303025.0,303025.0,16157.336903347796,16157.336903347796,0.0,0.0,Insufficient behavioral history | Manual review required,"{""automatic_increases_enabled"": true, ""within_maximum_increase"": true, ""within_account_exposure"": true, ""within_expected_loss_ceiling"": true, ""meets_profitability_hurdle"": false, ""payment_history_eligible"": false, ""not_overextended"": true}",delinquency_count | utilization | credit_lines | income_inr | credit_age_months
,,0.41440707997734366,7.0,,,europe,south_german_credit,471000.0,292100.0,LIQ-000278,Manual review,0.0,471000.0,0.22147550243241296,High,426275.0,426275.0,61366.15536959495,61366.15536959495,0.0,0.0,Insufficient behavioral history | Manual review required,"{""automatic_increases_enabled"": true, ""within_maximum_increase"": true, ""within_account_exposure"": true, ""within_expected_loss_ceiling"": false, ""meets_profitability_hurdle"": false, ""payment_history_eligible"": false, ""not_overextended"": true}",delinquency_count | utilization | income_inr | credit_age_months
0.0,1.1359274232418624,0.2728548927872483,8.0,657462.7525669492,175.76082775606235,north_america,lending_club_full,164000.0,186300.0,LIQ-000279,Manual review,0.0,164000.0,0.3658637737196342,Very high,164000.0,164000.0,39001.07827851301,39001.07827851301,0.0,0.0,Customer-overextension safeguard | Manual review required,"{""automatic_increases_enabled"": true, ""within_maximum_increase"": true, ""within_account_exposure"": true, ""within_expected_loss_ceiling"": false, ""meets_profitability_hurdle"": false, ""payment_history_eligible"": true, ""not_overextended"": false}",
0.0,0.3716633252070753,0.41319619614439596,4.0,409578.68951044994,211.13752918922953,north_america,lending_club_full,102000.0,37900.0,LIQ-000280,No change,0.0,102000.0,0.345964928384159,Very high,85975.0,85975.0,19333.817566588245,19333.817566588245,0.0,0.0,No reported delinquency in the harmonized source fields | Expected loss exceeds policy ceiling | Incremental return below profitability hurdle,"{""automatic_increases_enabled"": true, ""within_maximum_increase"": true, ""within_account_exposure"": true, ""within_expected_loss_ceiling"": false, ""meets_profitability_hurdle"": false, ""payment_history_eligible"": true, ""not_overextended"": true}",
1.0,0.14929759685207725,0.16506929168388568,8.0,,,undisclosed,give_me_some_credit,429000.0,64000.0,LIQ-000281,Manual review,0.0,429000.0,0.05425579497836431,Moderate,337750.0,337750.0,11911.181590062655,11911.181590062655,0.0,0.0,Reported delinquency | Manual review required,"{""automatic_increases_enabled"": true, ""within_maximum_increase"": true, ""within_account_exposure"": true, ""within_expected_loss_ceiling"": true, ""meets_profitability_hurdle"": false, ""payment_history_eligible"": false, ""not_overextended"": true}",income_inr | credit_age_months
0.0,0.46756267388423295,,6.0,,124.21095553714885,undisclosed,fico_heloc,639000.0,298800.0,LIQ-000282,No change,0.0,639000.0,0.6739765494785884,Very high,553950.0,553950.0,242677.05122938164,242677.05122938164,0.0,0.0,No reported delinquency in the harmonized source fields | Expected loss exceeds policy ceiling | Incremental return below profitability hurdle,"{""automatic_increases_enabled"": true, ""within_maximum_increase"": true, ""within_account_exposure"": true, ""within_expected_loss_ceiling"": false, ""meets_profitability_hurdle"": false, ""payment_history_eligible"": true, ""not_overextended"": true}",debt_to_income | income_inr
,,0.12159975077563392,,,,undisclosed,home_credit,472000.0,253400.0,LIQ-000283,Manual review,0.0,472000.0,0.07786769700634437,Moderate,417350.0,417350.0,21123.754174638587,21123.754174638587,0.0,0.0,Insufficient behavioral history | Manual review required,"{""automatic_increases_enabled"": true, ""within_maximum_increase"": true, ""within_account_exposure"": true, ""within_expected_loss_ceiling"": true, ""meets_profitability_hurdle"": false, ""payment_history_eligible"": false, ""not_overextended"": true}",delinquency_count | utilization | credit_lines | income_inr | credit_age_months
1.0,1.122952025982587,0.28459195407091203,11.0,1373875.744006999,79.62739294847795,north_america,lending_club_full,343000.0,385200.0,LIQ-000284,Manual review,0.0,343000.0,0.3428379183190793,Very high,343000.0,343000.0,76435.71388923873,76435.71388923873,0.0,0.0,Reported delinquency | Manual review required,"{""automatic_increases_enabled"": true, ""within_maximum_increase"": true, ""within_account_exposure"": true, ""within_expected_loss_ceiling"": false, ""meets_profitability_hurdle"": false, ""payment_history_eligible"": false, ""not_overextended"": false}",
0.0,0.4017853258224195,0.1908807873967115,4.0,,,undisclosed,give_me_some_credit,193000.0,77500.0,LIQ-000285,Increase 30%,0.3,250900.0,0.024459189880217905,Low,164125.0,207550.0,2609.336950408996,3299.728158765497,5762.768189459601,0.13270623349360047,No reported delinquency in the harmonized source fields,"{""automatic_increases_enabled"": true, ""within_maximum_increase"": true, ""within_account_exposure"": true, ""within_expected_loss_ceiling"": true, ""meets_profitability_hurdle"": true, ""payment_history_eligible"": true, ""not_overextended"": true}",income_inr | credit_age_months
0.0,0.5358517788124741,,7.0,,109.83982439279968,undisclosed,fico_heloc,283000.0,151600.0,LIQ-000286,No change,0.0,283000.0,0.7150919586984966,Very high,250150.0,250150.0,116272.16475447881,116272.16475447881,0.0,0.0,No reported delinquency in the harmonized source fields | Expected loss exceeds policy ceiling | Incremental return below profitability hurdle,"{""automatic_increases_enabled"": true, ""within_maximum_increase"": true, ""within_account_exposure"": true, ""within_expected_loss_ceiling"": false, ""meets_profitability_hurdle"": false, ""payment_history_eligible"": true, ""not_overextended"": true}",debt_to_income | income_inr
0.0,0.2093131239702478,0.4751474765691539,9.0,,,undisclosed,give_me_some_credit,249000.0,52100.0,LIQ-000287,Increase 30%,0.3,323700.0,0.016601988898963162,Low,199775.0,255800.0,2155.8305159887377,2760.412694230605,1794.987873686261,0.032039051739156825,No reported delinquency in the harmonized source fields,"{""automatic_increases_enabled"": true, ""within_maximum_increase"": true, ""within_account_exposure"": true, ""within_expected_loss_ceiling"": true, ""meets_profitability_hurdle"": true, ""payment_history_eligible"": true, ""not_overextended"": true}",income_inr | credit_age_months
0.0,0.6931438472714164,,,,,asia,taiwan_credit,162000.0,112300.0,LIQ-000288,Increase 30%,0.3,210600.0,0.12517232622067112,Moderate,149575.0,186025.0,12169.722951396976,15135.368290380226,8309.82234941586,0.22797866527889873,No reported delinquency in the harmonized source fields | High utilization with low estimated risk,"{""automatic_increases_enabled"": true, ""within_maximum_increase"": true, ""within_account_exposure"": true, ""within_expected_loss_ceiling"": true, ""meets_profitability_hurdle"": true, ""payment_history_eligible"": true, ""not_overextended"": true}",debt_to_income | credit_lines | income_inr | credit_age_months
0.0,0.3827117840222466,0.48068280541847735,4.0,,,undisclosed,give_me_some_credit,120000.0,45900.0,LIQ-000289,Increase 30%,0.3,156000.0,0.024655179834686413,Low,101475.0,128475.0,1626.2248429211224,2058.923249019869,3226.037746573458,0.11948287950272067,No reported delinquency in the harmonized source fields,"{""automatic_increases_enabled"": true, ""within_maximum_increase"": true, ""within_account_exposure"": true, ""within_expected_loss_ceiling"": true, ""meets_profitability_hurdle"": true, ""payment_history_eligible"": true, ""not_overextended"": true}",income_inr | credit_age_months
,,0.39184577519231734,6.0,,,europe,south_german_credit,266000.0,128800.0,LIQ-000290,Manual review,0.0,266000.0,0.22639794351439568,High,231700.0,231700.0,34096.66228298556,34096.66228298556,0.0,0.0,Insufficient behavioral history | Manual review required,"{""automatic_increases_enabled"": true, ""within_maximum_increase"": true, ""within_account_exposure"": true, ""within_expected_loss_ceiling"": false, ""meets_profitability_hurdle"": false, ""payment_history_eligible"": false, ""not_overextended"": true}",delinquency_count | utilization | income_inr | credit_age_months
0.0,0.6928117202843959,0.12033320183677504,6.0,1634433.5082612191,80.59548508407013,north_america,lending_club_full,409000.0,283400.0,LIQ-000291,No change,0.0,409000.0,0.21350916140409923,High,377600.0,377600.0,52403.68857502212,52403.68857502212,0.0,0.0,No reported delinquency in the harmonized source fields | Expected loss exceeds policy ceiling,"{""automatic_increases_enabled"": true, ""within_maximum_increase"": true, ""within_account_exposure"": true, ""within_expected_loss_ceiling"": false, ""meets_profitability_hurdle"": false, ""payment_history_eligible"": true, ""not_overextended"": true}",
,,0.042807297920397315,10.0,,,europe,south_german_credit,375000.0,112400.0,LIQ-000292,Manual review,0.0,375000.0,0.17721600998389728,High,309350.0,309350.0,35634.1522475371,35634.1522475371,0.0,0.0,Insufficient behavioral history | Manual review required,"{""automatic_increases_enabled"": true, ""within_maximum_increase"": true, ""within_account_exposure"": true, ""within_expected_loss_ceiling"": true, ""meets_profitability_hurdle"": false, ""payment_history_eligible"": false, ""not_overextended"": true}",delinquency_count | utilization | income_inr | credit_age_months
0.0,0.261609367650611,,,,,asia,taiwan_credit,502000.0,131300.0,LIQ-000293,Increase 30%,0.3,652600.0,0.08161477102789616,Moderate,409325.0,522275.0,21714.527998145837,27706.4804500864,2303.390113469519,0.02039300675935829,No reported delinquency in the harmonized source fields,"{""automatic_increases_enabled"": true, ""within_maximum_increase"": true, ""within_account_exposure"": true, ""within_expected_loss_ceiling"": true, ""meets_profitability_hurdle"": true, ""payment_history_eligible"": true, ""not_overextended"": true}",debt_to_income | credit_lines | income_inr | credit_age_months
1.0,0.30114911137585637,,7.0,,62.7196907863314,undisclosed,fico_heloc,396000.0,119300.0,LIQ-000294,Manual review,0.0,396000.0,0.736539933228827,Very high,326825.0,326825.0,156467.7813903824,156467.7813903824,0.0,0.0,Reported delinquency | Manual review required,"{""automatic_increases_enabled"": true, ""within_maximum_increase"": true, ""within_account_exposure"": true, ""within_expected_loss_ceiling"": false, ""meets_profitability_hurdle"": false, ""payment_history_eligible"": false, ""not_overextended"": true}",debt_to_income | income_inr
1.0,0.6446585793047611,,,,,asia,taiwan_credit,296000.0,190800.0,LIQ-000295,Manual review,0.0,296000.0,0.3094527105682379,Very high,269700.0,269700.0,54248.607426164956,54248.607426164956,0.0,0.0,Reported delinquency | Manual review required,"{""automatic_increases_enabled"": true, ""within_maximum_increase"": true, ""within_account_exposure"": true, ""within_expected_loss_ceiling"": false, ""meets_profitability_hurdle"": false, ""payment_history_eligible"": false, ""not_overextended"": true}",debt_to_income | credit_lines | income_inr | credit_age_months
0.0,0.23736949640426153,0.4282850293805042,8.0,425430.6560609149,69.50297231939322,north_america,lending_club_full,106000.0,25200.0,LIQ-000296,No change,0.0,106000.0,0.3343486256341888,Very high,85800.0,85800.0,18646.62285161871,18646.62285161871,0.0,0.0,No reported delinquency in the harmonized source fields | Expected loss exceeds policy ceiling | Incremental return below profitability hurdle,"{""automatic_increases_enabled"": true, ""within_maximum_increase"": true, ""within_account_exposure"": true, ""within_expected_loss_ceiling"": false, ""meets_profitability_hurdle"": false, ""payment_history_eligible"": true, ""not_overextended"": true}",
0.0,0.6932677168218557,0.2941057372299546,10.0,707843.330934088,104.57354547976868,north_america,lending_club_full,177000.0,122700.0,LIQ-000297,No change,0.0,177000.0,0.28986598431737914,High,163425.0,163425.0,30791.376516594,30791.376516594,0.0,0.0,No reported delinquency in the harmonized source fields | Expected loss exceeds policy ceiling,"{""automatic_increases_enabled"": true, ""within_maximum_increase"": true, ""within_account_exposure"": true, ""within_expected_loss_ceiling"": false, ""meets_profitability_hurdle"": false, ""payment_history_eligible"": true, ""not_overextended"": true}",
,,0.43581094755173333,,,,undisclosed,home_credit,328000.0,125600.0,LIQ-000298,Manual review,0.0,328000.0,0.0816667968826516,Moderate,277400.0,277400.0,14725.340145910912,14725.340145910912,0.0,0.0,Insufficient behavioral history | Manual review required,"{""automatic_increases_enabled"": true, ""within_maximum_increase"": true, ""within_account_exposure"": true, ""within_expected_loss_ceiling"": true, ""meets_profitability_hurdle"": false, ""payment_history_eligible"": false, ""not_overextended"": true}",delinquency_count | utilization | credit_lines | income_inr | credit_age_months
1.0,0.8565329103044533,0.10571613442356635,9.0,3286468.9485098594,209.28211397447126,north_america,lending_club_full,822000.0,704100.0,LIQ-000299,Manual review,0.0,822000.0,0.21019357276538989,High,792525.0,792525.0,108279.3798163289,108279.3798163289,0.0,0.0,Reported delinquency | Manual review required,"{""automatic_increases_enabled"": true, ""within_maximum_increase"": true, ""within_account_exposure"": true, ""within_expected_loss_ceiling"": false, ""meets_profitability_hurdle"": false, ""payment_history_eligible"": false, ""not_overextended"": true}",
0.0,0.4616706369716694,,8.0,,251.99143888203847,undisclosed,fico_heloc,310000.0,143100.0,LIQ-000300,No change,0.0,310000.0,0.43561146636847176,Very high,268275.0,268275.0,75961.38299100116,75961.38299100116,0.0,0.0,No reported delinquency in the harmonized source fields | Expected loss exceeds policy ceiling | Incremental return below profitability hurdle,"{""automatic_increases_enabled"": true, ""within_maximum_increase"": true, ""within_account_exposure"": true, ""within_expected_loss_ceiling"": false, ""meets_profitability_hurdle"": false, ""payment_history_eligible"": true, ""not_overextended"": true}",debt_to_income | income_inr
1.0,0.18931321755611855,,11.0,,97.12871237740367,undisclosed,fico_heloc,217000.0,41100.0,LIQ-000301,Manual review,0.0,217000.0,0.6343716745912625,Very high,173025.0,173025.0,71345.40334749958,71345.40334749958,0.0,0.0,Reported delinquency | Manual review required,"{""automatic_increases_enabled"": true, ""within_maximum_increase"": true, ""within_account_exposure"": true, ""within_expected_loss_ceiling"": false, ""meets_profitability_hurdle"": false, ""payment_history_eligible"": false, ""not_overextended"": true}",debt_to_income | income_inr
,,0.09086485960618507,9.0,,,europe,south_german_credit,248000.0,164000.0,LIQ-000302,Manual review,0.0,248000.0,0.19716841387382045,High,227000.0,227000.0,29092.19946708221,29092.19946708221,0.0,0.0,Insufficient behavioral history | Manual review required,"{""automatic_increases_enabled"": true, ""within_maximum_increase"": true, ""within_account_exposure"": true, ""within_expected_loss_ceiling"": false, ""meets_profitability_hurdle"": false, ""payment_history_eligible"": false, ""not_overextended"": true}",delinquency_count | utilization | income_inr | credit_age_months
,,0.32884342032054703,7.0,,,europe,south_german_credit,243000.0,141800.0,LIQ-000303,Manual review,0.0,243000.0,0.22185482416215532,High,217700.0,217700.0,31393.56689306579,31393.56689306579,0.0,0.0,Insufficient behavioral history | Manual review required,"{""automatic_increases_enabled"": true, ""within_maximum_increase"": true, ""within_account_exposure"": true, ""within_expected_loss_ceiling"": false, ""meets_profitability_hurdle"": false, ""payment_history_eligible"": false, ""not_overextended"": true}",delinquency_count | utilization | income_inr | credit_age_months
0.0,0.3584592952161234,,7.0,,57.62353387682694,undisclosed,fico_heloc,290000.0,104000.0,LIQ-000304,No change,0.0,290000.0,0.7190644132953077,Very high,243500.0,243500.0,113809.92001431482,113809.92001431482,0.0,0.0,No reported delinquency in the harmonized source fields | Expected loss exceeds policy ceiling | Incremental return below profitability hurdle,"{""automatic_increases_enabled"": true, ""within_maximum_increase"": true, ""within_account_exposure"": true, ""within_expected_loss_ceiling"": false, ""meets_profitability_hurdle"": false, ""payment_history_eligible"": true, ""not_overextended"": true}",debt_to_income | income_inr
,,0.2529907814044158,5.0,,,europe,south_german_credit,536000.0,164400.0,LIQ-000305,Manual review,0.0,536000.0,0.22416899442054605,High,443100.0,443100.0,64564.03292803357,64564.03292803357,0.0,0.0,Insufficient behavioral history | Manual review required,"{""automatic_increases_enabled"": true, ""within_maximum_increase"": true, ""within_account_exposure"": true, ""within_expected_loss_ceiling"": false, ""meets_profitability_hurdle"": false, ""payment_history_eligible"": false, ""not_overextended"": true}",delinquency_count | utilization | income_inr | credit_age_months
,,0.3060245675169054,,,,undisclosed,home_credit,456000.0,129800.0,LIQ-000306,Manual review,0.0,456000.0,0.08203099212858951,Moderate,374450.0,374450.0,19965.728251657725,19965.728251657725,0.0,0.0,Insufficient behavioral history | Manual review required,"{""automatic_increases_enabled"": true, ""within_maximum_increase"": true, ""within_account_exposure"": true, ""within_expected_loss_ceiling"": true, ""meets_profitability_hurdle"": false, ""payment_history_eligible"": false, ""not_overextended"": true}",delinquency_count | utilization | credit_lines | income_inr | credit_age_months
1.0,0.29447135719542067,0.18079315752195219,13.0,,,undisclosed,give_me_some_credit,957000.0,281800.0,LIQ-000307,Manual review,0.0,957000.0,0.07099924588820918,Moderate,788200.0,788200.0,36375.04364590621,36375.04364590621,0.0,0.0,Reported delinquency | Manual review required,"{""automatic_increases_enabled"": true, ""within_maximum_increase"": true, ""within_account_exposure"": true, ""within_expected_loss_ceiling"": true, ""meets_profitability_hurdle"": false, ""payment_history_eligible"": false, ""not_overextended"": true}",income_inr | credit_age_months
0.0,0.5768783922249052,,9.0,,128.81587491411761,undisclosed,fico_heloc,769000.0,443600.0,LIQ-000308,No change,0.0,769000.0,0.7090037268287998,Very high,687650.0,687650.0,316905.16828998574,316905.16828998574,0.0,0.0,No reported delinquency in the harmonized source fields | Expected loss exceeds policy ceiling | Incremental return below profitability hurdle,"{""automatic_increases_enabled"": true, ""within_maximum_increase"": true, ""within_account_exposure"": true, ""within_expected_loss_ceiling"": false, ""meets_profitability_hurdle"": false, ""payment_history_eligible"": true, ""not_overextended"": true}",debt_to_income | income_inr
0.0,0.5035227650213511,0.18458094751793822,5.0,,,undisclosed,give_me_some_credit,1248000.0,628400.0,LIQ-000309,Increase 30%,0.3,1622400.0,0.03217817279887061,Low,1093100.0,1373900.0,22863.074446189556,28736.23454543942,52677.00817728677,0.1875961829675455,No reported delinquency in the harmonized source fields,"{""automatic_increases_enabled"": true, ""within_maximum_increase"": true, ""within_account_exposure"": true, ""within_expected_loss_ceiling"": true, ""meets_profitability_hurdle"": true, ""payment_history_eligible"": true, ""not_overextended"": true}",income_inr | credit_age_months
,,0.2650027134423653,,,,undisclosed,home_credit,503000.0,131400.0,LIQ-000310,Manual review,0.0,503000.0,0.0822952082090523,Moderate,410100.0,410100.0,21937.022176246028,21937.022176246028,0.0,0.0,Insufficient behavioral history | Manual review required,"{""automatic_increases_enabled"": true, ""within_maximum_increase"": true, ""within_account_exposure"": true, ""within_expected_loss_ceiling"": true, ""meets_profitability_hurdle"": false, ""payment_history_eligible"": false, ""not_overextended"": true}",delinquency_count | utilization | credit_lines | income_inr | credit_age_months
0.0,0.5735582750872453,,,,,asia,taiwan_credit,498000.0,285600.0,LIQ-000311,Increase 30%,0.3,647400.0,0.11803659568263603,Moderate,444900.0,556950.0,34134.412922483105,42731.31327753869,19009.33794366714,0.16965049481184416,No reported delinquency in the harmonized source fields,"{""automatic_increases_enabled"": true, ""within_maximum_increase"": true, ""within_account_exposure"": true, ""within_expected_loss_ceiling"": true, ""meets_profitability_hurdle"": true, ""payment_history_eligible"": true, ""not_overextended"": true}",debt_to_income | credit_lines | income_inr | credit_age_months
0.0,0.5190088531369225,0.34609188324026174,8.0,,,undisclosed,give_me_some_credit,255000.0,132300.0,LIQ-000312,Increase 30%,0.3,331500.0,0.03890106544485116,Low,224325.0,281700.0,5672.212978845554,7122.979588279472,10861.980297342507,0.18931556073799577,No reported delinquency in the harmonized source fields,"{""automatic_increases_enabled"": true, ""within_maximum_increase"": true, ""within_account_exposure"": true, ""within_expected_loss_ceiling"": true, ""meets_profitability_hurdle"": true, ""payment_history_eligible"": true, ""not_overextended"": true}",income_inr | credit_age_months
0.0,0.6764222017826725,0.670750806400234,8.0,2963580.876174732,291.01534702846817,north_america,lending_club_full,741000.0,501200.0,LIQ-000313,Manual review,0.0,741000.0,0.3306538271554858,Very high,681050.0,681050.0,146374.66283975836,146374.66283975836,0.0,0.0,Customer-overextension safeguard | Manual review required,"{""automatic_increases_enabled"": true, ""within_maximum_increase"": true, ""within_account_exposure"": true, ""within_expected_loss_ceiling"": false, ""meets_profitability_hurdle"": false, ""payment_history_eligible"": true, ""not_overextended"": false}",
0.0,0.29232651445267793,,8.0,,100.79736522130898,undisclosed,fico_heloc,228000.0,66700.0,LIQ-000314,No change,0.0,228000.0,0.611058525785356,Very high,187675.0,187675.0,74542.26573739835,74542.26573739835,0.0,0.0,No reported delinquency in the harmonized source fields | Expected loss exceeds policy ceiling | Incremental return below profitability hurdle,"{""automatic_increases_enabled"": true, ""within_maximum_increase"": true, ""within_account_exposure"": true, ""within_expected_loss_ceiling"": false, ""meets_profitability_hurdle"": false, ""payment_history_eligible"": true, ""not_overextended"": true}",debt_to_income | income_inr
,,0.10937685135703658,,,,undisclosed,home_credit,135000.0,14800.0,LIQ-000315,Manual review,0.0,135000.0,0.07591879869287872,Moderate,104950.0,104950.0,5178.990649831455,5178.990649831455,0.0,0.0,Insufficient behavioral history | Manual review required,"{""automatic_increases_enabled"": true, ""within_maximum_increase"": true, ""within_account_exposure"": true, ""within_expected_loss_ceiling"": true, ""meets_profitability_hurdle"": false, ""payment_history_eligible"": false, ""not_overextended"": true}",delinquency_count | utilization | credit_lines | income_inr | credit_age_months
0.0,0.6058448040073002,,,,,asia,taiwan_credit,944000.0,571900.0,LIQ-000316,Increase 30%,0.3,1227200.0,0.12081084008725751,Moderate,850975.0,1063375.0,66824.55301811508,83503.69760056185,39613.8437417191,0.18650585565781122,No reported delinquency in the harmonized source fields,"{""automatic_increases_enabled"": true, ""within_maximum_increase"": true, ""within_account_exposure"": true, ""within_expected_loss_ceiling"": true, ""meets_profitability_hurdle"": true, ""payment_history_eligible"": true, ""not_overextended"": true}",debt_to_income | credit_lines | income_inr | credit_age_months
0.0,0.6974408350201334,0.02314484197568594,7.0,,,undisclosed,give_me_some_credit,155000.0,108100.0,LIQ-000317,Increase 30%,0.3,201500.0,0.058908472438463755,Moderate,143275.0,178150.0,5486.072402603582,6821.4538371930075,9528.17787827435,0.2732094015275799,No reported delinquency in the harmonized source fields | High utilization with low estimated risk,"{""automatic_increases_enabled"": true, ""within_maximum_increase"": true, ""within_account_exposure"": true, ""within_expected_loss_ceiling"": true, ""meets_profitability_hurdle"": true, ""payment_history_eligible"": true, ""not_overextended"": true}",income_inr | credit_age_months
1.0,0.20211176799181838,0.2731054760265914,8.0,718775.0412757632,249.19977395440367,north_america,lending_club_full,180000.0,36400.0,LIQ-000318,Manual review,0.0,180000.0,0.28200362251617905,High,144100.0,144100.0,26413.869302977913,26413.869302977913,0.0,0.0,Reported delinquency | Manual review required,"{""automatic_increases_enabled"": true, ""within_maximum_increase"": true, ""within_account_exposure"": true, ""within_expected_loss_ceiling"": false, ""meets_profitability_hurdle"": false, ""payment_history_eligible"": false, ""not_overextended"": true}",
1.0,0.5549396214604966,0.34365547725896833,7.0,1044512.9025615194,146.03167047629677,north_america,lending_club_full,261000.0,144800.0,LIQ-000319,Manual review,0.0,261000.0,0.3387104523113134,Very high,231950.0,231950.0,51066.52811884595,51066.52811884595,0.0,0.0,Reported delinquency | Manual review required,"{""automatic_increases_enabled"": true, ""within_maximum_increase"": true, ""within_account_exposure"": true, ""within_expected_loss_ceiling"": false, ""meets_profitability_hurdle"": false, ""payment_history_eligible"": false, ""not_overextended"": true}",
0.0,0.705450409345584,0.48238000251766394,13.0,1171197.5993684747,180.30779712576577,north_america,lending_club_full,293000.0,206700.0,LIQ-000320,No change,0.0,293000.0,0.3994965296628896,Very high,271425.0,271425.0,70481.67461643739,70481.67461643739,0.0,0.0,No reported delinquency in the harmonized source fields | Expected loss exceeds policy ceiling,"{""automatic_increases_enabled"": true, ""within_maximum_increase"": true, ""within_account_exposure"": true, ""within_expected_loss_ceiling"": false, ""meets_profitability_hurdle"": false, ""payment_history_eligible"": true, ""not_overextended"": true}",
0.0,0.4612113238578622,0.46749056029320296,11.0,659635.3765850761,112.44386438149299,north_america,lending_club_full,165000.0,76100.0,LIQ-000321,No change,0.0,165000.0,0.37729549460126127,Very high,142775.0,142775.0,35014.4367571018,35014.4367571018,0.0,0.0,No reported delinquency in the harmonized source fields | Expected loss exceeds policy ceiling | Incremental return below profitability hurdle,"{""automatic_increases_enabled"": true, ""within_maximum_increase"": true, ""within_account_exposure"": true, ""within_expected_loss_ceiling"": false, ""meets_profitability_hurdle"": false, ""payment_history_eligible"": true, ""not_overextended"": true}",
,,0.06074463316026406,,,,undisclosed,home_credit,494000.0,194300.0,LIQ-000322,Manual review,0.0,494000.0,0.07145355271656105,Moderate,419075.0,419075.0,19463.858443050336,19463.858443050336,0.0,0.0,Insufficient behavioral history | Manual review required,"{""automatic_increases_enabled"": true, ""within_maximum_increase"": true, ""within_account_exposure"": true, ""within_expected_loss_ceiling"": true, ""meets_profitability_hurdle"": false, ""payment_history_eligible"": false, ""not_overextended"": true}",delinquency_count | utilization | credit_lines | income_inr | credit_age_months
,,0.461623565713145,10.0,,,europe,south_german_credit,787000.0,407200.0,LIQ-000323,Manual review,0.0,787000.0,0.20137156743838688,High,692050.0,692050.0,90583.47560972818,90583.47560972818,0.0,0.0,Insufficient behavioral history | Manual review required,"{""automatic_increases_enabled"": true, ""within_maximum_increase"": true, ""within_account_exposure"": true, ""within_expected_loss_ceiling"": false, ""meets_profitability_hurdle"": false, ""payment_history_eligible"": false, ""not_overextended"": true}",delinquency_count | utilization | income_inr | credit_age_months
1.0,0.7215555124127828,,,,,asia,taiwan_credit,352000.0,254000.0,LIQ-000324,Manual review,0.0,352000.0,0.3223308399707114,Very high,327500.0,327500.0,68616.1775587652,68616.1775587652,0.0,0.0,Reported delinquency | Manual review required,"{""automatic_increases_enabled"": true, ""within_maximum_increase"": true, ""within_account_exposure"": true, ""within_expected_loss_ceiling"": false, ""meets_profitability_hurdle"": false, ""payment_history_eligible"": false, ""not_overextended"": true}",debt_to_income | credit_lines | income_inr | credit_age_months
0.0,0.6693895183231559,0.6255837772099101,9.0,,,undisclosed,give_me_some_credit,1495000.0,1000700.0,LIQ-000325,Manual review,0.0,1495000.0,0.07047032854964069,Moderate,1371425.0,1371425.0,62819.100715274144,62819.100715274144,0.0,0.0,Customer-overextension safeguard | Manual review required,"{""automatic_increases_enabled"": true, ""within_maximum_increase"": true, ""within_account_exposure"": true, ""within_expected_loss_ceiling"": true, ""meets_profitability_hurdle"": false, ""payment_history_eligible"": true, ""not_overextended"": false}",income_inr | credit_age_months
0.0,0.4072534229932425,,12.0,,75.36926089916598,undisclosed,fico_heloc,568000.0,231300.0,LIQ-000326,No change,0.0,568000.0,0.7080970258868274,Very high,483825.0,483825.0,222686.7783073013,222686.7783073013,0.0,0.0,No reported delinquency in the harmonized source fields | Expected loss exceeds policy ceiling | Incremental return below profitability hurdle,"{""automatic_increases_enabled"": true, ""within_maximum_increase"": true, ""within_account_exposure"": true, ""within_expected_loss_ceiling"": false, ""meets_profitability_hurdle"": false, ""payment_history_eligible"": true, ""not_overextended"": true}",debt_to_income | income_inr
,,0.3325188951680665,,,,undisclosed,home_credit,195000.0,15500.0,LIQ-000327,Manual review,0.0,195000.0,0.081723070315302,Moderate,150125.0,150125.0,7974.639355205064,7974.639355205064,0.0,0.0,Insufficient behavioral history | Manual review required,"{""automatic_increases_enabled"": true, ""within_maximum_increase"": true, ""within_account_exposure"": true, ""within_expected_loss_ceiling"": true, ""meets_profitability_hurdle"": false, ""payment_history_eligible"": false, ""not_overextended"": true}",delinquency_count | utilization | credit_lines | income_inr | credit_age_months
0.0,0.8464983140772512,,,,,asia,taiwan_credit,366000.0,309800.0,LIQ-000328,Increase 30%,0.3,475800.0,0.13769992392818073,Moderate,351950.0,434300.0,31501.267347240086,38872.00002530578,25331.51241140096,0.30760792242138385,No reported delinquency in the harmonized source fields | High utilization with low estimated risk,"{""automatic_increases_enabled"": true, ""within_maximum_increase"": true, ""within_account_exposure"": true, ""within_expected_loss_ceiling"": true, ""meets_profitability_hurdle"": true, ""payment_history_eligible"": true, ""not_overextended"": true}",debt_to_income | credit_lines | income_inr | credit_age_months
0.0,0.6727845580482508,0.1824229865560698,8.0,519946.65687000024,61.920081339419745,north_america,lending_club_full,130000.0,87500.0,LIQ-000329,No change,0.0,130000.0,0.24455871072670288,High,119375.0,119375.0,18976.227460450104,18976.227460450104,0.0,0.0,No reported delinquency in the harmonized source fields | Expected loss exceeds policy ceiling,"{""automatic_increases_enabled"": true, ""within_maximum_increase"": true, ""within_account_exposure"": true, ""within_expected_loss_ceiling"": false, ""meets_profitability_hurdle"": false, ""payment_history_eligible"": true, ""not_overextended"": true}",
0.0,0.5778250052557428,,13.0,,244.1306016064011,undisclosed,fico_heloc,297000.0,171600.0,LIQ-000330,No change,0.0,297000.0,0.5273724840626411,Very high,265650.0,265650.0,91062.7252543064,91062.7252543064,0.0,0.0,No reported delinquency in the harmonized source fields | Expected loss exceeds policy ceiling | Incremental return below profitability hurdle,"{""automatic_increases_enabled"": true, ""within_maximum_increase"": true, ""within_account_exposure"": true, ""within_expected_loss_ceiling"": false, ""meets_profitability_hurdle"": false, ""payment_history_eligible"": true, ""not_overextended"": true}",debt_to_income | income_inr
,,0.2591264671184867,6.0,,,europe,south_german_credit,119000.0,56500.0,LIQ-000331,Manual review,0.0,119000.0,0.22443986672161262,High,103375.0,103375.0,15080.956294525358,15080.956294525358,0.0,0.0,Insufficient behavioral history | Manual review required,"{""automatic_increases_enabled"": true, ""within_maximum_increase"": true, ""within_account_exposure"": true, ""within_expected_loss_ceiling"": false, ""meets_profitability_hurdle"": false, ""payment_history_eligible"": false, ""not_overextended"": true}",delinquency_count | utilization | income_inr | credit_age_months
0.0,0.14113014318558867,0.4760237364592405,6.0,,,undisclosed,give_me_some_credit,450000.0,63500.0,LIQ-000332,No change,0.0,450000.0,0.010864070337437338,Low,353375.0,353375.0,2495.4090560697477,2495.4090560697477,0.0,0.0,No reported delinquency in the harmonized source fields | Low utilization provides no evidence of additional need | Incremental return below profitability hurdle,"{""automatic_increases_enabled"": true, ""within_maximum_increase"": true, ""within_account_exposure"": true, ""within_expected_loss_ceiling"": true, ""meets_profitability_hurdle"": false, ""payment_history_eligible"": true, ""not_overextended"": true}",income_inr | credit_age_months
1.0,0.31233235634536655,,,,,asia,taiwan_credit,142000.0,44400.0,LIQ-000333,Manual review,0.0,142000.0,0.26118451334535586,High,117600.0,117600.0,19964.944200119004,19964.944200119004,0.0,0.0,Reported delinquency | Manual review required,"{""automatic_increases_enabled"": true, ""within_maximum_increase"": true, ""within_account_exposure"": true, ""within_expected_loss_ceiling"": false, ""meets_profitability_hurdle"": false, ""payment_history_eligible"": false, ""not_overextended"": true}",debt_to_income | credit_lines | income_inr | credit_age_months
,,0.06866539687026318,6.0,,,europe,south_german_credit,68000.0,14500.0,LIQ-000334,Manual review,0.0,68000.0,0.19856314500325503,High,54625.0,54625.0,7050.232667271824,7050.232667271824,0.0,0.0,Insufficient behavioral history | Manual review required,"{""automatic_increases_enabled"": true, ""within_maximum_increase"": true, ""within_account_exposure"": true, ""within_expected_loss_ceiling"": false, ""meets_profitability_hurdle"": false, ""payment_history_eligible"": false, ""not_overextended"": true}",delinquency_count | utilization | income_inr | credit_age_months
0.0,0.3257518941522998,0.27630375255798767,7.0,,,undisclosed,give_me_some_credit,280000.0,91200.0,LIQ-000335,Increase 30%,0.3,364000.0,0.022097930669757997,Low,232800.0,295800.0,3343.85886894778,4248.76912987437,5882.691296509616,0.09337605232554946,No reported delinquency in the harmonized source fields,"{""automatic_increases_enabled"": true, ""within_maximum_increase"": true, ""within_account_exposure"": true, ""within_expected_loss_ceiling"": true, ""meets_profitability_hurdle"": true, ""payment_history_eligible"": true, ""not_overextended"": true}",income_inr | credit_age_months
0.0,0.28879544083039477,,,,,asia,taiwan_credit,214000.0,61800.0,LIQ-000336,Increase 30%,0.3,278200.0,0.08371241866722051,Moderate,175950.0,224100.0,9573.980041923342,12193.969465160677,1538.7200406479224,0.031956802505668166,No reported delinquency in the harmonized source fields,"{""automatic_increases_enabled"": true, ""within_maximum_increase"": true, ""within_account_exposure"": true, ""within_expected_loss_ceiling"": true, ""meets_profitability_hurdle"": true, ""payment_history_eligible"": true, ""not_overextended"": true}",debt_to_income | credit_lines | income_inr | credit_age_months
0.0,0.37081154368472047,0.19303557502993232,8.0,,,undisclosed,give_me_some_credit,200000.0,74200.0,LIQ-000337,Increase 30%,0.3,260000.0,0.025022209664089714,Low,168550.0,213550.0,2741.370735273509,3473.2703679481333,5189.106759171784,0.11531348353715075,No reported delinquency in the harmonized source fields,"{""automatic_increases_enabled"": true, ""within_maximum_increase"": true, ""within_account_exposure"": true, ""within_expected_loss_ceiling"": true, ""meets_profitability_hurdle"": true, ""payment_history_eligible"": true, ""not_overextended"": true}",income_inr | credit_age_months
1.0,0.23566492237737954,0.14869427148658604,11.0,725507.0199783342,19.79889665306589,north_america,lending_club_full,181000.0,42700.0,LIQ-000338,Manual review,0.0,181000.0,0.2656090517384358,High,146425.0,146425.0,25279.673510520304,25279.673510520304,0.0,0.0,Reported delinquency | Manual review required,"{""automatic_increases_enabled"": true, ""within_maximum_increase"": true, ""within_account_exposure"": true, ""within_expected_loss_ceiling"": false, ""meets_profitability_hurdle"": false, ""payment_history_eligible"": false, ""not_overextended"": true}",
0.0,0.6383987176853098,0.0928392660115314,8.0,,,undisclosed,give_me_some_credit,201000.0,128300.0,LIQ-000339,Increase 30%,0.3,261300.0,0.0591852017482336,Moderate,182825.0,228050.0,7033.347431253526,8773.170418145039,10920.83207796566,0.2414777684458963,No reported delinquency in the harmonized source fields,"{""automatic_increases_enabled"": true, ""within_maximum_increase"": true, ""within_account_exposure"": true, ""within_expected_loss_ceiling"": true, ""meets_profitability_hurdle"": true, ""payment_history_eligible"": true, ""not_overextended"": true}",income_inr | credit_age_months
0.0,0.4123008347972892,0.13490366539620294,2.0,435907.5674746535,211.86888641250115,north_america,lending_club_full,109000.0,44900.0,LIQ-000340,No change,0.0,109000.0,0.2957028920186433,High,92975.0,92975.0,17870.434650531686,17870.434650531686,0.0,0.0,No reported delinquency in the harmonized source fields | Expected loss exceeds policy ceiling | Incremental return below profitability hurdle,"{""automatic_increases_enabled"": true, ""within_maximum_increase"": true, ""within_account_exposure"": true, ""within_expected_loss_ceiling"": false, ""meets_profitability_hurdle"": false, ""payment_history_eligible"": true, ""not_overextended"": true}",
0.0,0.13921201556071344,0.07165735700428724,7.0,,,undisclosed,give_me_some_credit,232000.0,32300.0,LIQ-000341,No change,0.0,232000.0,0.01123940178584222,Low,182075.0,182075.0,1330.1691521021946,1330.1691521021946,0.0,0.0,No reported delinquency in the harmonized source fields | Low utilization provides no evidence of additional need | Incremental return below profitability hurdle,"{""automatic_increases_enabled"": true, ""within_maximum_increase"": true, ""within_account_exposure"": true, ""within_expected_loss_ceiling"": true, ""meets_profitability_hurdle"": false, ""payment_history_eligible"": true, ""not_overextended"": true}",income_inr | credit_age_months
,,0.10807069345193196,6.0,,,europe,south_german_credit,450000.0,24600.0,LIQ-000342,Manual review,0.0,450000.0,0.2122100654000063,High,343650.0,343650.0,47401.89283356292,47401.89283356292,0.0,0.0,Insufficient behavioral history | Manual review required,"{""automatic_increases_enabled"": true, ""within_maximum_increase"": true, ""within_account_exposure"": true, ""within_expected_loss_ceiling"": false, ""meets_profitability_hurdle"": false, ""payment_history_eligible"": false, ""not_overextended"": true}",delinquency_count | utilization | income_inr | credit_age_months
,,0.13328220381196768,8.0,,,europe,south_german_credit,865000.0,193200.0,LIQ-000343,Manual review,0.0,865000.0,0.21383458809791697,High,697050.0,697050.0,96884.70976187447,96884.70976187447,0.0,0.0,Insufficient behavioral history | Manual review required,"{""automatic_increases_enabled"": true, ""within_maximum_increase"": true, ""within_account_exposure"": true, ""within_expected_loss_ceiling"": false, ""meets_profitability_hurdle"": false, ""payment_history_eligible"": false, ""not_overextended"": true}",delinquency_count | utilization | income_inr | credit_age_months
,,0.24371413391300636,8.0,,,europe,south_german_credit,490000.0,237600.0,LIQ-000344,Manual review,0.0,490000.0,0.21538075082743455,High,426900.0,426900.0,59764.927643350675,59764.927643350675,0.0,0.0,Insufficient behavioral history | Manual review required,"{""automatic_increases_enabled"": true, ""within_maximum_increase"": true, ""within_account_exposure"": true, ""within_expected_loss_ceiling"": false, ""meets_profitability_hurdle"": false, ""payment_history_eligible"": false, ""not_overextended"": true}",delinquency_count | utilization | income_inr | credit_age_months
,,0.7150390412642532,9.0,,,europe,south_german_credit,682000.0,67600.0,LIQ-000345,Manual review,0.0,682000.0,0.2299305181263638,High,528400.0,528400.0,78971.93575568091,78971.93575568091,0.0,0.0,Insufficient behavioral history | Manual review required,"{""automatic_increases_enabled"": true, ""within_maximum_increase"": true, ""within_account_exposure"": true, ""within_expected_loss_ceiling"": false, ""meets_profitability_hurdle"": false, ""payment_history_eligible"": false, ""not_overextended"": false}",delinquency_count | utilization | income_inr | credit_age_months
0.0,0.43580274736198615,0.14286011562723525,13.0,686318.0908085981,154.45653170126224,north_america,lending_club_full,172000.0,75000.0,LIQ-000346,No change,0.0,172000.0,0.24802381269108587,High,147750.0,147750.0,23819.58691132016,23819.58691132016,0.0,0.0,No reported delinquency in the harmonized source fields | Expected loss exceeds policy ceiling | Incremental return below profitability hurdle,"{""automatic_increases_enabled"": true, ""within_maximum_increase"": true, ""within_account_exposure"": true, ""within_expected_loss_ceiling"": false, ""meets_profitability_hurdle"": false, ""payment_history_eligible"": true, ""not_overextended"": true}",
,,0.4297490109810104,9.0,,,europe,south_german_credit,180000.0,39000.0,LIQ-000347,Manual review,0.0,180000.0,0.21875914986670672,High,144750.0,144750.0,20582.50151308377,20582.50151308377,0.0,0.0,Insufficient behavioral history | Manual review required,"{""automatic_increases_enabled"": true, ""within_maximum_increase"": true, ""within_account_exposure"": true, ""within_expected_loss_ceiling"": false, ""meets_profitability_hurdle"": false, ""payment_history_eligible"": false, ""not_overextended"": true}",delinquency_count | utilization | income_inr | credit_age_months
0.0,0.2850928006315896,,,,,asia,taiwan_credit,466000.0,132900.0,LIQ-000348,Increase 30%,0.3,605800.0,0.08393897550188317,Moderate,382725.0,487575.0,20881.603859322855,26602.25488721495,3331.9627651734736,0.03177837639650428,No reported delinquency in the harmonized source fields,"{""automatic_increases_enabled"": true, ""within_maximum_increase"": true, ""within_account_exposure"": true, ""within_expected_loss_ceiling"": true, ""meets_profitability_hurdle"": true, ""payment_history_eligible"": true, ""not_overextended"": true}",debt_to_income | credit_lines | income_inr | credit_age_months
0.0,1.0648506153502109,0.47244769191123653,10.0,1360273.954610002,145.9415856842171,north_america,lending_club_full,340000.0,362000.0,LIQ-000349,No change,0.0,340000.0,0.44146091410129,Very high,340000.0,340000.0,97562.8620163851,97562.8620163851,0.0,0.0,No reported delinquency in the harmonized source fields | Expected loss exceeds policy ceiling,"{""automatic_increases_enabled"": true, ""within_maximum_increase"": true, ""within_account_exposure"": true, ""within_expected_loss_ceiling"": false, ""meets_profitability_hurdle"": false, ""payment_history_eligible"": true, ""not_overextended"": true}",
,,0.2116513599702925,,,,undisclosed,home_credit,264000.0,194700.0,LIQ-000350,Manual review,0.0,264000.0,0.08224380866383484,Moderate,246675.0,246675.0,13186.86947639845,13186.86947639845,0.0,0.0,Insufficient behavioral history | Manual review required,"{""automatic_increases_enabled"": true, ""within_maximum_increase"": true, ""within_account_exposure"": true, ""within_expected_loss_ceiling"": true, ""meets_profitability_hurdle"": false, ""payment_history_eligible"": false, ""not_overextended"": true}",delinquency_count | utilization | credit_lines | income_inr | credit_age_months
0.0,0.6784598509565254,0.0699116437725751,11.0,,,undisclosed,give_me_some_credit,209000.0,141800.0,LIQ-000351,Increase 30%,0.3,271700.0,0.07174812132138554,Moderate,192200.0,239225.0,8963.492796680697,11156.563810020498,12023.075084598446,0.2556741113152248,No reported delinquency in the harmonized source fields | High utilization with low estimated risk,"{""automatic_increases_enabled"": true, ""within_maximum_increase"": true, ""within_account_exposure"": true, ""within_expected_loss_ceiling"": true, ""meets_profitability_hurdle"": true, ""payment_history_eligible"": true, ""not_overextended"": true}",income_inr | credit_age_months
1.0,0.362459815201834,0.40372653758750904,9.0,1697016.736021135,149.65835780036076,north_america,lending_club_full,424000.0,153700.0,LIQ-000352,Manual review,0.0,424000.0,0.353061418627167,Very high,356425.0,356425.0,81795.9454872222,81795.9454872222,0.0,0.0,Reported delinquency | Manual review required,"{""automatic_increases_enabled"": true, ""within_maximum_increase"": true, ""within_account_exposure"": true, ""within_expected_loss_ceiling"": false, ""meets_profitability_hurdle"": false, ""payment_history_eligible"": false, ""not_overextended"": true}",
0.0,0.3446350269476882,0.10426274700086936,8.0,401696.38769073645,108.37051227146664,north_america,lending_club_full,100000.0,34500.0,LIQ-000353,No change,0.0,100000.0,0.2025866848186596,High,83625.0,83625.0,11011.852486674268,11011.852486674268,0.0,0.0,No reported delinquency in the harmonized source fields | Expected loss exceeds policy ceiling | Incremental return below profitability hurdle,"{""automatic_increases_enabled"": true, ""within_maximum_increase"": true, ""within_account_exposure"": true, ""within_expected_loss_ceiling"": false, ""meets_profitability_hurdle"": false, ""payment_history_eligible"": true, ""not_overextended"": true}",
,,0.4478501561025733,6.0,,,europe,south_german_credit,173000.0,124500.0,LIQ-000354,Manual review,0.0,173000.0,0.22701591571638202,High,160875.0,160875.0,23738.770536567423,23738.770536567423,0.0,0.0,Insufficient behavioral history | Manual review required,"{""automatic_increases_enabled"": true, ""within_maximum_increase"": true, ""within_account_exposure"": true, ""within_expected_loss_ceiling"": false, ""meets_profitability_hurdle"": false, ""payment_history_eligible"": false, ""not_overextended"": true}",delinquency_count | utilization | income_inr | credit_age_months
0.0,0.06184783304912205,,5.0,,55.234826245767465,undisclosed,fico_heloc,227000.0,14000.0,LIQ-000355,No change,0.0,227000.0,0.5367974309846671,Very high,173750.0,173750.0,60624.55986183084,60624.55986183084,0.0,0.0,No reported delinquency in the harmonized source fields | Low utilization provides no evidence of additional need | Expected loss exceeds policy ceiling | Incremental return below profitability hurdle,"{""automatic_increases_enabled"": true, ""within_maximum_increase"": true, ""within_account_exposure"": true, ""within_expected_loss_ceiling"": false, ""meets_profitability_hurdle"": false, ""payment_history_eligible"": true, ""not_overextended"": true}",debt_to_income | income_inr
1.0,0.4396868564941979,,,,,asia,taiwan_credit,469000.0,206200.0,LIQ-000356,Manual review,0.0,469000.0,0.28023795202529483,High,403300.0,403300.0,73462.97793367092,73462.97793367092,0.0,0.0,Reported delinquency | Manual review required,"{""automatic_increases_enabled"": true, ""within_maximum_increase"": true, ""within_account_exposure"": true, ""within_expected_loss_ceiling"": false, ""meets_profitability_hurdle"": false, ""payment_history_eligible"": false, ""not_overextended"": true}",debt_to_income | credit_lines | income_inr | credit_age_months
,,0.2343335507246169,8.0,,,europe,south_german_credit,404000.0,30000.0,LIQ-000357,Manual review,0.0,404000.0,0.21484472471180283,High,310500.0,310500.0,43361.03656495961,43361.03656495961,0.0,0.0,Insufficient behavioral history | Manual review required,"{""automatic_increases_enabled"": true, ""within_maximum_increase"": true, ""within_account_exposure"": true, ""within_expected_loss_ceiling"": false, ""meets_profitability_hurdle"": false, ""payment_history_eligible"": false, ""not_overextended"": true}",delinquency_count | utilization | income_inr | credit_age_months
0.0,0.4105594695648368,,,,,asia,taiwan_credit,685000.0,281200.0,LIQ-000358,Increase 30%,0.3,890500.0,0.09516883832428473,Moderate,584050.0,738175.0,36129.18401514402,45663.31719951877,14578.150755584902,0.09458654180428161,No reported delinquency in the harmonized source fields,"{""automatic_increases_enabled"": true, ""within_maximum_increase"": true, ""within_account_exposure"": true, ""within_expected_loss_ceiling"": true, ""meets_profitability_hurdle"": true, ""payment_history_eligible"": true, ""not_overextended"": true}",debt_to_income | credit_lines | income_inr | credit_age_months
,,0.21321119886920306,,,,undisclosed,home_credit,192000.0,98200.0,LIQ-000359,Manual review,0.0,192000.0,0.08224380866383484,Moderate,168550.0,168550.0,9010.426067688086,9010.426067688086,0.0,0.0,Insufficient behavioral history | Manual review required,"{""automatic_increases_enabled"": true, ""within_maximum_increase"": true, ""within_account_exposure"": true, ""within_expected_loss_ceiling"": true, ""meets_profitability_hurdle"": false, ""payment_history_eligible"": false, ""not_overextended"": true}",delinquency_count | utilization | credit_lines | income_inr | credit_age_months
0.0,0.4029085529760723,0.15741201837962385,6.0,,,undisclosed,give_me_some_credit,186000.0,74900.0,LIQ-000360,Increase 30%,0.3,241800.0,0.025660646027013595,Low,158225.0,200075.0,2639.1012164557474,3337.1349400055847,5540.605475521921,0.13239200658355846,No reported delinquency in the harmonized source fields,"{""automatic_increases_enabled"": true, ""within_maximum_increase"": true, ""within_account_exposure"": true, ""within_expected_loss_ceiling"": true, ""meets_profitability_hurdle"": true, ""payment_history_eligible"": true, ""not_overextended"": true}",income_inr | credit_age_months
1.0,0.27459437552980254,,,,,asia,taiwan_credit,492000.0,135100.0,LIQ-000361,Manual review,0.0,492000.0,0.2588728053767536,High,402775.0,402775.0,67773.87122065426,67773.87122065426,0.0,0.0,Reported delinquency | Manual review required,"{""automatic_increases_enabled"": true, ""within_maximum_increase"": true, ""within_account_exposure"": true, ""within_expected_loss_ceiling"": false, ""meets_profitability_hurdle"": false, ""payment_history_eligible"": false, ""not_overextended"": true}",debt_to_income | credit_lines | income_inr | credit_age_months
0.0,0.3922609724852262,0.4314010414033807,12.0,,,undisclosed,give_me_some_credit,208000.0,81600.0,LIQ-000362,Increase 30%,0.3,270400.0,0.0352546466479157,Low,176400.0,223200.0,4042.2977846500144,5114.74413567961,5649.125460194284,0.12070780897851034,No reported delinquency in the harmonized source fields,"{""automatic_increases_enabled"": true, ""within_maximum_increase"": true, ""within_account_exposure"": true, ""within_expected_loss_ceiling"": true, ""meets_profitability_hurdle"": true, ""payment_history_eligible"": true, ""not_overextended"": true}",income_inr | credit_age_months
,,0.3909249848691498,,,,undisclosed,home_credit,236000.0,57200.0,LIQ-000363,Manual review,0.0,236000.0,0.0814213387076708,Moderate,191300.0,191300.0,10124.336361605327,10124.336361605327,0.0,0.0,Insufficient behavioral history | Manual review required,"{""automatic_increases_enabled"": true, ""within_maximum_increase"": true, ""within_account_exposure"": true, ""within_expected_loss_ceiling"": true, ""meets_profitability_hurdle"": false, ""payment_history_eligible"": false, ""not_overextended"": true}",delinquency_count | utilization | credit_lines | income_inr | credit_age_months
0.0,0.37556902944895987,0.506943210686804,11.0,,,undisclosed,give_me_some_credit,105000.0,39400.0,LIQ-000364,Increase 30%,0.3,136500.0,0.03255964616596311,Low,88600.0,112225.0,1875.1100226978156,2375.1040891338866,2585.346410577571,0.10943265229957973,No reported delinquency in the harmonized source fields,"{""automatic_increases_enabled"": true, ""within_maximum_increase"": true, ""within_account_exposure"": true, ""within_expected_loss_ceiling"": true, ""meets_profitability_hurdle"": true, ""payment_history_eligible"": true, ""not_overextended"": true}",income_inr | credit_age_months
,,0.18970040536019805,,,,undisclosed,home_credit,423000.0,88800.0,LIQ-000365,Manual review,0.0,423000.0,0.08168123091129671,Moderate,339450.0,339450.0,18022.350991345786,18022.350991345786,0.0,0.0,Insufficient behavioral history | Manual review required,"{""automatic_increases_enabled"": true, ""within_maximum_increase"": true, ""within_account_exposure"": true, ""within_expected_loss_ceiling"": true, ""meets_profitability_hurdle"": false, ""payment_history_eligible"": false, ""not_overextended"": true}",delinquency_count | utilization | credit_lines | income_inr | credit_age_months
2.0,0.8796616993847123,,9.0,,287.1130615286255,undisclosed,fico_heloc,953000.0,838300.0,LIQ-000366,Freeze automatic increases,0.0,953000.0,0.6970501108343159,Very high,924325.0,924325.0,418795.5484030039,418795.5484030039,0.0,0.0,Repeated delinquency,"{""automatic_increases_enabled"": true, ""within_maximum_increase"": true, ""within_account_exposure"": true, ""within_expected_loss_ceiling"": false, ""meets_profitability_hurdle"": false, ""payment_history_eligible"": false, ""not_overextended"": true}",debt_to_income | income_inr
0.0,0.33466961384762817,,7.0,,142.13869820252515,undisclosed,fico_heloc,179000.0,59900.0,LIQ-000367,No change,0.0,179000.0,0.5228416737836953,Very high,149225.0,149225.0,50713.681700741756,50713.681700741756,0.0,0.0,No reported delinquency in the harmonized source fields | Expected loss exceeds policy ceiling | Incremental return below profitability hurdle,"{""automatic_increases_enabled"": true, ""within_maximum_increase"": true, ""within_account_exposure"": true, ""within_expected_loss_ceiling"": false, ""meets_profitability_hurdle"": false, ""payment_history_eligible"": true, ""not_overextended"": true}",debt_to_income | income_inr
,,0.44174161326244415,,,,undisclosed,home_credit,680000.0,375400.0,LIQ-000368,Manual review,0.0,680000.0,0.0816667968826516,Moderate,603850.0,603850.0,32054.421943432964,32054.421943432964,0.0,0.0,Insufficient behavioral history | Manual review required,"{""automatic_increases_enabled"": true, ""within_maximum_increase"": true, ""within_account_exposure"": true, ""within_expected_loss_ceiling"": true, ""meets_profitability_hurdle"": false, ""payment_history_eligible"": false, ""not_overextended"": true}",delinquency_count | utilization | credit_lines | income_inr | credit_age_months
0.0,0.26537987238532923,0.11718721950182172,7.0,1237744.8558795864,286.91315382708046,north_america,lending_club_full,309000.0,82000.0,LIQ-000369,No change,0.0,309000.0,0.22096381038452131,High,252250.0,252250.0,36229.77876017208,36229.77876017208,0.0,0.0,No reported delinquency in the harmonized source fields | Expected loss exceeds policy ceiling | Incremental return below profitability hurdle,"{""automatic_increases_enabled"": true, ""within_maximum_increase"": true, ""within_account_exposure"": true, ""within_expected_loss_ceiling"": false, ""meets_profitability_hurdle"": false, ""payment_history_eligible"": true, ""not_overextended"": true}",
1.0,0.16303586189113947,,9.0,,85.15535004878488,undisclosed,fico_heloc,111000.0,18100.0,LIQ-000370,Manual review,0.0,111000.0,0.6519534220345842,Very high,87775.0,87775.0,37196.38755240566,37196.38755240566,0.0,0.0,Reported delinquency | Manual review required,"{""automatic_increases_enabled"": true, ""within_maximum_increase"": true, ""within_account_exposure"": true, ""within_expected_loss_ceiling"": false, ""meets_profitability_hurdle"": false, ""payment_history_eligible"": false, ""not_overextended"": true}",debt_to_income | income_inr
0.0,0.9593208111301256,0.15191079108823663,2.0,1745522.287119565,70.32781958032123,north_america,lending_club_full,436000.0,418300.0,LIQ-000371,No change,0.0,436000.0,0.28439327137602816,High,431575.0,431575.0,79779.06696117108,79779.06696117108,0.0,0.0,No reported delinquency in the harmonized source fields | Expected loss exceeds policy ceiling,"{""automatic_increases_enabled"": true, ""within_maximum_increase"": true, ""within_account_exposure"": true, ""within_expected_loss_ceiling"": false, ""meets_profitability_hurdle"": false, ""payment_history_eligible"": true, ""not_overextended"": true}",
,,0.30631314757134265,,,,undisclosed,home_credit,188000.0,89100.0,LIQ-000372,Manual review,0.0,188000.0,0.08203099212858951,Moderate,163275.0,163275.0,8705.846655867044,8705.846655867044,0.0,0.0,Insufficient behavioral history | Manual review required,"{""automatic_increases_enabled"": true, ""within_maximum_increase"": true, ""within_account_exposure"": true, ""within_expected_loss_ceiling"": true, ""meets_profitability_hurdle"": false, ""payment_history_eligible"": false, ""not_overextended"": true}",delinquency_count | utilization | credit_lines | income_inr | credit_age_months
0.0,0.6822473790187007,,6.0,,154.04406128833563,undisclosed,fico_heloc,285000.0,194400.0,LIQ-000373,No change,0.0,285000.0,0.6287330842913226,Very high,262350.0,262350.0,107216.28103148851,107216.28103148851,0.0,0.0,No reported delinquency in the harmonized source fields | Expected loss exceeds policy ceiling | Incremental return below profitability hurdle,"{""automatic_increases_enabled"": true, ""within_maximum_increase"": true, ""within_account_exposure"": true, ""within_expected_loss_ceiling"": false, ""meets_profitability_hurdle"": false, ""payment_history_eligible"": true, ""not_overextended"": true}",debt_to_income | income_inr
,,0.16752266023004297,11.0,,,europe,south_german_credit,460000.0,63800.0,LIQ-000374,Manual review,0.0,460000.0,0.1932726626779245,High,360950.0,360950.0,45345.148935837955,45345.148935837955,0.0,0.0,Insufficient behavioral history | Manual review required,"{""automatic_increases_enabled"": true, ""within_maximum_increase"": true, ""within_account_exposure"": true, ""within_expected_loss_ceiling"": false, ""meets_profitability_hurdle"": false, ""payment_history_eligible"": false, ""not_overextended"": true}",delinquency_count | utilization | income_inr | credit_age_months
1.0,0.5243168964588848,0.16922420626805512,3.0,,,undisclosed,give_me_some_credit,1164000.0,610300.0,LIQ-000375,Manual review,0.0,1164000.0,0.1239172164029642,Moderate,1025575.0,1025575.0,82606.15948810552,82606.15948810552,0.0,0.0,Reported delinquency | Manual review required,"{""automatic_increases_enabled"": true, ""within_maximum_increase"": true, ""within_account_exposure"": true, ""within_expected_loss_ceiling"": true, ""meets_profitability_hurdle"": false, ""payment_history_eligible"": false, ""not_overextended"": true}",income_inr | credit_age_months
,,0.09772318268500604,10.0,,,europe,south_german_credit,138000.0,60700.0,LIQ-000376,Manual review,0.0,138000.0,0.18197474637639413,High,118675.0,118675.0,14037.304467042073,14037.304467042073,0.0,0.0,Insufficient behavioral history | Manual review required,"{""automatic_increases_enabled"": true, ""within_maximum_increase"": true, ""within_account_exposure"": true, ""within_expected_loss_ceiling"": true, ""meets_profitability_hurdle"": false, ""payment_history_eligible"": false, ""not_overextended"": true}",delinquency_count | utilization | income_inr | credit_age_months
0.0,0.9786361193029973,,7.0,,100.96540455022034,undisclosed,fico_heloc,255000.0,249600.0,LIQ-000377,No change,0.0,255000.0,0.7703034034620161,Very high,253650.0,253650.0,127001.84788729125,127001.84788729125,0.0,0.0,No reported delinquency in the harmonized source fields | Expected loss exceeds policy ceiling | Incremental return below profitability hurdle,"{""automatic_increases_enabled"": true, ""within_maximum_increase"": true, ""within_account_exposure"": true, ""within_expected_loss_ceiling"": false, ""meets_profitability_hurdle"": false, ""payment_history_eligible"": true, ""not_overextended"": true}",debt_to_income | income_inr
,,0.19432429983475313,,,,undisclosed,home_credit,195000.0,42900.0,LIQ-000378,Manual review,0.0,195000.0,0.08187638061235418,Moderate,156975.0,156975.0,8354.154150305794,8354.154150305794,0.0,0.0,Insufficient behavioral history | Manual review required,"{""automatic_increases_enabled"": true, ""within_maximum_increase"": true, ""within_account_exposure"": true, ""within_expected_loss_ceiling"": true, ""meets_profitability_hurdle"": false, ""payment_history_eligible"": false, ""not_overextended"": true}",delinquency_count | utilization | credit_lines | income_inr | credit_age_months
1.0,0.825387256718224,,,,,asia,taiwan_credit,154000.0,127100.0,LIQ-000379,Manual review,0.0,154000.0,0.32310135815252455,Very high,147275.0,147275.0,30930.089139243486,30930.089139243486,0.0,0.0,Reported delinquency | Manual review required,"{""automatic_increases_enabled"": true, ""within_maximum_increase"": true, ""within_account_exposure"": true, ""within_expected_loss_ceiling"": false, ""meets_profitability_hurdle"": false, ""payment_history_eligible"": false, ""not_overextended"": true}",debt_to_income | credit_lines | income_inr | credit_age_months
0.0,0.6759766486675528,0.47289215176129695,6.0,1344368.7726184041,85.35623965235939,north_america,lending_club_full,336000.0,227100.0,LIQ-000380,No change,0.0,336000.0,0.3708180759272934,Very high,308775.0,308775.0,74424.57840639251,74424.57840639251,0.0,0.0,No reported delinquency in the harmonized source fields | Expected loss exceeds policy ceiling,"{""automatic_increases_enabled"": true, ""within_maximum_increase"": true, ""within_account_exposure"": true, ""within_expected_loss_ceiling"": false, ""meets_profitability_hurdle"": false, ""payment_history_eligible"": true, ""not_overextended"": true}",
0.0,1.2353866309238377,0.24272045955797059,9.0,,,undisclosed,give_me_some_credit,350000.0,432400.0,LIQ-000381,Manual review,0.0,350000.0,0.128249742693498,Moderate,350000.0,350000.0,29176.816462770796,29176.816462770796,0.0,0.0,Customer-overextension safeguard | Manual review required,"{""automatic_increases_enabled"": true, ""within_maximum_increase"": true, ""within_account_exposure"": true, ""within_expected_loss_ceiling"": true, ""meets_profitability_hurdle"": false, ""payment_history_eligible"": true, ""not_overextended"": false}",income_inr | credit_age_months
,,0.28232761295559466,7.0,,,europe,south_german_credit,108000.0,40300.0,LIQ-000382,Manual review,0.0,108000.0,0.22206274577829963,High,91075.0,91075.0,13145.836971643115,13145.836971643115,0.0,0.0,Insufficient behavioral history | Manual review required,"{""automatic_increases_enabled"": true, ""within_maximum_increase"": true, ""within_account_exposure"": true, ""within_expected_loss_ceiling"": false, ""meets_profitability_hurdle"": false, ""payment_history_eligible"": false, ""not_overextended"": true}",delinquency_count | utilization | income_inr | credit_age_months
0.0,0.9177470135908486,,8.0,,77.65538697759263,undisclosed,fico_heloc,354000.0,324900.0,LIQ-000383,No change,0.0,354000.0,0.7825960542649568,Very high,346725.0,346725.0,176374.65099476115,176374.65099476115,0.0,0.0,No reported delinquency in the harmonized source fields | Expected loss exceeds policy ceiling | Incremental return below profitability hurdle,"{""automatic_increases_enabled"": true, ""within_maximum_increase"": true, ""within_account_exposure"": true, ""within_expected_loss_ceiling"": false, ""meets_profitability_hurdle"": false, ""payment_history_eligible"": true, ""not_overextended"": true}",debt_to_income | income_inr
1.0,0.551176582278985,0.08483465941743451,9.0,942016.7293910395,145.1021005771436,north_america,lending_club_full,236000.0,130100.0,LIQ-000384,Manual review,0.0,236000.0,0.23363501286723246,High,209525.0,209525.0,31819.044446154476,31819.044446154476,0.0,0.0,Reported delinquency | Manual review required,"{""automatic_increases_enabled"": true, ""within_maximum_increase"": true, ""within_account_exposure"": true, ""within_expected_loss_ceiling"": false, ""meets_profitability_hurdle"": false, ""payment_history_eligible"": false, ""not_overextended"": true}",
1.0,0.6829977062830983,0.23853933327049837,5.0,249831.48576924074,79.86401580490815,north_america,lending_club_full,62000.0,42300.0,LIQ-000385,Manual review,0.0,62000.0,0.264900967508722,High,57075.0,57075.0,9827.4947683642,9827.4947683642,0.0,0.0,Reported delinquency | Manual review required,"{""automatic_increases_enabled"": true, ""within_maximum_increase"": true, ""within_account_exposure"": true, ""within_expected_loss_ceiling"": false, ""meets_profitability_hurdle"": false, ""payment_history_eligible"": false, ""not_overextended"": true}",
2.0,0.6426499636139009,0.4310671655368846,8.0,,,undisclosed,give_me_some_credit,799000.0,513500.0,LIQ-000386,Freeze automatic increases,0.0,799000.0,0.21692139028966995,High,727625.0,727625.0,102594.32729618871,102594.32729618871,0.0,0.0,Repeated delinquency,"{""automatic_increases_enabled"": true, ""within_maximum_increase"": true, ""within_account_exposure"": true, ""within_expected_loss_ceiling"": false, ""meets_profitability_hurdle"": false, ""payment_history_eligible"": false, ""not_overextended"": true}",income_inr | credit_age_months
0.0,0.937632872835513,,10.0,,131.46894854735103,undisclosed,fico_heloc,473000.0,443500.0,LIQ-000387,No change,0.0,473000.0,0.760965775835562,Very high,465625.0,465625.0,230311.04809273183,230311.04809273183,0.0,0.0,No reported delinquency in the harmonized source fields | Expected loss exceeds policy ceiling | Incremental return below profitability hurdle,"{""automatic_increases_enabled"": true, ""within_maximum_increase"": true, ""within_account_exposure"": true, ""within_expected_loss_ceiling"": false, ""meets_profitability_hurdle"": false, ""payment_history_eligible"": true, ""not_overextended"": true}",debt_to_income | income_inr
0.0,1.0472996067824347,0.11925704950247765,10.0,,,undisclosed,give_me_some_credit,393000.0,411600.0,LIQ-000388,Increase 30%,0.3,510900.0,0.14725908034279517,Moderate,393000.0,486075.0,37617.33207356703,46526.322360455706,35737.3398224774,0.38396282377090946,No reported delinquency in the harmonized source fields | High utilization with low estimated risk,"{""automatic_increases_enabled"": true, ""within_maximum_increase"": true, ""within_account_exposure"": true, ""within_expected_loss_ceiling"": true, ""meets_profitability_hurdle"": true, ""payment_history_eligible"": true, ""not_overextended"": true}",income_inr | credit_age_months
,,0.44441085034554423,6.0,,,europe,south_german_credit,248000.0,46000.0,LIQ-000389,Manual review,0.0,248000.0,0.22701591571638202,High,197500.0,197500.0,29143.168180090543,29143.168180090543,0.0,0.0,Insufficient behavioral history | Manual review required,"{""automatic_increases_enabled"": true, ""within_maximum_increase"": true, ""within_account_exposure"": true, ""within_expected_loss_ceiling"": false, ""meets_profitability_hurdle"": false, ""payment_history_eligible"": false, ""not_overextended"": true}",delinquency_count | utilization | income_inr | credit_age_months
0.0,0.7496095412325073,,6.0,,137.67636509624026,undisclosed,fico_heloc,366000.0,274400.0,LIQ-000390,No change,0.0,366000.0,0.6948091864211571,Very high,343100.0,343100.0,154952.87070971436,154952.87070971436,0.0,0.0,No reported delinquency in the harmonized source fields | Expected loss exceeds policy ceiling | Incremental return below profitability hurdle,"{""automatic_increases_enabled"": true, ""within_maximum_increase"": true, ""within_account_exposure"": true, ""within_expected_loss_ceiling"": false, ""meets_profitability_hurdle"": false, ""payment_history_eligible"": true, ""not_overextended"": true}",debt_to_income | income_inr
2.0,0.9431142970700908,,,,,asia,taiwan_credit,505000.0,476300.0,LIQ-000391,Freeze automatic increases,0.0,505000.0,0.41807326287712815,Very high,497825.0,497825.0,135282.75935967412,135282.75935967412,0.0,0.0,Repeated delinquency,"{""automatic_increases_enabled"": true, ""within_maximum_increase"": true, ""within_account_exposure"": true, ""within_expected_loss_ceiling"": false, ""meets_profitability_hurdle"": false, ""payment_history_eligible"": false, ""not_overextended"": true}",debt_to_income | credit_lines | income_inr | credit_age_months
0.0,0.33080864902198337,0.6236029450872055,6.0,836354.9485150467,169.1087482831105,north_america,lending_club_full,209000.0,69100.0,LIQ-000392,Manual review,0.0,209000.0,0.36258991259895595,Very high,174025.0,174025.0,41014.81120102166,41014.81120102166,0.0,0.0,Customer-overextension safeguard | Manual review required,"{""automatic_increases_enabled"": true, ""within_maximum_increase"": true, ""within_account_exposure"": true, ""within_expected_loss_ceiling"": false, ""meets_profitability_hurdle"": false, ""payment_history_eligible"": true, ""not_overextended"": false}",
0.0,0.7405476508948352,0.27539914927411474,7.0,679022.9025009463,198.17713948081786,north_america,lending_club_full,170000.0,125900.0,LIQ-000393,No change,0.0,170000.0,0.3116920041770799,Very high,158975.0,158975.0,32208.30363663333,32208.30363663333,0.0,0.0,No reported delinquency in the harmonized source fields | Expected loss exceeds policy ceiling,"{""automatic_increases_enabled"": true, ""within_maximum_increase"": true, ""within_account_exposure"": true, ""within_expected_loss_ceiling"": false, ""meets_profitability_hurdle"": false, ""payment_history_eligible"": true, ""not_overextended"": true}",
0.0,0.7235980677730479,,9.0,,363.60488722223414,undisclosed,fico_heloc,403000.0,291600.0,LIQ-000394,No change,0.0,403000.0,0.5555679291990215,Very high,375150.0,375150.0,135473.85061535842,135473.85061535842,0.0,0.0,No reported delinquency in the harmonized source fields | Expected loss exceeds policy ceiling | Incremental return below profitability hurdle,"{""automatic_increases_enabled"": true, ""within_maximum_increase"": true, ""within_account_exposure"": true, ""within_expected_loss_ceiling"": false, ""meets_profitability_hurdle"": false, ""payment_history_eligible"": true, ""not_overextended"": true}",debt_to_income | income_inr
,,0.25745245553244844,7.0,,,europe,south_german_credit,149000.0,64200.0,LIQ-000395,Manual review,0.0,149000.0,0.21718541879107756,High,127800.0,127800.0,18041.592738974814,18041.592738974814,0.0,0.0,Insufficient behavioral history | Manual review required,"{""automatic_increases_enabled"": true, ""within_maximum_increase"": true, ""within_account_exposure"": true, ""within_expected_loss_ceiling"": false, ""meets_profitability_hurdle"": false, ""payment_history_eligible"": false, ""not_overextended"": true}",delinquency_count | utilization | income_inr | credit_age_months
2.0,0.7387659524168724,,,,,asia,taiwan_credit,217000.0,160300.0,LIQ-000396,Freeze automatic increases,0.0,217000.0,0.4065962978226508,Very high,202825.0,202825.0,53604.13116882145,53604.13116882145,0.0,0.0,Repeated delinquency,"{""automatic_increases_enabled"": true, ""within_maximum_increase"": true, ""within_account_exposure"": true, ""within_expected_loss_ceiling"": false, ""meets_profitability_hurdle"": false, ""payment_history_eligible"": false, ""not_overextended"": true}",debt_to_income | credit_lines | income_inr | credit_age_months
0.0,0.62886871855318,0.755812198771237,8.0,1254906.6861711475,186.9551443540142,north_america,lending_club_full,314000.0,197500.0,LIQ-000397,Manual review,0.0,314000.0,0.3809476322330498,Very high,284875.0,284875.0,70539.59687605353,70539.59687605353,0.0,0.0,Customer-overextension safeguard | Manual review required,"{""automatic_increases_enabled"": true, ""within_maximum_increase"": true, ""within_account_exposure"": true, ""within_expected_loss_ceiling"": false, ""meets_profitability_hurdle"": false, ""payment_history_eligible"": true, ""not_overextended"": false}",
2.0,1.0067435400963722,0.20106413174943186,7.0,1481725.8036295173,116.95531348308545,north_america,lending_club_full,370000.0,372500.0,LIQ-000398,Freeze automatic increases,0.0,370000.0,0.32999042810509704,Very high,370000.0,370000.0,79362.69795927584,79362.69795927584,0.0,0.0,Repeated delinquency,"{""automatic_increases_enabled"": true, ""within_maximum_increase"": true, ""within_account_exposure"": true, ""within_expected_loss_ceiling"": false, ""meets_profitability_hurdle"": false, ""payment_history_eligible"": false, ""not_overextended"": true}",
1.0,0.12018659705112315,0.08313617900913325,9.0,,,undisclosed,give_me_some_credit,372000.0,44700.0,LIQ-000399,Manual review,0.0,372000.0,0.05134813765793103,Moderate,290175.0,290175.0,9684.964799178588,9684.964799178588,0.0,0.0,Reported delinquency | Manual review required,"{""automatic_increases_enabled"": true, ""within_maximum_increase"": true, ""within_account_exposure"": true, ""within_expected_loss_ceiling"": true, ""meets_profitability_hurdle"": false, ""payment_history_eligible"": false, ""not_overextended"": true}",income_inr | credit_age_months
,,0.36876732077732427,,,,undisclosed,home_credit,915000.0,139200.0,LIQ-000400,Manual review,0.0,915000.0,0.0814213387076708,Moderate,721050.0,721050.0,38160.75657885792,38160.75657885792,0.0,0.0,Insufficient behavioral history | Manual review required,"{""automatic_increases_enabled"": true, ""within_maximum_increase"": true, ""within_account_exposure"": true, ""within_expected_loss_ceiling"": true, ""meets_profitability_hurdle"": false, ""payment_history_eligible"": false, ""not_overextended"": true}",delinquency_count | utilization | credit_lines | income_inr | credit_age_months
0.0,0.3952393820169011,,,,,asia,taiwan_credit,487000.0,192500.0,LIQ-000401,Increase 30%,0.3,633100.0,0.09448636073286308,Moderate,413375.0,522950.0,25387.89458916573,32117.567524412985,9430.229234480623,0.08606186844152976,No reported delinquency in the harmonized source fields,"{""automatic_increases_enabled"": true, ""within_maximum_increase"": true, ""within_account_exposure"": true, ""within_expected_loss_ceiling"": true, ""meets_profitability_hurdle"": true, ""payment_history_eligible"": true, ""not_overextended"": true}",debt_to_income | credit_lines | income_inr | credit_age_months
,,0.3556969024343964,,,,undisclosed,home_credit,301000.0,34100.0,LIQ-000402,Manual review,0.0,301000.0,0.0814213387076708,Moderate,234275.0,234275.0,12398.739681730727,12398.739681730727,0.0,0.0,Insufficient behavioral history | Manual review required,"{""automatic_increases_enabled"": true, ""within_maximum_increase"": true, ""within_account_exposure"": true, ""within_expected_loss_ceiling"": true, ""meets_profitability_hurdle"": false, ""payment_history_eligible"": false, ""not_overextended"": true}",delinquency_count | utilization | credit_lines | income_inr | credit_age_months
,,0.29696740777984104,,,,undisclosed,home_credit,158000.0,49600.0,LIQ-000403,Manual review,0.0,158000.0,0.08215167347213541,Moderate,130900.0,130900.0,6989.875137376641,6989.875137376641,0.0,0.0,Insufficient behavioral history | Manual review required,"{""automatic_increases_enabled"": true, ""within_maximum_increase"": true, ""within_account_exposure"": true, ""within_expected_loss_ceiling"": true, ""meets_profitability_hurdle"": false, ""payment_history_eligible"": false, ""not_overextended"": true}",delinquency_count | utilization | credit_lines | income_inr | credit_age_months
0.0,0.810123013439219,0.20073999784907146,5.0,180000.0,130.8158091649561,north_america,lending_club_full,50000.0,40500.0,LIQ-000404,No change,0.0,50000.0,0.2784004976953116,High,47625.0,47625.0,8618.23540678049,8618.23540678049,0.0,0.0,No reported delinquency in the harmonized source fields | Expected loss exceeds policy ceiling,"{""automatic_increases_enabled"": true, ""within_maximum_increase"": true, ""within_account_exposure"": true, ""within_expected_loss_ceiling"": false, ""meets_profitability_hurdle"": false, ""payment_history_eligible"": true, ""not_overextended"": true}",
1.0,1.0457743777461608,0.5938606372233077,12.0,,,undisclosed,give_me_some_credit,577000.0,603400.0,LIQ-000405,Manual review,0.0,577000.0,0.27831115461147027,High,577000.0,577000.0,104380.59853703192,104380.59853703192,0.0,0.0,Reported delinquency | Manual review required,"{""automatic_increases_enabled"": true, ""within_maximum_increase"": true, ""within_account_exposure"": true, ""within_expected_loss_ceiling"": false, ""meets_profitability_hurdle"": false, ""payment_history_eligible"": false, ""not_overextended"": true}",income_inr | credit_age_months
,,0.3604308653273743,8.0,,,europe,south_german_credit,1126000.0,246200.0,LIQ-000406,Manual review,0.0,1126000.0,0.219651415207646,High,906050.0,906050.0,129359.85708677699,129359.85708677699,0.0,0.0,Insufficient behavioral history | Manual review required,"{""automatic_increases_enabled"": true, ""within_maximum_increase"": true, ""within_account_exposure"": true, ""within_expected_loss_ceiling"": false, ""meets_profitability_hurdle"": false, ""payment_history_eligible"": false, ""not_overextended"": true}",delinquency_count | utilization | income_inr | credit_age_months
,,0.29552914426940413,,,,undisclosed,home_credit,1431000.0,265500.0,LIQ-000407,Manual review,0.0,1431000.0,0.08215167347213541,Moderate,1139625.0,1139625.0,60854.3655724435,60854.3655724435,0.0,0.0,Insufficient behavioral history | Manual review required,"{""automatic_increases_enabled"": true, ""within_maximum_increase"": true, ""within_account_exposure"": true, ""within_expected_loss_ceiling"": true, ""meets_profitability_hurdle"": false, ""payment_history_eligible"": false, ""not_overextended"": true}",delinquency_count | utilization | credit_lines | income_inr | credit_age_months
0.0,0.14891201809219964,,,,,asia,taiwan_credit,152000.0,22600.0,LIQ-000408,No change,0.0,152000.0,0.09035867007938546,Moderate,119650.0,119650.0,7027.419668749006,7027.419668749006,0.0,0.0,No reported delinquency in the harmonized source fields | Low utilization provides no evidence of additional need | Incremental return below profitability hurdle,"{""automatic_increases_enabled"": true, ""within_maximum_increase"": true, ""within_account_exposure"": true, ""within_expected_loss_ceiling"": true, ""meets_profitability_hurdle"": false, ""payment_history_eligible"": true, ""not_overextended"": true}",debt_to_income | credit_lines | income_inr | credit_age_months
,,0.4549597583539002,,,,undisclosed,home_credit,152000.0,74100.0,LIQ-000409,Manual review,0.0,152000.0,0.0816667968826516,Moderate,132525.0,132525.0,7034.879966967713,7034.879966967713,0.0,0.0,Insufficient behavioral history | Manual review required,"{""automatic_increases_enabled"": true, ""within_maximum_increase"": true, ""within_account_exposure"": true, ""within_expected_loss_ceiling"": true, ""meets_profitability_hurdle"": false, ""payment_history_eligible"": false, ""not_overextended"": true}",delinquency_count | utilization | credit_lines | income_inr | credit_age_months
,,0.056070732539033385,,,,undisclosed,home_credit,54000.0,13000.0,LIQ-000410,Manual review,0.0,54000.0,0.07099095578693908,Moderate,43750.0,43750.0,2018.80530519108,2018.80530519108,0.0,0.0,Insufficient behavioral history | Manual review required,"{""automatic_increases_enabled"": true, ""within_maximum_increase"": true, ""within_account_exposure"": true, ""within_expected_loss_ceiling"": true, ""meets_profitability_hurdle"": false, ""payment_history_eligible"": false, ""not_overextended"": true}",delinquency_count | utilization | credit_lines | income_inr | credit_age_months
,,0.11028523056154951,,,,undisclosed,home_credit,636000.0,184900.0,LIQ-000411,Manual review,0.0,636000.0,0.07623137186436489,Moderate,523225.0,523225.0,25926.00370342601,25926.00370342601,0.0,0.0,Insufficient behavioral history | Manual review required,"{""automatic_increases_enabled"": true, ""within_maximum_increase"": true, ""within_account_exposure"": true, ""within_expected_loss_ceiling"": true, ""meets_profitability_hurdle"": false, ""payment_history_eligible"": false, ""not_overextended"": true}",delinquency_count | utilization | credit_lines | income_inr | credit_age_months
,,0.5695338841766192,,,,undisclosed,home_credit,536000.0,199900.0,LIQ-000412,Manual review,0.0,536000.0,0.08157494490397012,Moderate,451975.0,451975.0,23965.39321993173,23965.39321993173,0.0,0.0,Insufficient behavioral history | Manual review required,"{""automatic_increases_enabled"": true, ""within_maximum_increase"": true, ""within_account_exposure"": true, ""within_expected_loss_ceiling"": true, ""meets_profitability_hurdle"": false, ""payment_history_eligible"": false, ""not_overextended"": true}",delinquency_count | utilization | credit_lines | income_inr | credit_age_months
0.0,1.0039790009422704,,10.0,,79.81820536009157,undisclosed,fico_heloc,373000.0,374500.0,LIQ-000413,No change,0.0,373000.0,0.8241364493650415,Very high,373000.0,373000.0,199811.88214855432,199811.88214855432,0.0,0.0,No reported delinquency in the harmonized source fields | Expected loss exceeds policy ceiling | Incremental return below profitability hurdle,"{""automatic_increases_enabled"": true, ""within_maximum_increase"": true, ""within_account_exposure"": true, ""within_expected_loss_ceiling"": false, ""meets_profitability_hurdle"": false, ""payment_history_eligible"": true, ""not_overextended"": true}",debt_to_income | income_inr
1.0,0.3387208604011725,,,,,asia,taiwan_credit,158000.0,53500.0,LIQ-000414,Manual review,0.0,158000.0,0.2683522449253723,High,131875.0,131875.0,23002.818994696758,23002.818994696758,0.0,0.0,Reported delinquency | Manual review required,"{""automatic_increases_enabled"": true, ""within_maximum_increase"": true, ""within_account_exposure"": true, ""within_expected_loss_ceiling"": false, ""meets_profitability_hurdle"": false, ""payment_history_eligible"": false, ""not_overextended"": true}",debt_to_income | credit_lines | income_inr | credit_age_months
3.0,0.8393606086877202,,,,,asia,taiwan_credit,330000.0,277000.0,LIQ-000415,Freeze automatic increases,0.0,330000.0,0.5060702868055332,Very high,316750.0,316750.0,104193.54617467422,104193.54617467422,0.0,0.0,Repeated delinquency,"{""automatic_increases_enabled"": true, ""within_maximum_increase"": true, ""within_account_exposure"": true, ""within_expected_loss_ceiling"": false, ""meets_profitability_hurdle"": false, ""payment_history_eligible"": false, ""not_overextended"": true}",debt_to_income | credit_lines | income_inr | credit_age_months
,,0.30562786655677454,5.0,,,europe,south_german_credit,395000.0,28600.0,LIQ-000416,Manual review,0.0,395000.0,0.22958897474143414,High,303400.0,303400.0,45277.24170875823,45277.24170875823,0.0,0.0,Insufficient behavioral history | Manual review required,"{""automatic_increases_enabled"": true, ""within_maximum_increase"": true, ""within_account_exposure"": true, ""within_expected_loss_ceiling"": false, ""meets_profitability_hurdle"": false, ""payment_history_eligible"": false, ""not_overextended"": true}",delinquency_count | utilization | income_inr | credit_age_months
0.0,0.2516443866424791,0.2263091220514084,7.0,,,undisclosed,give_me_some_credit,582000.0,146500.0,LIQ-000417,Increase 30%,0.3,756600.0,0.015079583626088364,Low,473125.0,604075.0,4637.443202010487,5920.9796613040635,7639.0138403600395,0.05833534815089759,No reported delinquency in the harmonized source fields,"{""automatic_increases_enabled"": true, ""within_maximum_increase"": true, ""within_account_exposure"": true, ""within_expected_loss_ceiling"": true, ""meets_profitability_hurdle"": true, ""payment_history_eligible"": true, ""not_overextended"": true}",income_inr | credit_age_months
,,0.30393652941440746,7.0,,,europe,south_german_credit,418000.0,245800.0,LIQ-000418,Manual review,0.0,418000.0,0.2225239863155323,High,374950.0,374950.0,54232.989634855745,54232.989634855745,0.0,0.0,Insufficient behavioral history | Manual review required,"{""automatic_increases_enabled"": true, ""within_maximum_increase"": true, ""within_account_exposure"": true, ""within_expected_loss_ceiling"": false, ""meets_profitability_hurdle"": false, ""payment_history_eligible"": false, ""not_overextended"": true}",delinquency_count | utilization | income_inr | credit_age_months
,,0.6316357470718179,5.0,,,europe,south_german_credit,539000.0,144900.0,LIQ-000419,Manual review,0.0,539000.0,0.2359641248901118,High,440475.0,440475.0,67558.5936421318,67558.5936421318,0.0,0.0,Insufficient behavioral history | Manual review required,"{""automatic_increases_enabled"": true, ""within_maximum_increase"": true, ""within_account_exposure"": true, ""within_expected_loss_ceiling"": false, ""meets_profitability_hurdle"": false, ""payment_history_eligible"": false, ""not_overextended"": false}",delinquency_count | utilization | income_inr | credit_age_months
1.0,0.5143077222240025,,8.0,,46.20824428729632,undisclosed,fico_heloc,323000.0,166100.0,LIQ-000420,Manual review,0.0,323000.0,0.8101534671976384,Very high,283775.0,283775.0,149435.8451001064,149435.8451001064,0.0,0.0,Reported delinquency | Manual review required,"{""automatic_increases_enabled"": true, ""within_maximum_increase"": true, ""within_account_exposure"": true, ""within_expected_loss_ceiling"": false, ""meets_profitability_hurdle"": false, ""payment_history_eligible"": false, ""not_overextended"": true}",debt_to_income | income_inr
0.0,0.5750414954654317,,9.0,,133.17337991745734,undisclosed,fico_heloc,754000.0,433600.0,LIQ-000421,No change,0.0,754000.0,0.7027217266542568,Very high,673900.0,673900.0,307816.7115349974,307816.7115349974,0.0,0.0,No reported delinquency in the harmonized source fields | Expected loss exceeds policy ceiling | Incremental return below profitability hurdle,"{""automatic_increases_enabled"": true, ""within_maximum_increase"": true, ""within_account_exposure"": true, ""within_expected_loss_ceiling"": false, ""meets_profitability_hurdle"": false, ""payment_history_eligible"": true, ""not_overextended"": true}",debt_to_income | income_inr
0.0,1.0011502796159475,0.1542904964019108,10.0,1078927.575865812,208.63385787979703,north_america,lending_club_full,270000.0,270300.0,LIQ-000422,No change,0.0,270000.0,0.332995006991391,Very high,270000.0,270000.0,58440.62372698912,58440.62372698912,0.0,0.0,No reported delinquency in the harmonized source fields | Expected loss exceeds policy ceiling,"{""automatic_increases_enabled"": true, ""within_maximum_increase"": true, ""within_account_exposure"": true, ""within_expected_loss_ceiling"": false, ""meets_profitability_hurdle"": false, ""payment_history_eligible"": true, ""not_overextended"": true}",
0.0,1.1669456186551568,0.20439361971089526,4.0,1279561.6620529182,84.28542195945272,north_america,lending_club_full,320000.0,373400.0,LIQ-000423,Manual review,0.0,320000.0,0.3278486642813758,Very high,320000.0,320000.0,68192.52217052618,68192.52217052618,0.0,0.0,Customer-overextension safeguard | Manual review required,"{""automatic_increases_enabled"": true, ""within_maximum_increase"": true, ""within_account_exposure"": true, ""within_expected_loss_ceiling"": false, ""meets_profitability_hurdle"": false, ""payment_history_eligible"": true, ""not_overextended"": false}",
0.0,0.4553292196854373,,3.0,,110.44350987528449,undisclosed,fico_heloc,863000.0,392900.0,LIQ-000424,No change,0.0,863000.0,0.6849253586959372,Very high,745475.0,745475.0,331886.575653005,331886.575653005,0.0,0.0,No reported delinquency in the harmonized source fields | Expected loss exceeds policy ceiling | Incremental return below profitability hurdle,"{""automatic_increases_enabled"": true, ""within_maximum_increase"": true, ""within_account_exposure"": true, ""within_expected_loss_ceiling"": false, ""meets_profitability_hurdle"": false, ""payment_history_eligible"": true, ""not_overextended"": true}",debt_to_income | income_inr
0.0,0.8365596103735596,,9.0,,93.02146801016514,undisclosed,fico_heloc,776000.0,649200.0,LIQ-000425,No change,0.0,776000.0,0.7684075225101455,Very high,744300.0,744300.0,371751.7173527959,371751.7173527959,0.0,0.0,No reported delinquency in the harmonized source fields | Expected loss exceeds policy ceiling | Incremental return below profitability hurdle,"{""automatic_increases_enabled"": true, ""within_maximum_increase"": true, ""within_account_exposure"": true, ""within_expected_loss_ceiling"": false, ""meets_profitability_hurdle"": false, ""payment_history_eligible"": true, ""not_overextended"": true}",debt_to_income | income_inr
,,0.04220501217882686,,,,undisclosed,home_credit,474000.0,275200.0,LIQ-000426,Manual review,0.0,474000.0,0.07078870544417747,Moderate,424300.0,424300.0,19523.171017976925,19523.171017976925,0.0,0.0,Insufficient behavioral history | Manual review required,"{""automatic_increases_enabled"": true, ""within_maximum_increase"": true, ""within_account_exposure"": true, ""within_expected_loss_ceiling"": true, ""meets_profitability_hurdle"": false, ""payment_history_eligible"": false, ""not_overextended"": true}",delinquency_count | utilization | credit_lines | income_inr | credit_age_months
,,0.251004354200276,5.0,,,europe,south_german_credit,420000.0,310600.0,LIQ-000427,Manual review,0.0,420000.0,0.22416899442054605,High,392650.0,392650.0,57212.97117849781,57212.97117849781,0.0,0.0,Insufficient behavioral history | Manual review required,"{""automatic_increases_enabled"": true, ""within_maximum_increase"": true, ""within_account_exposure"": true, ""within_expected_loss_ceiling"": false, ""meets_profitability_hurdle"": false, ""payment_history_eligible"": false, ""not_overextended"": true}",delinquency_count | utilization | income_inr | credit_age_months
0.0,0.739777118446402,,10.0,,225.250799578637,undisclosed,fico_heloc,1029000.0,761200.0,LIQ-000428,No change,0.0,1029000.0,0.6233414724125476,Very high,962050.0,962050.0,389795.6812974194,389795.6812974194,0.0,0.0,No reported delinquency in the harmonized source fields | Expected loss exceeds policy ceiling | Incremental return below profitability hurdle,"{""automatic_increases_enabled"": true, ""within_maximum_increase"": true, ""within_account_exposure"": true, ""within_expected_loss_ceiling"": false, ""meets_profitability_hurdle"": false, ""payment_history_eligible"": true, ""not_overextended"": true}",debt_to_income | income_inr
0.0,0.34949840863236065,,10.0,,63.855877384983344,undisclosed,fico_heloc,121000.0,42300.0,LIQ-000429,No change,0.0,121000.0,0.6931211702828989,Very high,101325.0,101325.0,45649.82667629458,45649.82667629458,0.0,0.0,No reported delinquency in the harmonized source fields | Expected loss exceeds policy ceiling | Incremental return below profitability hurdle,"{""automatic_increases_enabled"": true, ""within_maximum_increase"": true, ""within_account_exposure"": true, ""within_expected_loss_ceiling"": false, ""meets_profitability_hurdle"": false, ""payment_history_eligible"": true, ""not_overextended"": true}",debt_to_income | income_inr
1.0,1.1159083007121111,,10.0,,100.89107949823195,undisclosed,fico_heloc,784000.0,874900.0,LIQ-000430,Manual review,0.0,784000.0,0.8170557711655319,Very high,784000.0,784000.0,416371.620985955,416371.620985955,0.0,0.0,Reported delinquency | Manual review required,"{""automatic_increases_enabled"": true, ""within_maximum_increase"": true, ""within_account_exposure"": true, ""within_expected_loss_ceiling"": false, ""meets_profitability_hurdle"": false, ""payment_history_eligible"": false, ""not_overextended"": false}",debt_to_income | income_inr
2.0,0.6286967958163507,,5.0,,255.89094655993836,undisclosed,fico_heloc,257000.0,161600.0,LIQ-000431,Freeze automatic increases,0.0,257000.0,0.6727459315242067,Very high,233150.0,233150.0,101952.96405766472,101952.96405766472,0.0,0.0,Repeated delinquency,"{""automatic_increases_enabled"": true, ""within_maximum_increase"": true, ""within_account_exposure"": true, ""within_expected_loss_ceiling"": false, ""meets_profitability_hurdle"": false, ""payment_history_eligible"": false, ""not_overextended"": true}",debt_to_income | income_inr
0.0,0.38586814434301175,,3.0,,120.67703687471457,undisclosed,fico_heloc,713000.0,275100.0,LIQ-000432,No change,0.0,713000.0,0.6382002806842108,Very high,603525.0,603525.0,250360.3858599599,250360.3858599599,0.0,0.0,No reported delinquency in the harmonized source fields | Expected loss exceeds policy ceiling | Incremental return below profitability hurdle,"{""automatic_increases_enabled"": true, ""within_maximum_increase"": true, ""within_account_exposure"": true, ""within_expected_loss_ceiling"": false, ""meets_profitability_hurdle"": false, ""payment_history_eligible"": true, ""not_overextended"": true}",debt_to_income | income_inr
,,0.5136750316512391,11.0,,,europe,south_german_credit,378000.0,98400.0,LIQ-000433,Manual review,0.0,378000.0,0.200796702444594,High,308100.0,308100.0,40212.551615066615,40212.551615066615,0.0,0.0,Insufficient behavioral history | Manual review required,"{""automatic_increases_enabled"": true, ""within_maximum_increase"": true, ""within_account_exposure"": true, ""within_expected_loss_ceiling"": false, ""meets_profitability_hurdle"": false, ""payment_history_eligible"": false, ""not_overextended"": true}",delinquency_count | utilization | income_inr | credit_age_months
0.0,0.4103563455913706,,9.0,,138.4475388191321,undisclosed,fico_heloc,156000.0,64000.0,LIQ-000434,No change,0.0,156000.0,0.5624845455227513,Very high,133000.0,133000.0,48626.78896044185,48626.78896044185,0.0,0.0,No reported delinquency in the harmonized source fields | Expected loss exceeds policy ceiling | Incremental return below profitability hurdle,"{""automatic_increases_enabled"": true, ""within_maximum_increase"": true, ""within_account_exposure"": true, ""within_expected_loss_ceiling"": false, ""meets_profitability_hurdle"": false, ""payment_history_eligible"": true, ""not_overextended"": true}",debt_to_income | income_inr
0.0,0.5252563458710052,0.17864540250576438,8.0,,,undisclosed,give_me_some_credit,253000.0,132900.0,LIQ-000435,Increase 30%,0.3,328900.0,0.038428915563831795,Low,222975.0,279900.0,5569.646841099507,6991.5647531057375,10990.01266373291,0.1930612676984262,No reported delinquency in the harmonized source fields,"{""automatic_increases_enabled"": true, ""within_maximum_increase"": true, ""within_account_exposure"": true, ""within_expected_loss_ceiling"": true, ""meets_profitability_hurdle"": true, ""payment_history_eligible"": true, ""not_overextended"": true}",income_inr | credit_age_months
0.0,0.8808431916974745,,,,,asia,taiwan_credit,680000.0,599000.0,LIQ-000436,Increase 30%,0.3,884000.0,0.14213139495320948,Moderate,659750.0,812750.0,60951.272083246964,75086.23931134366,49690.97098989652,0.32477758816925834,No reported delinquency in the harmonized source fields | High utilization with low estimated risk,"{""automatic_increases_enabled"": true, ""within_maximum_increase"": true, ""within_account_exposure"": true, ""within_expected_loss_ceiling"": true, ""meets_profitability_hurdle"": true, ""payment_history_eligible"": true, ""not_overextended"": true}",debt_to_income | credit_lines | income_inr | credit_age_months
2.0,0.6642814390061887,,7.0,,80.91503761931598,undisclosed,fico_heloc,305000.0,202600.0,LIQ-000437,Freeze automatic increases,0.0,305000.0,0.8141693641967948,Very high,279400.0,279400.0,147861.2982317799,147861.2982317799,0.0,0.0,Repeated delinquency,"{""automatic_increases_enabled"": true, ""within_maximum_increase"": true, ""within_account_exposure"": true, ""within_expected_loss_ceiling"": false, ""meets_profitability_hurdle"": false, ""payment_history_eligible"": false, ""not_overextended"": true}",debt_to_income | income_inr
,,0.4274929306631607,,,,undisclosed,home_credit,234000.0,69900.0,LIQ-000438,Manual review,0.0,234000.0,0.0816667968826516,Moderate,192975.0,192975.0,10243.772583479302,10243.772583479302,0.0,0.0,Insufficient behavioral history | Manual review required,"{""automatic_increases_enabled"": true, ""within_maximum_increase"": true, ""within_account_exposure"": true, ""within_expected_loss_ceiling"": true, ""meets_profitability_hurdle"": false, ""payment_history_eligible"": false, ""not_overextended"": true}",delinquency_count | utilization | credit_lines | income_inr | credit_age_months
0.0,0.260587800781991,,9.0,,162.38013098647102,undisclosed,fico_heloc,233000.0,60700.0,LIQ-000439,No change,0.0,233000.0,0.42058614522131393,Very high,189925.0,189925.0,51921.88536025273,51921.88536025273,0.0,0.0,No reported delinquency in the harmonized source fields | Expected loss exceeds policy ceiling | Incremental return below profitability hurdle,"{""automatic_increases_enabled"": true, ""within_maximum_increase"": true, ""within_account_exposure"": true, ""within_expected_loss_ceiling"": false, ""meets_profitability_hurdle"": false, ""payment_history_eligible"": true, ""not_overextended"": true}",debt_to_income | income_inr
1.0,1.0114069162190238,,,,,asia,taiwan_credit,531000.0,537100.0,LIQ-000440,Manual review,0.0,531000.0,0.38466665306087755,Very high,531000.0,531000.0,132767.6953039619,132767.6953039619,0.0,0.0,Reported delinquency | Manual review required,"{""automatic_increases_enabled"": true, ""within_maximum_increase"": true, ""within_account_exposure"": true, ""within_expected_loss_ceiling"": false, ""meets_profitability_hurdle"": false, ""payment_history_eligible"": false, ""not_overextended"": true}",debt_to_income | credit_lines | income_inr | credit_age_months
,,0.8749381444376918,12.0,,,europe,south_german_credit,1092000.0,445700.0,LIQ-000441,Manual review,0.0,1092000.0,0.2103806267537841,High,930425.0,930425.0,127233.20652080321,127233.20652080321,0.0,0.0,Insufficient behavioral history | Manual review required,"{""automatic_increases_enabled"": true, ""within_maximum_increase"": true, ""within_account_exposure"": true, ""within_expected_loss_ceiling"": false, ""meets_profitability_hurdle"": false, ""payment_history_eligible"": false, ""not_overextended"": false}",delinquency_count | utilization | income_inr | credit_age_months
0.0,0.660361916529494,0.33853882326746565,10.0,1125781.365371635,120.96723249021743,north_america,lending_club_full,281000.0,185600.0,LIQ-000442,No change,0.0,281000.0,0.3490731319303291,Very high,257150.0,257150.0,58346.70131932468,58346.70131932468,0.0,0.0,No reported delinquency in the harmonized source fields | Expected loss exceeds policy ceiling,"{""automatic_increases_enabled"": true, ""within_maximum_increase"": true, ""within_account_exposure"": true, ""within_expected_loss_ceiling"": false, ""meets_profitability_hurdle"": false, ""payment_history_eligible"": true, ""not_overextended"": true}",
0.0,1.0522836920930683,,7.0,,199.4133771418072,undisclosed,fico_heloc,2161000.0,2274000.0,LIQ-000443,No change,0.0,2161000.0,0.7250921373826985,Very high,2161000.0,2161000.0,1018500.6707746076,1018500.6707746076,0.0,0.0,No reported delinquency in the harmonized source fields | Expected loss exceeds policy ceiling,"{""automatic_increases_enabled"": true, ""within_maximum_increase"": true, ""within_account_exposure"": true, ""within_expected_loss_ceiling"": false, ""meets_profitability_hurdle"": false, ""payment_history_eligible"": true, ""not_overextended"": true}",debt_to_income | income_inr
,,0.2542673622247253,,,,undisclosed,home_credit,400000.0,62600.0,LIQ-000444,Manual review,0.0,400000.0,0.0822952082090523,Moderate,315650.0,315650.0,16884.713606271784,16884.713606271784,0.0,0.0,Insufficient behavioral history | Manual review required,"{""automatic_increases_enabled"": true, ""within_maximum_increase"": true, ""within_account_exposure"": true, ""within_expected_loss_ceiling"": true, ""meets_profitability_hurdle"": false, ""payment_history_eligible"": false, ""not_overextended"": true}",delinquency_count | utilization | credit_lines | income_inr | credit_age_months
0.0,0.4395400477686722,,10.0,,175.9402112361632,undisclosed,fico_heloc,510000.0,224200.0,LIQ-000445,No change,0.0,510000.0,0.5226272105766682,Very high,438550.0,438550.0,148978.8060789586,148978.8060789586,0.0,0.0,No reported delinquency in the harmonized source fields | Expected loss exceeds policy ceiling | Incremental return below profitability hurdle,"{""automatic_increases_enabled"": true, ""within_maximum_increase"": true, ""within_account_exposure"": true, ""within_expected_loss_ceiling"": false, ""meets_profitability_hurdle"": false, ""payment_history_eligible"": true, ""not_overextended"": true}",debt_to_income | income_inr
,,0.17950338621381862,,,,undisclosed,home_credit,264000.0,104400.0,LIQ-000446,Manual review,0.0,264000.0,0.08168123091129671,Moderate,224100.0,224100.0,11898.096500694037,11898.096500694037,0.0,0.0,Insufficient behavioral history | Manual review required,"{""automatic_increases_enabled"": true, ""within_maximum_increase"": true, ""within_account_exposure"": true, ""within_expected_loss_ceiling"": true, ""meets_profitability_hurdle"": false, ""payment_history_eligible"": false, ""not_overextended"": true}",delinquency_count | utilization | credit_lines | income_inr | credit_age_months
,,0.2568917239942675,,,,undisclosed,home_credit,349000.0,134200.0,LIQ-000447,Manual review,0.0,349000.0,0.0822952082090523,Moderate,295300.0,295300.0,15796.153739686544,15796.153739686544,0.0,0.0,Insufficient behavioral history | Manual review required,"{""automatic_increases_enabled"": true, ""within_maximum_increase"": true, ""within_account_exposure"": true, ""within_expected_loss_ceiling"": true, ""meets_profitability_hurdle"": false, ""payment_history_eligible"": false, ""not_overextended"": true}",delinquency_count | utilization | credit_lines | income_inr | credit_age_months
0.0,0.5265428057491641,0.28535768597037514,14.0,,,undisclosed,give_me_some_credit,397000.0,209000.0,LIQ-000448,Increase 30%,0.3,516100.0,0.05193540244923157,Moderate,350000.0,439325.0,11815.304057200183,14830.73844265563,16627.152601437396,0.18614220656521013,No reported delinquency in the harmonized source fields,"{""automatic_increases_enabled"": true, ""within_maximum_increase"": true, ""within_account_exposure"": true, ""within_expected_loss_ceiling"": true, ""meets_profitability_hurdle"": true, ""payment_history_eligible"": true, ""not_overextended"": true}",income_inr | credit_age_months
0.0,0.8176430754529328,,,,,asia,taiwan_credit,177000.0,144700.0,LIQ-000449,Increase 30%,0.3,230100.0,0.13769992392818073,Moderate,168925.0,208750.0,15119.623772219154,18684.158428005023,11520.440454277927,0.28927659646648907,No reported delinquency in the harmonized source fields | High utilization with low estimated risk,"{""automatic_increases_enabled"": true, ""within_maximum_increase"": true, ""within_account_exposure"": true, ""within_expected_loss_ceiling"": true, ""meets_profitability_hurdle"": true, ""payment_history_eligible"": true, ""not_overextended"": true}",debt_to_income | credit_lines | income_inr | credit_age_months
,,0.3379081787037748,,,,undisclosed,home_credit,207000.0,74600.0,LIQ-000450,Manual review,0.0,207000.0,0.0814213387076708,Moderate,173900.0,173900.0,9203.46102082157,9203.46102082157,0.0,0.0,Insufficient behavioral history | Manual review required,"{""automatic_increases_enabled"": true, ""within_maximum_increase"": true, ""within_account_exposure"": true, ""within_expected_loss_ceiling"": true, ""meets_profitability_hurdle"": false, ""payment_history_eligible"": false, ""not_overextended"": true}",delinquency_count | utilization | credit_lines | income_inr | credit_age_months
0.0,0.5585116245696631,,,,,asia,taiwan_credit,756000.0,422200.0,LIQ-000451,Increase 30%,0.3,982800.0,0.11477146992801751,Moderate,672550.0,842650.0,50173.20886505731,62862.91643764857,27892.859904316487,0.16397918815000875,No reported delinquency in the harmonized source fields,"{""automatic_increases_enabled"": true, ""within_maximum_increase"": true, ""within_account_exposure"": true, ""within_expected_loss_ceiling"": true, ""meets_profitability_hurdle"": true, ""payment_history_eligible"": true, ""not_overextended"": true}",debt_to_income | credit_lines | income_inr | credit_age_months
0.0,0.317845524414769,,,,,asia,taiwan_credit,128000.0,40700.0,LIQ-000452,Increase 30%,0.3,166400.0,0.08763670963257318,Moderate,106175.0,134975.0,6048.137969404997,7688.697173726768,1238.3912872620103,0.04299969747437536,No reported delinquency in the harmonized source fields,"{""automatic_increases_enabled"": true, ""within_maximum_increase"": true, ""within_account_exposure"": true, ""within_expected_loss_ceiling"": true, ""meets_profitability_hurdle"": true, ""payment_history_eligible"": true, ""not_overextended"": true}",debt_to_income | credit_lines | income_inr | credit_age_months
0.0,0.9814128891065502,0.20795575508462807,8.0,,,undisclosed,give_me_some_credit,466000.0,457300.0,LIQ-000453,Increase 30%,0.3,605800.0,0.08472405834110767,Moderate,463825.0,568675.0,25543.138634041774,31317.295020134115,43754.73641872006,0.4173079296015266,No reported delinquency in the harmonized source fields | High utilization with low estimated risk,"{""automatic_increases_enabled"": true, ""within_maximum_increase"": true, ""within_account_exposure"": true, ""within_expected_loss_ceiling"": true, ""meets_profitability_hurdle"": true, ""payment_history_eligible"": true, ""not_overextended"": true}",income_inr | credit_age_months
0.0,0.4289976787943796,,8.0,,109.50172770974194,undisclosed,fico_heloc,275000.0,118000.0,LIQ-000454,No change,0.0,275000.0,0.6869532466767797,Very high,235750.0,235750.0,105266.99813763304,105266.99813763304,0.0,0.0,No reported delinquency in the harmonized source fields | Expected loss exceeds policy ceiling | Incremental return below profitability hurdle,"{""automatic_increases_enabled"": true, ""within_maximum_increase"": true, ""within_account_exposure"": true, ""within_expected_loss_ceiling"": false, ""meets_profitability_hurdle"": false, ""payment_history_eligible"": true, ""not_overextended"": true}",debt_to_income | income_inr
,,0.07818207028367592,15.0,,,europe,south_german_credit,187000.0,73100.0,LIQ-000455,Manual review,0.0,187000.0,0.16058917768059766,High,158525.0,158525.0,16547.309604680886,16547.309604680886,0.0,0.0,Insufficient behavioral history | Manual review required,"{""automatic_increases_enabled"": true, ""within_maximum_increase"": true, ""within_account_exposure"": true, ""within_expected_loss_ceiling"": true, ""meets_profitability_hurdle"": false, ""payment_history_eligible"": false, ""not_overextended"": true}",delinquency_count | utilization | income_inr | credit_age_months
0.0,0.8913925676132088,0.19027368468111783,9.0,,,undisclosed,give_me_some_credit,1261000.0,1124000.0,LIQ-000456,Increase 30%,0.3,1639300.0,0.08462150447535262,Moderate,1226750.0,1510475.0,67476.12989984025,83082.13353206537,104566.74787058923,0.3685496444465212,No reported delinquency in the harmonized source fields | High utilization with low estimated risk,"{""automatic_increases_enabled"": true, ""within_maximum_increase"": true, ""within_account_exposure"": true, ""within_expected_loss_ceiling"": true, ""meets_profitability_hurdle"": true, ""payment_history_eligible"": true, ""not_overextended"": true}",income_inr | credit_age_months
0.0,0.6395392175718132,,15.0,,185.9286369385025,undisclosed,fico_heloc,188000.0,120200.0,LIQ-000457,No change,0.0,188000.0,0.6176925689458478,Very high,171050.0,171050.0,68676.60404682173,68676.60404682173,0.0,0.0,No reported delinquency in the harmonized source fields | Expected loss exceeds policy ceiling | Incremental return below profitability hurdle,"{""automatic_increases_enabled"": true, ""within_maximum_increase"": true, ""within_account_exposure"": true, ""within_expected_loss_ceiling"": false, ""meets_profitability_hurdle"": false, ""payment_history_eligible"": true, ""not_overextended"": true}",debt_to_income | income_inr
,,0.24084827729137878,,,,undisclosed,home_credit,168000.0,13300.0,LIQ-000458,Manual review,0.0,168000.0,0.0822952082090523,Moderate,129325.0,129325.0,6917.838071063198,6917.838071063198,0.0,0.0,Insufficient behavioral history | Manual review required,"{""automatic_increases_enabled"": true, ""within_maximum_increase"": true, ""within_account_exposure"": true, ""within_expected_loss_ceiling"": true, ""meets_profitability_hurdle"": false, ""payment_history_eligible"": false, ""not_overextended"": true}",delinquency_count | utilization | credit_lines | income_inr | credit_age_months
0.0,0.6500873006368796,,9.0,,156.1407338754563,undisclosed,fico_heloc,310000.0,201500.0,LIQ-000459,No change,0.0,310000.0,0.6420657036793824,Very high,282875.0,282875.0,118055.81835339844,118055.81835339844,0.0,0.0,No reported delinquency in the harmonized source fields | Expected loss exceeds policy ceiling | Incremental return below profitability hurdle,"{""automatic_increases_enabled"": true, ""within_maximum_increase"": true, ""within_account_exposure"": true, ""within_expected_loss_ceiling"": false, ""meets_profitability_hurdle"": false, ""payment_history_eligible"": true, ""not_overextended"": true}",debt_to_income | income_inr
0.0,1.0972929974535424,0.5099318521785945,9.0,623282.102775431,134.90436597119012,north_america,lending_club_full,156000.0,171200.0,LIQ-000460,No change,0.0,156000.0,0.4511298382093212,Very high,156000.0,156000.0,45744.56559442517,45744.56559442517,0.0,0.0,No reported delinquency in the harmonized source fields | Expected loss exceeds policy ceiling,"{""automatic_increases_enabled"": true, ""within_maximum_increase"": true, ""within_account_exposure"": true, ""within_expected_loss_ceiling"": false, ""meets_profitability_hurdle"": false, ""payment_history_eligible"": true, ""not_overextended"": true}",
,,0.17419915244869483,9.0,,,europe,south_german_credit,351000.0,77500.0,LIQ-000461,Manual review,0.0,351000.0,0.21111021006115036,High,282625.0,282625.0,38782.2650270462,38782.2650270462,0.0,0.0,Insufficient behavioral history | Manual review required,"{""automatic_increases_enabled"": true, ""within_maximum_increase"": true, ""within_account_exposure"": true, ""within_expected_loss_ceiling"": false, ""meets_profitability_hurdle"": false, ""payment_history_eligible"": false, ""not_overextended"": true}",delinquency_count | utilization | income_inr | credit_age_months
0.0,0.46250364917863884,0.14281219439115103,7.0,,,undisclosed,give_me_some_credit,387000.0,179000.0,LIQ-000462,Increase 30%,0.3,503100.0,0.030203556375418866,Low,335000.0,422075.0,6576.824400747458,8286.307937150696,14342.343375433065,0.16471252799808286,No reported delinquency in the harmonized source fields,"{""automatic_increases_enabled"": true, ""within_maximum_increase"": true, ""within_account_exposure"": true, ""within_expected_loss_ceiling"": true, ""meets_profitability_hurdle"": true, ""payment_history_eligible"": true, ""not_overextended"": true}",income_inr | credit_age_months
0.0,0.7804903603774951,0.13391241025709194,8.0,,,undisclosed,give_me_some_credit,408000.0,318400.0,LIQ-000463,Increase 30%,0.3,530400.0,0.07432526824000324,Moderate,385600.0,477400.0,18628.885231674412,23063.873987555406,28681.225205942414,0.3124316471235557,No reported delinquency in the harmonized source fields | High utilization with low estimated risk,"{""automatic_increases_enabled"": true, ""within_maximum_increase"": true, ""within_account_exposure"": true, ""within_expected_loss_ceiling"": true, ""meets_profitability_hurdle"": true, ""payment_history_eligible"": true, ""not_overextended"": true}",income_inr | credit_age_months
0.0,0.5198233418657258,,9.0,,235.8461047339821,undisclosed,fico_heloc,323000.0,167900.0,LIQ-000464,No change,0.0,323000.0,0.4888574291718497,Very high,284225.0,284225.0,90314.57682413985,90314.57682413985,0.0,0.0,No reported delinquency in the harmonized source fields | Expected loss exceeds policy ceiling | Incremental return below profitability hurdle,"{""automatic_increases_enabled"": true, ""within_maximum_increase"": true, ""within_account_exposure"": true, ""within_expected_loss_ceiling"": false, ""meets_profitability_hurdle"": false, ""payment_history_eligible"": true, ""not_overextended"": true}",debt_to_income | income_inr
0.0,0.4739604369392934,0.5398409302331899,11.0,421461.13077097817,166.95359870665166,north_america,lending_club_full,105000.0,49800.0,LIQ-000465,No change,0.0,105000.0,0.3793455948470796,Very high,91200.0,91200.0,22487.606862534878,22487.606862534878,0.0,0.0,No reported delinquency in the harmonized source fields | Expected loss exceeds policy ceiling | Incremental return below profitability hurdle,"{""automatic_increases_enabled"": true, ""within_maximum_increase"": true, ""within_account_exposure"": true, ""within_expected_loss_ceiling"": false, ""meets_profitability_hurdle"": false, ""payment_history_eligible"": true, ""not_overextended"": true}",
0.0,0.699887024518364,0.009571012108475002,6.0,1909900.2690569425,153.1088234402686,north_america,lending_club_full,477000.0,333800.0,LIQ-000466,No change,0.0,477000.0,0.2237744864762644,High,441200.0,441200.0,64174.047231663106,64174.047231663106,0.0,0.0,No reported delinquency in the harmonized source fields | Expected loss exceeds policy ceiling,"{""automatic_increases_enabled"": true, ""within_maximum_increase"": true, ""within_account_exposure"": true, ""within_expected_loss_ceiling"": false, ""meets_profitability_hurdle"": false, ""payment_history_eligible"": true, ""not_overextended"": true}",
,,0.086764344219418,,,,undisclosed,home_credit,325000.0,84300.0,LIQ-000467,Manual review,0.0,325000.0,0.07307638764994355,Moderate,264825.0,264825.0,12579.095333607596,12579.095333607596,0.0,0.0,Insufficient behavioral history | Manual review required,"{""automatic_increases_enabled"": true, ""within_maximum_increase"": true, ""within_account_exposure"": true, ""within_expected_loss_ceiling"": true, ""meets_profitability_hurdle"": false, ""payment_history_eligible"": false, ""not_overextended"": true}",delinquency_count | utilization | credit_lines | income_inr | credit_age_months
1.0,0.8157381174910364,,,,,asia,taiwan_credit,254000.0,207200.0,LIQ-000468,Manual review,0.0,254000.0,0.32310135815252455,Very high,242300.0,242300.0,50886.84840223185,50886.84840223185,0.0,0.0,Reported delinquency | Manual review required,"{""automatic_increases_enabled"": true, ""within_maximum_increase"": true, ""within_account_exposure"": true, ""within_expected_loss_ceiling"": false, ""meets_profitability_hurdle"": false, ""payment_history_eligible"": false, ""not_overextended"": true}",debt_to_income | credit_lines | income_inr | credit_age_months
0.0,0.6811665556392896,,,,,asia,taiwan_credit,916000.0,623900.0,LIQ-000469,Increase 30%,0.3,1190800.0,0.12510822250742817,Moderate,842975.0,1049075.0,68551.01751432952,85311.14054253715,46464.220965599976,0.2254450313711789,No reported delinquency in the harmonized source fields | High utilization with low estimated risk,"{""automatic_increases_enabled"": true, ""within_maximum_increase"": true, ""within_account_exposure"": true, ""within_expected_loss_ceiling"": true, ""meets_profitability_hurdle"": true, ""payment_history_eligible"": true, ""not_overextended"": true}",debt_to_income | credit_lines | income_inr | credit_age_months
0.0,0.29615453195656855,0.3405402953237165,8.0,,,undisclosed,give_me_some_credit,323000.0,95700.0,LIQ-000470,Increase 30%,0.3,419900.0,0.018993235959626927,Low,266175.0,338850.0,3286.090978009903,4183.30770319773,5767.901444964915,0.07936568895720557,No reported delinquency in the harmonized source fields,"{""automatic_increases_enabled"": true, ""within_maximum_increase"": true, ""within_account_exposure"": true, ""within_expected_loss_ceiling"": true, ""meets_profitability_hurdle"": true, ""payment_history_eligible"": true, ""not_overextended"": true}",income_inr | credit_age_months
1.0,0.4813808433558602,,,,,asia,taiwan_credit,712000.0,342700.0,LIQ-000471,Manual review,0.0,712000.0,0.28988392090501375,High,619675.0,619675.0,116761.98214642936,116761.98214642936,0.0,0.0,Reported delinquency | Manual review required,"{""automatic_increases_enabled"": true, ""within_maximum_increase"": true, ""within_account_exposure"": true, ""within_expected_loss_ceiling"": false, ""meets_profitability_hurdle"": false, ""payment_history_eligible"": false, ""not_overextended"": true}",debt_to_income | credit_lines | income_inr | credit_age_months
0.0,0.6225393321485176,,,,,asia,taiwan_credit,777000.0,483700.0,LIQ-000472,Increase 30%,0.3,1010100.0,0.12266991346734986,Moderate,703675.0,878500.0,56107.83838343932,70047.58733769345,33980.868284790005,0.1943707609597598,No reported delinquency in the harmonized source fields,"{""automatic_increases_enabled"": true, ""within_maximum_increase"": true, ""within_account_exposure"": true, ""within_expected_loss_ceiling"": true, ""meets_profitability_hurdle"": true, ""payment_history_eligible"": true, ""not_overextended"": true}",debt_to_income | credit_lines | income_inr | credit_age_months
,,0.060988598222261436,,,,undisclosed,home_credit,808000.0,94500.0,LIQ-000473,Manual review,0.0,808000.0,0.07145355271656105,Moderate,629625.0,629625.0,29242.81303395709,29242.81303395709,0.0,0.0,Insufficient behavioral history | Manual review required,"{""automatic_increases_enabled"": true, ""within_maximum_increase"": true, ""within_account_exposure"": true, ""within_expected_loss_ceiling"": true, ""meets_profitability_hurdle"": false, ""payment_history_eligible"": false, ""not_overextended"": true}",delinquency_count | utilization | credit_lines | income_inr | credit_age_months
0.0,0.6624890478340707,,11.0,,136.46456567106523,undisclosed,fico_heloc,548000.0,363000.0,LIQ-000474,No change,0.0,548000.0,0.695551370813265,Very high,501750.0,501750.0,226845.3851986112,226845.3851986112,0.0,0.0,No reported delinquency in the harmonized source fields | Expected loss exceeds policy ceiling | Incremental return below profitability hurdle,"{""automatic_increases_enabled"": true, ""within_maximum_increase"": true, ""within_account_exposure"": true, ""within_expected_loss_ceiling"": false, ""meets_profitability_hurdle"": false, ""payment_history_eligible"": true, ""not_overextended"": true}",debt_to_income | income_inr
,,0.4870664519227292,4.0,,,europe,south_german_credit,350000.0,102100.0,LIQ-000475,Manual review,0.0,350000.0,0.23300759357181877,High,288025.0,288025.0,43622.807890040014,43622.807890040014,0.0,0.0,Insufficient behavioral history | Manual review required,"{""automatic_increases_enabled"": true, ""within_maximum_increase"": true, ""within_account_exposure"": true, ""within_expected_loss_ceiling"": false, ""meets_profitability_hurdle"": false, ""payment_history_eligible"": false, ""not_overextended"": true}",delinquency_count | utilization | income_inr | credit_age_months
,,0.03241078688842808,7.0,,,europe,south_german_credit,336000.0,140500.0,LIQ-000476,Manual review,0.0,336000.0,0.19448896955084413,High,287125.0,287125.0,36297.71949848598,36297.71949848598,0.0,0.0,Insufficient behavioral history | Manual review required,"{""automatic_increases_enabled"": true, ""within_maximum_increase"": true, ""within_account_exposure"": true, ""within_expected_loss_ceiling"": false, ""meets_profitability_hurdle"": false, ""payment_history_eligible"": false, ""not_overextended"": true}",delinquency_count | utilization | income_inr | credit_age_months
,,0.49094588678001455,,,,undisclosed,home_credit,299000.0,25800.0,LIQ-000477,Manual review,0.0,299000.0,0.0816667968826516,Moderate,230700.0,230700.0,12246.344526538021,12246.344526538021,0.0,0.0,Insufficient behavioral history | Manual review required,"{""automatic_increases_enabled"": true, ""within_maximum_increase"": true, ""within_account_exposure"": true, ""within_expected_loss_ceiling"": true, ""meets_profitability_hurdle"": false, ""payment_history_eligible"": false, ""not_overextended"": true}",delinquency_count | utilization | credit_lines | income_inr | credit_age_months
,,0.42822194924767626,,,,undisclosed,home_credit,86000.0,7900.0,LIQ-000478,Manual review,0.0,86000.0,0.0816667968826516,Moderate,66475.0,66475.0,3528.7202098032726,3528.7202098032726,0.0,0.0,Insufficient behavioral history | Manual review required,"{""automatic_increases_enabled"": true, ""within_maximum_increase"": true, ""within_account_exposure"": true, ""within_expected_loss_ceiling"": true, ""meets_profitability_hurdle"": false, ""payment_history_eligible"": false, ""not_overextended"": true}",delinquency_count | utilization | credit_lines | income_inr | credit_age_months
,,0.24191075651160215,,,,undisclosed,home_credit,558000.0,231700.0,LIQ-000479,Manual review,0.0,558000.0,0.0822952082090523,Moderate,476425.0,476425.0,25484.871471148534,25484.871471148534,0.0,0.0,Insufficient behavioral history | Manual review required,"{""automatic_increases_enabled"": true, ""within_maximum_increase"": true, ""within_account_exposure"": true, ""within_expected_loss_ceiling"": true, ""meets_profitability_hurdle"": false, ""payment_history_eligible"": false, ""not_overextended"": true}",delinquency_count | utilization | credit_lines | income_inr | credit_age_months
,,0.2221051492792026,7.0,,,europe,south_german_credit,410000.0,71800.0,LIQ-000480,Manual review,0.0,410000.0,0.21654302959688598,High,325450.0,325450.0,45808.053838499254,45808.053838499254,0.0,0.0,Insufficient behavioral history | Manual review required,"{""automatic_increases_enabled"": true, ""within_maximum_increase"": true, ""within_account_exposure"": true, ""within_expected_loss_ceiling"": false, ""meets_profitability_hurdle"": false, ""payment_history_eligible"": false, ""not_overextended"": true}",delinquency_count | utilization | income_inr | credit_age_months
,,0.3583204575204558,,,,undisclosed,home_credit,599000.0,288900.0,LIQ-000481,Manual review,0.0,599000.0,0.0814213387076708,Moderate,521475.0,521475.0,27598.475191678714,27598.475191678714,0.0,0.0,Insufficient behavioral history | Manual review required,"{""automatic_increases_enabled"": true, ""within_maximum_increase"": true, ""within_account_exposure"": true, ""within_expected_loss_ceiling"": true, ""meets_profitability_hurdle"": false, ""payment_history_eligible"": false, ""not_overextended"": true}",delinquency_count | utilization | credit_lines | income_inr | credit_age_months
,,0.15102211991259146,,,,undisclosed,home_credit,324000.0,81500.0,LIQ-000482,Manual review,0.0,324000.0,0.07856184138633404,Moderate,263375.0,263375.0,13449.296233831723,13449.296233831723,0.0,0.0,Insufficient behavioral history | Manual review required,"{""automatic_increases_enabled"": true, ""within_maximum_increase"": true, ""within_account_exposure"": true, ""within_expected_loss_ceiling"": true, ""meets_profitability_hurdle"": false, ""payment_history_eligible"": false, ""not_overextended"": true}",delinquency_count | utilization | credit_lines | income_inr | credit_age_months
,,0.30709352425512926,,,,undisclosed,home_credit,539000.0,63900.0,LIQ-000483,Manual review,0.0,539000.0,0.08203099212858951,Moderate,420225.0,420225.0,22406.457883703744,22406.457883703744,0.0,0.0,Insufficient behavioral history | Manual review required,"{""automatic_increases_enabled"": true, ""within_maximum_increase"": true, ""within_account_exposure"": true, ""within_expected_loss_ceiling"": true, ""meets_profitability_hurdle"": false, ""payment_history_eligible"": false, ""not_overextended"": true}",delinquency_count | utilization | credit_lines | income_inr | credit_age_months
0.0,0.7459651378618873,,,,,asia,taiwan_credit,143000.0,106700.0,LIQ-000484,Increase 30%,0.3,185900.0,0.1282539841565792,Moderate,133925.0,166100.0,11164.669638310415,13846.941399465075,8191.870094300868,0.2546035771344481,No reported delinquency in the harmonized source fields | High utilization with low estimated risk,"{""automatic_increases_enabled"": true, ""within_maximum_increase"": true, ""within_account_exposure"": true, ""within_expected_loss_ceiling"": true, ""meets_profitability_hurdle"": true, ""payment_history_eligible"": true, ""not_overextended"": true}",debt_to_income | credit_lines | income_inr | credit_age_months
1.0,0.533827117277483,0.13816528966183791,8.0,1574408.379627737,116.53430451651909,north_america,lending_club_full,394000.0,210300.0,LIQ-000485,Manual review,0.0,394000.0,0.23343759136637302,High,348075.0,348075.0,52814.96324965269,52814.96324965269,0.0,0.0,Reported delinquency | Manual review required,"{""automatic_increases_enabled"": true, ""within_maximum_increase"": true, ""within_account_exposure"": true, ""within_expected_loss_ceiling"": false, ""meets_profitability_hurdle"": false, ""payment_history_eligible"": false, ""not_overextended"": true}",
0.0,1.0322217240255736,0.362350590065105,8.0,,,undisclosed,give_me_some_credit,70000.0,72300.0,LIQ-000486,Increase 30%,0.3,91000.0,0.11615467779171489,Moderate,70000.0,86325.0,5285.037839523027,6517.584164240362,6457.857325129168,0.3955808468685555,No reported delinquency in the harmonized source fields | High utilization with low estimated risk,"{""automatic_increases_enabled"": true, ""within_maximum_increase"": true, ""within_account_exposure"": true, ""within_expected_loss_ceiling"": true, ""meets_profitability_hurdle"": true, ""payment_history_eligible"": true, ""not_overextended"": true}",income_inr | credit_age_months
0.0,0.8804400556515608,0.1345683829932146,8.0,1411748.2612354516,244.06337377381146,north_america,lending_club_full,353000.0,310800.0,LIQ-000487,No change,0.0,353000.0,0.2668568868676023,High,342450.0,342450.0,59400.34159007676,59400.34159007676,0.0,0.0,No reported delinquency in the harmonized source fields | Expected loss exceeds policy ceiling,"{""automatic_increases_enabled"": true, ""within_maximum_increase"": true, ""within_account_exposure"": true, ""within_expected_loss_ceiling"": false, ""meets_profitability_hurdle"": false, ""payment_history_eligible"": true, ""not_overextended"": true}",
0.0,0.9457295354528256,,,,,asia,taiwan_credit,212000.0,200500.0,LIQ-000488,Increase 30%,0.3,275600.0,0.1450603644741589,Moderate,209125.0,256825.0,19718.236668428013,24215.83326894931,16993.107476984416,0.35624963264118276,No reported delinquency in the harmonized source fields | High utilization with low estimated risk,"{""automatic_increases_enabled"": true, ""within_maximum_increase"": true, ""within_account_exposure"": true, ""within_expected_loss_ceiling"": true, ""meets_profitability_hurdle"": true, ""payment_history_eligible"": true, ""not_overextended"": true}",debt_to_income | credit_lines | income_inr | credit_age_months
0.0,0.48894129029357875,0.19255036146708912,6.0,,,undisclosed,give_me_some_credit,195000.0,95300.0,LIQ-000489,Increase 30%,0.3,253500.0,0.030600522720292633,Low,170075.0,213950.0,3382.8495360749503,4255.538193404296,7769.215970158752,0.17707614746800573,No reported delinquency in the harmonized source fields,"{""automatic_increases_enabled"": true, ""within_maximum_increase"": true, ""within_account_exposure"": true, ""within_expected_loss_ceiling"": true, ""meets_profitability_hurdle"": true, ""payment_history_eligible"": true, ""not_overextended"": true}",income_inr | credit_age_months
0.0,0.6068928707139085,,11.0,,121.00928084365329,undisclosed,fico_heloc,435000.0,264000.0,LIQ-000490,No change,0.0,435000.0,0.7302045867989956,Very high,392250.0,392250.0,186174.78696173892,186174.78696173892,0.0,0.0,No reported delinquency in the harmonized source fields | Expected loss exceeds policy ceiling | Incremental return below profitability hurdle,"{""automatic_increases_enabled"": true, ""within_maximum_increase"": true, ""within_account_exposure"": true, ""within_expected_loss_ceiling"": false, ""meets_profitability_hurdle"": false, ""payment_history_eligible"": true, ""not_overextended"": true}",debt_to_income | income_inr
1.0,0.9285354370396862,,8.0,,137.352625091052,undisclosed,fico_heloc,265000.0,246100.0,LIQ-000491,Manual review,0.0,265000.0,0.7311635058029946,Very high,260275.0,260275.0,123697.32795736837,123697.32795736837,0.0,0.0,Reported delinquency | Manual review required,"{""automatic_increases_enabled"": true, ""within_maximum_increase"": true, ""within_account_exposure"": true, ""within_expected_loss_ceiling"": false, ""meets_profitability_hurdle"": false, ""payment_history_eligible"": false, ""not_overextended"": true}",debt_to_income | income_inr
0.0,1.0071884812681846,0.08269632706029591,11.0,,,undisclosed,give_me_some_credit,138000.0,139000.0,LIQ-000492,Increase 30%,0.3,179400.0,0.13276500005472333,Moderate,138000.0,169300.0,11909.020504908684,14610.124431022028,12265.759453054932,0.3918772988196464,No reported delinquency in the harmonized source fields | High utilization with low estimated risk,"{""automatic_increases_enabled"": true, ""within_maximum_increase"": true, ""within_account_exposure"": true, ""within_expected_loss_ceiling"": true, ""meets_profitability_hurdle"": true, ""payment_history_eligible"": true, ""not_overextended"": true}",income_inr | credit_age_months
0.0,0.510292212602873,0.20240760031660074,15.0,,,undisclosed,give_me_some_credit,1830000.0,933800.0,LIQ-000493,Increase 30%,0.3,2379000.0,0.05268576210995293,Moderate,1605950.0,2017700.0,54996.954779311294,69097.64043601381,73383.36094144825,0.1782230988256181,No reported delinquency in the harmonized source fields,"{""automatic_increases_enabled"": true, ""within_maximum_increase"": true, ""within_account_exposure"": true, ""within_expected_loss_ceiling"": true, ""meets_profitability_hurdle"": true, ""payment_history_eligible"": true, ""not_overextended"": true}",income_inr | credit_age_months
0.0,0.5823254027048756,,4.0,,198.54320834964813,undisclosed,fico_heloc,342000.0,199200.0,LIQ-000494,No change,0.0,342000.0,0.5836240652652506,Very high,306300.0,306300.0,116196.63327398506,116196.63327398506,0.0,0.0,No reported delinquency in the harmonized source fields | Expected loss exceeds policy ceiling | Incremental return below profitability hurdle,"{""automatic_increases_enabled"": true, ""within_maximum_increase"": true, ""within_account_exposure"": true, ""within_expected_loss_ceiling"": false, ""meets_profitability_hurdle"": false, ""payment_history_eligible"": true, ""not_overextended"": true}",debt_to_income | income_inr
,,0.04605359617445441,6.0,,,europe,south_german_credit,173000.0,72300.0,LIQ-000495,Manual review,0.0,173000.0,0.19809703227866196,High,147825.0,147825.0,19034.400967785583,19034.400967785583,0.0,0.0,Insufficient behavioral history | Manual review required,"{""automatic_increases_enabled"": true, ""within_maximum_increase"": true, ""within_account_exposure"": true, ""within_expected_loss_ceiling"": false, ""meets_profitability_hurdle"": false, ""payment_history_eligible"": false, ""not_overextended"": true}",delinquency_count | utilization | income_inr | credit_age_months
0.0,0.8113146410581783,,10.0,,181.46672216715967,undisclosed,fico_heloc,226000.0,183400.0,LIQ-000496,No change,0.0,226000.0,0.6744267148498793,Very high,215350.0,215350.0,94404.56547789898,94404.56547789898,0.0,0.0,No reported delinquency in the harmonized source fields | Expected loss exceeds policy ceiling | Incremental return below profitability hurdle,"{""automatic_increases_enabled"": true, ""within_maximum_increase"": true, ""within_account_exposure"": true, ""within_expected_loss_ceiling"": false, ""meets_profitability_hurdle"": false, ""payment_history_eligible"": true, ""not_overextended"": true}",debt_to_income | income_inr
,,0.23597938398066606,,,,undisclosed,home_credit,313000.0,110500.0,LIQ-000497,Manual review,0.0,313000.0,0.0822952082090523,Moderate,262375.0,262375.0,14034.933415002564,14034.933415002564,0.0,0.0,Insufficient behavioral history | Manual review required,"{""automatic_increases_enabled"": true, ""within_maximum_increase"": true, ""within_account_exposure"": true, ""within_expected_loss_ceiling"": true, ""meets_profitability_hurdle"": false, ""payment_history_eligible"": false, ""not_overextended"": true}",delinquency_count | utilization | credit_lines | income_inr | credit_age_months
0.0,0.8191412422606834,0.30635770082531905,7.0,540990.9387311395,139.2581775357617,north_america,lending_club_full,135000.0,110600.0,LIQ-000498,No change,0.0,135000.0,0.33559533680856557,Very high,128900.0,128900.0,28117.85529450567,28117.85529450567,0.0,0.0,No reported delinquency in the harmonized source fields | Expected loss exceeds policy ceiling,"{""automatic_increases_enabled"": true, ""within_maximum_increase"": true, ""within_account_exposure"": true, ""within_expected_loss_ceiling"": false, ""meets_profitability_hurdle"": false, ""payment_history_eligible"": true, ""not_overextended"": true}",
0.0,0.513724701400001,,,,,asia,taiwan_credit,816000.0,419200.0,LIQ-000499,Increase 30%,0.3,1060800.0,0.1063014666205821,Moderate,716800.0,900400.0,49527.97932786161,62213.99635436188,26572.910683650814,0.14473262899591946,No reported delinquency in the harmonized source fields,"{""automatic_increases_enabled"": true, ""within_maximum_increase"": true, ""within_account_exposure"": true, ""within_expected_loss_ceiling"": true, ""meets_profitability_hurdle"": true, ""payment_history_eligible"": true, ""not_overextended"": true}",debt_to_income | credit_lines | income_inr | credit_age_months
1.0,0.6823394451415337,0.5351648370365738,10.0,1597178.5202310923,192.07892012276108,north_america,lending_club_full,399000.0,272300.0,LIQ-000500,Manual review,0.0,399000.0,0.3854173248067248,Very high,367325.0,367325.0,92022.72224250963,92022.72224250963,0.0,0.0,Reported delinquency | Manual review required,"{""automatic_increases_enabled"": true, ""within_maximum_increase"": true, ""within_account_exposure"": true, ""within_expected_loss_ceiling"": false, ""meets_profitability_hurdle"": false, ""payment_history_eligible"": false, ""not_overextended"": true}",
0.0,0.41003289194751985,0.38043225580509826,8.0,,,undisclosed,give_me_some_credit,1169000.0,479300.0,LIQ-000501,Increase 30%,0.3,1519700.0,0.028869541624429354,Low,996575.0,1259600.0,18700.931238837697,23636.64850958529,36263.96366790522,0.13787268764530072,No reported delinquency in the harmonized source fields,"{""automatic_increases_enabled"": true, ""within_maximum_increase"": true, ""within_account_exposure"": true, ""within_expected_loss_ceiling"": true, ""meets_profitability_hurdle"": true, ""payment_history_eligible"": true, ""not_overextended"": true}",income_inr | credit_age_months
1.0,0.9545697373599861,,5.0,,104.63931961876963,undisclosed,fico_heloc,264000.0,252000.0,LIQ-000502,Manual review,0.0,264000.0,0.7694060864641782,Very high,261000.0,261000.0,130529.74256864784,130529.74256864784,0.0,0.0,Reported delinquency | Manual review required,"{""automatic_increases_enabled"": true, ""within_maximum_increase"": true, ""within_account_exposure"": true, ""within_expected_loss_ceiling"": false, ""meets_profitability_hurdle"": false, ""payment_history_eligible"": false, ""not_overextended"": true}",debt_to_income | income_inr
0.0,0.5678456168734072,,,,,asia,taiwan_credit,462000.0,262300.0,LIQ-000503,Increase 30%,0.3,600600.0,0.11700374611728072,Moderate,412075.0,516025.0,31339.307142830996,39244.95775861036,17362.724143161064,0.16702957328678272,No reported delinquency in the harmonized source fields,"{""automatic_increases_enabled"": true, ""within_maximum_increase"": true, ""within_account_exposure"": true, ""within_expected_loss_ceiling"": true, ""meets_profitability_hurdle"": true, ""payment_history_eligible"": true, ""not_overextended"": true}",debt_to_income | credit_lines | income_inr | credit_age_months
0.0,0.6950596005185898,0.361194301335466,5.0,329160.95032271504,110.10665546878445,north_america,lending_club_full,82000.0,57000.0,LIQ-000504,No change,0.0,82000.0,0.3302681765463489,Very high,75750.0,75750.0,16261.579342700852,16261.579342700852,0.0,0.0,No reported delinquency in the harmonized source fields | Expected loss exceeds policy ceiling,"{""automatic_increases_enabled"": true, ""within_maximum_increase"": true, ""within_account_exposure"": true, ""within_expected_loss_ceiling"": false, ""meets_profitability_hurdle"": false, ""payment_history_eligible"": true, ""not_overextended"": true}",
0.0,0.32383432381879607,,7.0,,145.12183836169567,undisclosed,fico_heloc,761000.0,246400.0,LIQ-000505,No change,0.0,761000.0,0.5195871810418925,Very high,632350.0,632350.0,213564.62005569646,213564.62005569646,0.0,0.0,No reported delinquency in the harmonized source fields | Expected loss exceeds policy ceiling | Incremental return below profitability hurdle,"{""automatic_increases_enabled"": true, ""within_maximum_increase"": true, ""within_account_exposure"": true, ""within_expected_loss_ceiling"": false, ""meets_profitability_hurdle"": false, ""payment_history_eligible"": true, ""not_overextended"": true}",debt_to_income | income_inr
,,0.5663977351134336,,,,undisclosed,home_credit,821000.0,13000.0,LIQ-000506,Manual review,0.0,821000.0,0.08157494490397012,Moderate,619000.0,619000.0,32821.67908211238,32821.67908211238,0.0,0.0,Insufficient behavioral history | Manual review required,"{""automatic_increases_enabled"": true, ""within_maximum_increase"": true, ""within_account_exposure"": true, ""within_expected_loss_ceiling"": true, ""meets_profitability_hurdle"": false, ""payment_history_eligible"": false, ""not_overextended"": true}",delinquency_count | utilization | credit_lines | income_inr | credit_age_months
0.0,0.7493708961012667,,,,,asia,taiwan_credit,293000.0,219600.0,LIQ-000507,Increase 30%,0.3,380900.0,0.12922918817640072,Moderate,274650.0,340575.0,23070.3177462215,28607.94999606549,17056.2397449999,0.2587218770572605,No reported delinquency in the harmonized source fields | High utilization with low estimated risk,"{""automatic_increases_enabled"": true, ""within_maximum_increase"": true, ""within_account_exposure"": true, ""within_expected_loss_ceiling"": true, ""meets_profitability_hurdle"": true, ""payment_history_eligible"": true, ""not_overextended"": true}",debt_to_income | credit_lines | income_inr | credit_age_months
0.0,1.0223694159305945,0.38079880372057184,12.0,1254478.8472393171,213.97103894374396,north_america,lending_club_full,314000.0,321000.0,LIQ-000508,No change,0.0,314000.0,0.44703380373147,Very high,314000.0,314000.0,91239.59934159303,91239.59934159303,0.0,0.0,No reported delinquency in the harmonized source fields | Expected loss exceeds policy ceiling,"{""automatic_increases_enabled"": true, ""within_maximum_increase"": true, ""within_account_exposure"": true, ""within_expected_loss_ceiling"": false, ""meets_profitability_hurdle"": false, ""payment_history_eligible"": true, ""not_overextended"": true}",
,,0.5233640004502754,10.0,,,europe,south_german_credit,70000.0,8800.0,LIQ-000509,Manual review,0.0,70000.0,0.20137156743838688,High,54700.0,54700.0,7159.7660802718465,7159.7660802718465,0.0,0.0,Insufficient behavioral history | Manual review required,"{""automatic_increases_enabled"": true, ""within_maximum_increase"": true, ""within_account_exposure"": true, ""within_expected_loss_ceiling"": false, ""meets_profitability_hurdle"": false, ""payment_history_eligible"": false, ""not_overextended"": true}",delinquency_count | utilization | income_inr | credit_age_months
,,0.6403725004570145,7.0,,,europe,south_german_credit,308000.0,162600.0,LIQ-000510,Manual review,0.0,308000.0,0.22939309856055756,High,271650.0,271650.0,40504.512895584056,40504.512895584056,0.0,0.0,Insufficient behavioral history | Manual review required,"{""automatic_increases_enabled"": true, ""within_maximum_increase"": true, ""within_account_exposure"": true, ""within_expected_loss_ceiling"": false, ""meets_profitability_hurdle"": false, ""payment_history_eligible"": false, ""not_overextended"": false}",delinquency_count | utilization | income_inr | credit_age_months
0.0,0.17605694340716174,,,,,asia,taiwan_credit,711000.0,125200.0,LIQ-000511,No change,0.0,711000.0,0.08768760650872998,Moderate,564550.0,564550.0,32177.624865427282,32177.624865427282,0.0,0.0,No reported delinquency in the harmonized source fields | Low utilization provides no evidence of additional need | Incremental return below profitability hurdle,"{""automatic_increases_enabled"": true, ""within_maximum_increase"": true, ""within_account_exposure"": true, ""within_expected_loss_ceiling"": true, ""meets_profitability_hurdle"": false, ""payment_history_eligible"": true, ""not_overextended"": true}",debt_to_income | credit_lines | income_inr | credit_age_months
0.0,0.875956756620342,,8.0,,151.76401407637857,undisclosed,fico_heloc,627000.0,549200.0,LIQ-000512,No change,0.0,627000.0,0.6833188284494826,Very high,607550.0,607550.0,269847.730245914,269847.730245914,0.0,0.0,No reported delinquency in the harmonized source fields | Expected loss exceeds policy ceiling | Incremental return below profitability hurdle,"{""automatic_increases_enabled"": true, ""within_maximum_increase"": true, ""within_account_exposure"": true, ""within_expected_loss_ceiling"": false, ""meets_profitability_hurdle"": false, ""payment_history_eligible"": true, ""not_overextended"": true}",debt_to_income | income_inr
0.0,0.7050629252396272,,5.0,,67.95428911737272,undisclosed,fico_heloc,331000.0,233400.0,LIQ-000513,No change,0.0,331000.0,0.781861319416621,Very high,306600.0,306600.0,155817.1423465384,155817.1423465384,0.0,0.0,No reported delinquency in the harmonized source fields | Expected loss exceeds policy ceiling | Incremental return below profitability hurdle,"{""automatic_increases_enabled"": true, ""within_maximum_increase"": true, ""within_account_exposure"": true, ""within_expected_loss_ceiling"": false, ""meets_profitability_hurdle"": false, ""payment_history_eligible"": true, ""not_overextended"": true}",debt_to_income | income_inr
,,0.5528293042621902,5.0,,,europe,south_german_credit,1056000.0,475300.0,LIQ-000514,Manual review,0.0,1056000.0,0.23511739831566122,High,910825.0,910825.0,139198.0228085604,139198.0228085604,0.0,0.0,Insufficient behavioral history | Manual review required,"{""automatic_increases_enabled"": true, ""within_maximum_increase"": true, ""within_account_exposure"": true, ""within_expected_loss_ceiling"": false, ""meets_profitability_hurdle"": false, ""payment_history_eligible"": false, ""not_overextended"": true}",delinquency_count | utilization | income_inr | credit_age_months
0.0,0.29774005218711513,,14.0,,64.52544453003584,undisclosed,fico_heloc,273000.0,81300.0,LIQ-000515,No change,0.0,273000.0,0.6726459819264125,Very high,225075.0,225075.0,98407.26634835674,98407.26634835674,0.0,0.0,No reported delinquency in the harmonized source fields | Expected loss exceeds policy ceiling | Incremental return below profitability hurdle,"{""automatic_increases_enabled"": true, ""within_maximum_increase"": true, ""within_account_exposure"": true, ""within_expected_loss_ceiling"": false, ""meets_profitability_hurdle"": false, ""payment_history_eligible"": true, ""not_overextended"": true}",debt_to_income | income_inr
0.0,0.30678181410201527,0.3719733117823086,9.0,821317.3813338202,82.35508979937305,north_america,lending_club_full,205000.0,62900.0,LIQ-000516,No change,0.0,205000.0,0.3062204296870343,Very high,169475.0,169475.0,33732.85975878659,33732.85975878659,0.0,0.0,No reported delinquency in the harmonized source fields | Expected loss exceeds policy ceiling | Incremental return below profitability hurdle,"{""automatic_increases_enabled"": true, ""within_maximum_increase"": true, ""within_account_exposure"": true, ""within_expected_loss_ceiling"": false, ""meets_profitability_hurdle"": false, ""payment_history_eligible"": true, ""not_overextended"": true}",
,,0.17515669625196945,8.0,,,europe,south_german_credit,258000.0,104900.0,LIQ-000517,Manual review,0.0,258000.0,0.21071760089856637,High,219725.0,219725.0,30094.951157334373,30094.951157334373,0.0,0.0,Insufficient behavioral history | Manual review required,"{""automatic_increases_enabled"": true, ""within_maximum_increase"": true, ""within_account_exposure"": true, ""within_expected_loss_ceiling"": false, ""meets_profitability_hurdle"": false, ""payment_history_eligible"": false, ""not_overextended"": true}",delinquency_count | utilization | income_inr | credit_age_months
2.0,0.4877743115831794,0.11117016864749016,8.0,715850.3762851497,134.08145695354284,north_america,lending_club_full,179000.0,87300.0,LIQ-000518,Freeze automatic increases,0.0,179000.0,0.25368714487939953,High,156075.0,156075.0,25736.243739083984,25736.243739083984,0.0,0.0,Repeated delinquency,"{""automatic_increases_enabled"": true, ""within_maximum_increase"": true, ""within_account_exposure"": true, ""within_expected_loss_ceiling"": false, ""meets_profitability_hurdle"": false, ""payment_history_eligible"": false, ""not_overextended"": true}",
0.0,0.3527809019025943,0.1394159096635105,8.0,949901.0305667985,134.6794646264054,north_america,lending_club_full,237000.0,83600.0,LIQ-000519,No change,0.0,237000.0,0.23525884640933845,High,198650.0,198650.0,30377.210395489805,30377.210395489805,0.0,0.0,No reported delinquency in the harmonized source fields | Expected loss exceeds policy ceiling | Incremental return below profitability hurdle,"{""automatic_increases_enabled"": true, ""within_maximum_increase"": true, ""within_account_exposure"": true, ""within_expected_loss_ceiling"": false, ""meets_profitability_hurdle"": false, ""payment_history_eligible"": true, ""not_overextended"": true}",
0.0,0.5654431314781687,,,,,asia,taiwan_credit,422000.0,238600.0,LIQ-000520,Increase 30%,0.3,548600.0,0.11700374611728072,Moderate,376150.0,471100.0,28607.123416309845,35828.302117303116,15717.40606409435,0.16553350251810794,No reported delinquency in the harmonized source fields,"{""automatic_increases_enabled"": true, ""within_maximum_increase"": true, ""within_account_exposure"": true, ""within_expected_loss_ceiling"": true, ""meets_profitability_hurdle"": true, ""payment_history_eligible"": true, ""not_overextended"": true}",debt_to_income | credit_lines | income_inr | credit_age_months
0.0,0.7003307947370508,,,,,asia,taiwan_credit,520000.0,364200.0,LIQ-000521,Increase 30%,0.3,676000.0,0.1252954058106166,Moderate,481050.0,598050.0,39177.68072737812,48706.39633927552,27528.101322562463,0.23528291728685866,No reported delinquency in the harmonized source fields | High utilization with low estimated risk,"{""automatic_increases_enabled"": true, ""within_maximum_increase"": true, ""within_account_exposure"": true, ""within_expected_loss_ceiling"": true, ""meets_profitability_hurdle"": true, ""payment_history_eligible"": true, ""not_overextended"": true}",debt_to_income | credit_lines | income_inr | credit_age_months
0.0,0.9322381677169502,0.40394636667376776,4.0,,,undisclosed,give_me_some_credit,267000.0,248900.0,LIQ-000522,Increase 30%,0.3,347100.0,0.07339832399584642,Moderate,262475.0,322550.0,12522.396309026364,15388.50911315917,23797.370069817494,0.39612767490332906,No reported delinquency in the harmonized source fields | High utilization with low estimated risk,"{""automatic_increases_enabled"": true, ""within_maximum_increase"": true, ""within_account_exposure"": true, ""within_expected_loss_ceiling"": true, ""meets_profitability_hurdle"": true, ""payment_history_eligible"": true, ""not_overextended"": true}",income_inr | credit_age_months
,,0.1946764137106352,12.0,,,europe,south_german_credit,337000.0,116100.0,LIQ-000523,Manual review,0.0,337000.0,0.1906360026230324,High,281775.0,281775.0,34915.69876541822,34915.69876541822,0.0,0.0,Insufficient behavioral history | Manual review required,"{""automatic_increases_enabled"": true, ""within_maximum_increase"": true, ""within_account_exposure"": true, ""within_expected_loss_ceiling"": false, ""meets_profitability_hurdle"": false, ""payment_history_eligible"": false, ""not_overextended"": true}",delinquency_count | utilization | income_inr | credit_age_months
1.0,0.5050882870836241,,,,,asia,taiwan_credit,85000.0,42900.0,LIQ-000524,Manual review,0.0,85000.0,0.2930804786836551,High,74475.0,74475.0,14187.65962247739,14187.65962247739,0.0,0.0,Reported delinquency | Manual review required,"{""automatic_increases_enabled"": true, ""within_maximum_increase"": true, ""within_account_exposure"": true, ""within_expected_loss_ceiling"": false, ""meets_profitability_hurdle"": false, ""payment_history_eligible"": false, ""not_overextended"": true}",debt_to_income | credit_lines | income_inr | credit_age_months
0.0,1.0995378746858424,,11.0,,74.28436636784534,undisclosed,fico_heloc,447000.0,491500.0,LIQ-000525,No change,0.0,447000.0,0.8362043141185908,Very high,447000.0,447000.0,242959.16346715658,242959.16346715658,0.0,0.0,No reported delinquency in the harmonized source fields | Expected loss exceeds policy ceiling | Incremental return below profitability hurdle,"{""automatic_increases_enabled"": true, ""within_maximum_increase"": true, ""within_account_exposure"": true, ""within_expected_loss_ceiling"": false, ""meets_profitability_hurdle"": false, ""payment_history_eligible"": true, ""not_overextended"": true}",debt_to_income | income_inr
,,0.4253549669056846,9.0,,,europe,south_german_credit,373000.0,122600.0,LIQ-000526,Manual review,0.0,373000.0,0.21875914986670672,High,310400.0,310400.0,44136.84607710675,44136.84607710675,0.0,0.0,Insufficient behavioral history | Manual review required,"{""automatic_increases_enabled"": true, ""within_maximum_increase"": true, ""within_account_exposure"": true, ""within_expected_loss_ceiling"": false, ""meets_profitability_hurdle"": false, ""payment_history_eligible"": false, ""not_overextended"": true}",delinquency_count | utilization | income_inr | credit_age_months
2.0,0.2000798273631872,,9.0,,115.70076608472284,undisclosed,fico_heloc,171000.0,34200.0,LIQ-000527,Freeze automatic increases,0.0,171000.0,0.6707820424119261,Very high,136800.0,136800.0,59645.93921126847,59645.93921126847,0.0,0.0,Repeated delinquency,"{""automatic_increases_enabled"": true, ""within_maximum_increase"": true, ""within_account_exposure"": true, ""within_expected_loss_ceiling"": false, ""meets_profitability_hurdle"": false, ""payment_history_eligible"": false, ""not_overextended"": true}",debt_to_income | income_inr
,,0.05762031953630529,7.0,,,europe,south_german_credit,327000.0,55800.0,LIQ-000528,Manual review,0.0,327000.0,0.19543278814481294,High,259200.0,259200.0,32926.51614663809,32926.51614663809,0.0,0.0,Insufficient behavioral history | Manual review required,"{""automatic_increases_enabled"": true, ""within_maximum_increase"": true, ""within_account_exposure"": true, ""within_expected_loss_ceiling"": false, ""meets_profitability_hurdle"": false, ""payment_history_eligible"": false, ""not_overextended"": true}",delinquency_count | utilization | income_inr | credit_age_months
1.0,0.7534559900221915,0.17940896316098712,10.0,,,undisclosed,give_me_some_credit,296000.0,223000.0,LIQ-000529,Manual review,0.0,296000.0,0.16017130033829383,High,277750.0,277750.0,28916.926134824724,28916.926134824724,0.0,0.0,Reported delinquency | Manual review required,"{""automatic_increases_enabled"": true, ""within_maximum_increase"": true, ""within_account_exposure"": true, ""within_expected_loss_ceiling"": true, ""meets_profitability_hurdle"": false, ""payment_history_eligible"": false, ""not_overextended"": true}",income_inr | credit_age_months
,,0.09714038628390721,,,,undisclosed,home_credit,1102000.0,124200.0,LIQ-000530,Manual review,0.0,1102000.0,0.07368312864994235,Moderate,857550.0,857550.0,41071.52853294274,41071.52853294274,0.0,0.0,Insufficient behavioral history | Manual review required,"{""automatic_increases_enabled"": true, ""within_maximum_increase"": true, ""within_account_exposure"": true, ""within_expected_loss_ceiling"": true, ""meets_profitability_hurdle"": false, ""payment_history_eligible"": false, ""not_overextended"": true}",delinquency_count | utilization | credit_lines | income_inr | credit_age_months
,,0.4521905141306999,12.0,,,europe,south_german_credit,176000.0,37800.0,LIQ-000531,Manual review,0.0,176000.0,0.1989991109849127,High,141450.0,141450.0,18296.475761730337,18296.475761730337,0.0,0.0,Insufficient behavioral history | Manual review required,"{""automatic_increases_enabled"": true, ""within_maximum_increase"": true, ""within_account_exposure"": true, ""within_expected_loss_ceiling"": false, ""meets_profitability_hurdle"": false, ""payment_history_eligible"": false, ""not_overextended"": true}",delinquency_count | utilization | income_inr | credit_age_months
0.0,1.085237315519856,,,,,asia,taiwan_credit,434000.0,471000.0,LIQ-000532,Increase 30%,0.3,564200.0,0.17473900207688672,High,434000.0,540900.0,49293.87248588975,61435.61204520222,38946.92662895645,0.36433046425590687,No reported delinquency in the harmonized source fields,"{""automatic_increases_enabled"": true, ""within_maximum_increase"": true, ""within_account_exposure"": true, ""within_expected_loss_ceiling"": true, ""meets_profitability_hurdle"": true, ""payment_history_eligible"": true, ""not_overextended"": true}",debt_to_income | credit_lines | income_inr | credit_age_months
,,0.26262941587728816,,,,undisclosed,home_credit,172000.0,56000.0,LIQ-000533,Manual review,0.0,172000.0,0.0822952082090523,Moderate,143000.0,143000.0,7649.339603031412,7649.339603031412,0.0,0.0,Insufficient behavioral history | Manual review required,"{""automatic_increases_enabled"": true, ""within_maximum_increase"": true, ""within_account_exposure"": true, ""within_expected_loss_ceiling"": true, ""meets_profitability_hurdle"": false, ""payment_history_eligible"": false, ""not_overextended"": true}",delinquency_count | utilization | credit_lines | income_inr | credit_age_months
0.0,0.24079378087180547,,8.0,,160.0960939601079,undisclosed,fico_heloc,244000.0,58800.0,LIQ-000534,No change,0.0,244000.0,0.4171857988103705,Very high,197700.0,197700.0,53610.46107612666,53610.46107612666,0.0,0.0,No reported delinquency in the harmonized source fields | Expected loss exceeds policy ceiling | Incremental return below profitability hurdle,"{""automatic_increases_enabled"": true, ""within_maximum_increase"": true, ""within_account_exposure"": true, ""within_expected_loss_ceiling"": false, ""meets_profitability_hurdle"": false, ""payment_history_eligible"": true, ""not_overextended"": true}",debt_to_income | income_inr
0.0,0.5009748019947783,0.18981443110493137,3.0,992224.4600222403,216.61477145321587,north_america,lending_club_full,248000.0,124200.0,LIQ-000535,No change,0.0,248000.0,0.2769871934507546,High,217050.0,217050.0,39078.04572001609,39078.04572001609,0.0,0.0,No reported delinquency in the harmonized source fields | Expected loss exceeds policy ceiling,"{""automatic_increases_enabled"": true, ""within_maximum_increase"": true, ""within_account_exposure"": true, ""within_expected_loss_ceiling"": false, ""meets_profitability_hurdle"": false, ""payment_history_eligible"": true, ""not_overextended"": true}",
,,0.1781322192818047,4.0,,,europe,south_german_credit,305000.0,56400.0,LIQ-000536,Manual review,0.0,305000.0,0.2231656104005679,High,242850.0,242850.0,35227.24951575565,35227.24951575565,0.0,0.0,Insufficient behavioral history | Manual review required,"{""automatic_increases_enabled"": true, ""within_maximum_increase"": true, ""within_account_exposure"": true, ""within_expected_loss_ceiling"": false, ""meets_profitability_hurdle"": false, ""payment_history_eligible"": false, ""not_overextended"": true}",delinquency_count | utilization | income_inr | credit_age_months
1.0,0.45068635449884237,0.19915538242789238,10.0,,,undisclosed,give_me_some_credit,349000.0,157300.0,LIQ-000537,Manual review,0.0,349000.0,0.09067007059402399,Moderate,301075.0,301075.0,17744.019477662252,17744.019477662252,0.0,0.0,Reported delinquency | Manual review required,"{""automatic_increases_enabled"": true, ""within_maximum_increase"": true, ""within_account_exposure"": true, ""within_expected_loss_ceiling"": true, ""meets_profitability_hurdle"": false, ""payment_history_eligible"": false, ""not_overextended"": true}",income_inr | credit_age_months
1.0,0.5287353814392177,,10.0,,145.9489730047078,undisclosed,fico_heloc,435000.0,230000.0,LIQ-000538,Manual review,0.0,435000.0,0.6845443427567184,Very high,383750.0,383750.0,170751.02949637893,170751.02949637893,0.0,0.0,Reported delinquency | Manual review required,"{""automatic_increases_enabled"": true, ""within_maximum_increase"": true, ""within_account_exposure"": true, ""within_expected_loss_ceiling"": false, ""meets_profitability_hurdle"": false, ""payment_history_eligible"": false, ""not_overextended"": true}",debt_to_income | income_inr
0.0,0.26348435912219786,,,,,asia,taiwan_credit,254000.0,66900.0,LIQ-000539,Increase 30%,0.3,330200.0,0.08345104305007817,Moderate,207225.0,264375.0,11240.542557434092,14340.54017913687,1067.730273350573,0.018682944415583082,No reported delinquency in the harmonized source fields,"{""automatic_increases_enabled"": true, ""within_maximum_increase"": true, ""within_account_exposure"": true, ""within_expected_loss_ceiling"": true, ""meets_profitability_hurdle"": true, ""payment_history_eligible"": true, ""not_overextended"": true}",debt_to_income | credit_lines | income_inr | credit_age_months
,,0.06694050218758968,,,,undisclosed,home_credit,622000.0,351300.0,LIQ-000540,Manual review,0.0,622000.0,0.07181869197992795,Moderate,554325.0,554325.0,25877.082680652817,25877.082680652817,0.0,0.0,Insufficient behavioral history | Manual review required,"{""automatic_increases_enabled"": true, ""within_maximum_increase"": true, ""within_account_exposure"": true, ""within_expected_loss_ceiling"": true, ""meets_profitability_hurdle"": false, ""payment_history_eligible"": false, ""not_overextended"": true}",delinquency_count | utilization | credit_lines | income_inr | credit_age_months
0.0,0.27610800531215496,0.11744335398952123,6.0,,,undisclosed,give_me_some_credit,287000.0,79200.0,LIQ-000541,Increase 30%,0.3,373100.0,0.017771229630115293,Low,235050.0,299625.0,2715.1328909630897,3461.0580406501417,4438.596361530115,0.06873552243949076,No reported delinquency in the harmonized source fields,"{""automatic_increases_enabled"": true, ""within_maximum_increase"": true, ""within_account_exposure"": true, ""within_expected_loss_ceiling"": true, ""meets_profitability_hurdle"": true, ""payment_history_eligible"": true, ""not_overextended"": true}",income_inr | credit_age_months
,,0.3682738630476329,,,,undisclosed,home_credit,328000.0,80600.0,LIQ-000542,Manual review,0.0,328000.0,0.0814213387076708,Moderate,266150.0,266150.0,14085.688043080281,14085.688043080281,0.0,0.0,Insufficient behavioral history | Manual review required,"{""automatic_increases_enabled"": true, ""within_maximum_increase"": true, ""within_account_exposure"": true, ""within_expected_loss_ceiling"": true, ""meets_profitability_hurdle"": false, ""payment_history_eligible"": false, ""not_overextended"": true}",delinquency_count | utilization | credit_lines | income_inr | credit_age_months
1.0,0.4066199542528902,0.328525508770631,9.0,739075.6872809647,156.17627961251029,north_america,lending_club_full,185000.0,75200.0,LIQ-000543,Manual review,0.0,185000.0,0.32765823572836866,Very high,157550.0,157550.0,33554.66077535292,33554.66077535292,0.0,0.0,Reported delinquency | Manual review required,"{""automatic_increases_enabled"": true, ""within_maximum_increase"": true, ""within_account_exposure"": true, ""within_expected_loss_ceiling"": false, ""meets_profitability_hurdle"": false, ""payment_history_eligible"": false, ""not_overextended"": true}",
,,0.6567065050873927,,,,undisclosed,home_credit,406000.0,120300.0,LIQ-000544,Manual review,0.0,406000.0,0.08138994130217776,Moderate,334575.0,334575.0,17700.175747264482,17700.175747264482,0.0,0.0,Insufficient behavioral history | Manual review required,"{""automatic_increases_enabled"": true, ""within_maximum_increase"": true, ""within_account_exposure"": true, ""within_expected_loss_ceiling"": true, ""meets_profitability_hurdle"": false, ""payment_history_eligible"": false, ""not_overextended"": false}",delinquency_count | utilization | credit_lines | income_inr | credit_age_months
0.0,0.8064997017262925,0.2268319196027684,14.0,908955.2088518789,59.96010900262728,north_america,lending_club_full,227000.0,183100.0,LIQ-000545,No change,0.0,227000.0,0.2677231619640266,High,216025.0,216025.0,37592.682441131255,37592.682441131255,0.0,0.0,No reported delinquency in the harmonized source fields | Expected loss exceeds policy ceiling,"{""automatic_increases_enabled"": true, ""within_maximum_increase"": true, ""within_account_exposure"": true, ""within_expected_loss_ceiling"": false, ""meets_profitability_hurdle"": false, ""payment_history_eligible"": true, ""not_overextended"": true}",
1.0,0.48109692841220547,0.1889168586403434,5.0,641916.6824527517,151.6599370498016,north_america,lending_club_full,160000.0,77000.0,LIQ-000546,Manual review,0.0,160000.0,0.2717759303148541,High,139250.0,139250.0,24599.11889262323,24599.11889262323,0.0,0.0,Reported delinquency | Manual review required,"{""automatic_increases_enabled"": true, ""within_maximum_increase"": true, ""within_account_exposure"": true, ""within_expected_loss_ceiling"": false, ""meets_profitability_hurdle"": false, ""payment_history_eligible"": false, ""not_overextended"": true}",
,,0.2445351968436599,3.0,,,europe,south_german_credit,475000.0,253500.0,LIQ-000547,Manual review,0.0,475000.0,0.2343864768741746,High,419625.0,419625.0,63930.37648291159,63930.37648291159,0.0,0.0,Insufficient behavioral history | Manual review required,"{""automatic_increases_enabled"": true, ""within_maximum_increase"": true, ""within_account_exposure"": true, ""within_expected_loss_ceiling"": false, ""meets_profitability_hurdle"": false, ""payment_history_eligible"": false, ""not_overextended"": true}",delinquency_count | utilization | income_inr | credit_age_months
,,0.39513276075867887,6.0,,,europe,south_german_credit,283000.0,53700.0,LIQ-000548,Manual review,0.0,283000.0,0.22639794351439568,High,225675.0,225675.0,33210.03133669731,33210.03133669731,0.0,0.0,Insufficient behavioral history | Manual review required,"{""automatic_increases_enabled"": true, ""within_maximum_increase"": true, ""within_account_exposure"": true, ""within_expected_loss_ceiling"": false, ""meets_profitability_hurdle"": false, ""payment_history_eligible"": false, ""not_overextended"": true}",delinquency_count | utilization | income_inr | credit_age_months
0.0,0.7574435413820438,,,,,asia,taiwan_credit,175000.0,132600.0,LIQ-000549,Increase 30%,0.3,227500.0,0.1299370450983737,Moderate,164400.0,203775.0,13885.072639212214,17210.648887198717,10272.787538612823,0.2608961914568336,No reported delinquency in the harmonized source fields | High utilization with low estimated risk,"{""automatic_increases_enabled"": true, ""within_maximum_increase"": true, ""within_account_exposure"": true, ""within_expected_loss_ceiling"": true, ""meets_profitability_hurdle"": true, ""payment_history_eligible"": true, ""not_overextended"": true}",debt_to_income | credit_lines | income_inr | credit_age_months
,,0.1738396874572404,,,,undisclosed,home_credit,138000.0,35000.0,LIQ-000550,Manual review,0.0,138000.0,0.08146932578450834,Moderate,112250.0,112250.0,5944.2056825521895,5944.2056825521895,0.0,0.0,Insufficient behavioral history | Manual review required,"{""automatic_increases_enabled"": true, ""within_maximum_increase"": true, ""within_account_exposure"": true, ""within_expected_loss_ceiling"": true, ""meets_profitability_hurdle"": false, ""payment_history_eligible"": false, ""not_overextended"": true}",delinquency_count | utilization | credit_lines | income_inr | credit_age_months
0.0,0.6452307161901801,,,,,asia,taiwan_credit,118000.0,76100.0,LIQ-000551,Increase 30%,0.3,153400.0,0.12377322456871219,Moderate,107525.0,134075.0,8650.665381638006,10786.681804632557,5322.840962437891,0.20048365206922378,No reported delinquency in the harmonized source fields,"{""automatic_increases_enabled"": true, ""within_maximum_increase"": true, ""within_account_exposure"": true, ""within_expected_loss_ceiling"": true, ""meets_profitability_hurdle"": true, ""payment_history_eligible"": true, ""not_overextended"": true}",debt_to_income | credit_lines | income_inr | credit_age_months
0.0,0.47457712700135574,0.6653082915560335,6.0,831578.4731213608,150.47324494358455,north_america,lending_club_full,208000.0,98700.0,LIQ-000552,Manual review,0.0,208000.0,0.3701434353783149,Very high,180675.0,180675.0,43469.18237153508,43469.18237153508,0.0,0.0,Customer-overextension safeguard | Manual review required,"{""automatic_increases_enabled"": true, ""within_maximum_increase"": true, ""within_account_exposure"": true, ""within_expected_loss_ceiling"": false, ""meets_profitability_hurdle"": false, ""payment_history_eligible"": true, ""not_overextended"": false}",
0.0,0.47412079339798063,0.18796266990169697,10.0,2751185.936329353,58.15638351553024,north_america,lending_club_full,688000.0,326200.0,LIQ-000553,No change,0.0,688000.0,0.2641211681801081,High,597550.0,597550.0,102586.64262991534,102586.64262991534,0.0,0.0,No reported delinquency in the harmonized source fields | Expected loss exceeds policy ceiling,"{""automatic_increases_enabled"": true, ""within_maximum_increase"": true, ""within_account_exposure"": true, ""within_expected_loss_ceiling"": false, ""meets_profitability_hurdle"": false, ""payment_history_eligible"": true, ""not_overextended"": true}",
,,0.11490209511460231,,,,undisclosed,home_credit,760000.0,481300.0,LIQ-000554,Manual review,0.0,760000.0,0.07639291007214889,Moderate,690325.0,690325.0,34278.35816961152,34278.35816961152,0.0,0.0,Insufficient behavioral history | Manual review required,"{""automatic_increases_enabled"": true, ""within_maximum_increase"": true, ""within_account_exposure"": true, ""within_expected_loss_ceiling"": true, ""meets_profitability_hurdle"": false, ""payment_history_eligible"": false, ""not_overextended"": true}",delinquency_count | utilization | credit_lines | income_inr | credit_age_months
1.0,0.39823340835745225,,,,,asia,taiwan_credit,205000.0,81600.0,LIQ-000555,Manual review,0.0,205000.0,0.27571318574663045,High,174150.0,174150.0,31210.043343554204,31210.043343554204,0.0,0.0,Reported delinquency | Manual review required,"{""automatic_increases_enabled"": true, ""within_maximum_increase"": true, ""within_account_exposure"": true, ""within_expected_loss_ceiling"": false, ""meets_profitability_hurdle"": false, ""payment_history_eligible"": false, ""not_overextended"": true}",debt_to_income | credit_lines | income_inr | credit_age_months
0.0,0.32460875768441044,,5.0,,96.59747737066407,undisclosed,fico_heloc,757000.0,245700.0,LIQ-000556,No change,0.0,757000.0,0.6345568777898305,Very high,629175.0,629175.0,259510.7603292208,259510.7603292208,0.0,0.0,No reported delinquency in the harmonized source fields | Expected loss exceeds policy ceiling | Incremental return below profitability hurdle,"{""automatic_increases_enabled"": true, ""within_maximum_increase"": true, ""within_account_exposure"": true, ""within_expected_loss_ceiling"": false, ""meets_profitability_hurdle"": false, ""payment_history_eligible"": true, ""not_overextended"": true}",debt_to_income | income_inr
,,0.36363197803851377,,,,undisclosed,home_credit,84000.0,8200.0,LIQ-000557,Manual review,0.0,84000.0,0.0814213387076708,Moderate,65050.0,65050.0,3442.6977539070913,3442.6977539070913,0.0,0.0,Insufficient behavioral history | Manual review required,"{""automatic_increases_enabled"": true, ""within_maximum_increase"": true, ""within_account_exposure"": true, ""within_expected_loss_ceiling"": true, ""meets_profitability_hurdle"": false, ""payment_history_eligible"": false, ""not_overextended"": true}",delinquency_count | utilization | credit_lines | income_inr | credit_age_months
0.0,0.36586633498825727,0.326948535535241,8.0,,,undisclosed,give_me_some_credit,300000.0,109800.0,LIQ-000558,Increase 30%,0.3,390000.0,0.02605761562935414,Low,252450.0,319950.0,4275.859292659795,5419.137178397707,7643.17210219265,0.11323217929174295,No reported delinquency in the harmonized source fields,"{""automatic_increases_enabled"": true, ""within_maximum_increase"": true, ""within_account_exposure"": true, ""within_expected_loss_ceiling"": true, ""meets_profitability_hurdle"": true, ""payment_history_eligible"": true, ""not_overextended"": true}",income_inr | credit_age_months
,,0.40018529276753484,7.0,,,europe,south_german_credit,901000.0,216300.0,LIQ-000559,Manual review,0.0,901000.0,0.22147550243241296,High,729825.0,729825.0,105064.93306577827,105064.93306577827,0.0,0.0,Insufficient behavioral history | Manual review required,"{""automatic_increases_enabled"": true, ""within_maximum_increase"": true, ""within_account_exposure"": true, ""within_expected_loss_ceiling"": false, ""meets_profitability_hurdle"": false, ""payment_history_eligible"": false, ""not_overextended"": true}",delinquency_count | utilization | income_inr | credit_age_months
1.0,0.6893829366063858,0.389302799506459,7.0,885230.7762704947,189.26874506513903,north_america,lending_club_full,221000.0,152400.0,LIQ-000560,Manual review,0.0,221000.0,0.3557849544806859,Very high,203850.0,203850.0,47142.39593107709,47142.39593107709,0.0,0.0,Reported delinquency | Manual review required,"{""automatic_increases_enabled"": true, ""within_maximum_increase"": true, ""within_account_exposure"": true, ""within_expected_loss_ceiling"": false, ""meets_profitability_hurdle"": false, ""payment_history_eligible"": false, ""not_overextended"": true}",
,,0.14793004337867247,,,,undisclosed,home_credit,281000.0,114100.0,LIQ-000561,Manual review,0.0,281000.0,0.07856184138633404,Moderate,239275.0,239275.0,12218.6249885148,12218.6249885148,0.0,0.0,Insufficient behavioral history | Manual review required,"{""automatic_increases_enabled"": true, ""within_maximum_increase"": true, ""within_account_exposure"": true, ""within_expected_loss_ceiling"": true, ""meets_profitability_hurdle"": false, ""payment_history_eligible"": false, ""not_overextended"": true}",delinquency_count | utilization | credit_lines | income_inr | credit_age_months
0.0,0.6385021744432315,,,,,asia,taiwan_credit,99000.0,63200.0,LIQ-000562,Increase 30%,0.3,128700.0,0.12377322456871219,Moderate,90050.0,112325.0,7244.756267068146,9036.837842292387,4353.69778754058,0.19545220146085657,No reported delinquency in the harmonized source fields,"{""automatic_increases_enabled"": true, ""within_maximum_increase"": true, ""within_account_exposure"": true, ""within_expected_loss_ceiling"": true, ""meets_profitability_hurdle"": true, ""payment_history_eligible"": true, ""not_overextended"": true}",debt_to_income | credit_lines | income_inr | credit_age_months
,,0.34017849278630713,,,,undisclosed,home_credit,148000.0,37900.0,LIQ-000563,Manual review,0.0,148000.0,0.0814213387076708,Moderate,120475.0,120475.0,6376.003257524317,6376.003257524317,0.0,0.0,Insufficient behavioral history | Manual review required,"{""automatic_increases_enabled"": true, ""within_maximum_increase"": true, ""within_account_exposure"": true, ""within_expected_loss_ceiling"": true, ""meets_profitability_hurdle"": false, ""payment_history_eligible"": false, ""not_overextended"": true}",delinquency_count | utilization | credit_lines | income_inr | credit_age_months
0.0,1.1045657855571736,,10.0,,166.4021595227487,undisclosed,fico_heloc,863000.0,953200.0,LIQ-000564,Manual review,0.0,863000.0,0.7502647858455457,Very high,863000.0,863000.0,420861.0316200589,420861.0316200589,0.0,0.0,Customer-overextension safeguard | Manual review required,"{""automatic_increases_enabled"": true, ""within_maximum_increase"": true, ""within_account_exposure"": true, ""within_expected_loss_ceiling"": false, ""meets_profitability_hurdle"": false, ""payment_history_eligible"": true, ""not_overextended"": false}",debt_to_income | income_inr
0.0,0.41786268737603965,,7.0,,94.88073658200523,undisclosed,fico_heloc,279000.0,116600.0,LIQ-000565,No change,0.0,279000.0,0.6871387658523406,Very high,238400.0,238400.0,106479.0231564787,106479.0231564787,0.0,0.0,No reported delinquency in the harmonized source fields | Expected loss exceeds policy ceiling | Incremental return below profitability hurdle,"{""automatic_increases_enabled"": true, ""within_maximum_increase"": true, ""within_account_exposure"": true, ""within_expected_loss_ceiling"": false, ""meets_profitability_hurdle"": false, ""payment_history_eligible"": true, ""not_overextended"": true}",debt_to_income | income_inr
1.0,0.6397431131035626,0.15722555778590797,6.0,1385937.1914142226,152.85379994641767,north_america,lending_club_full,346000.0,221400.0,LIQ-000566,Manual review,0.0,346000.0,0.25584497728953043,High,314850.0,314850.0,52359.31421474563,52359.31421474563,0.0,0.0,Reported delinquency | Manual review required,"{""automatic_increases_enabled"": true, ""within_maximum_increase"": true, ""within_account_exposure"": true, ""within_expected_loss_ceiling"": false, ""meets_profitability_hurdle"": false, ""payment_history_eligible"": false, ""not_overextended"": true}",
0.0,0.538239661391848,0.17480065381939558,4.0,,,undisclosed,give_me_some_credit,421000.0,226600.0,LIQ-000567,Increase 30%,0.3,547300.0,0.03500019450106028,Low,372400.0,467125.0,8472.147080926652,10627.152806600061,19300.19074173664,0.2037497043202601,No reported delinquency in the harmonized source fields,"{""automatic_increases_enabled"": true, ""within_maximum_increase"": true, ""within_account_exposure"": true, ""within_expected_loss_ceiling"": true, ""meets_profitability_hurdle"": true, ""payment_history_eligible"": true, ""not_overextended"": true}",income_inr | credit_age_months
,,0.2491171298229955,,,,undisclosed,home_credit,150000.0,92200.0,LIQ-000568,Manual review,0.0,150000.0,0.0822952082090523,Moderate,135550.0,135550.0,7250.825057279076,7250.825057279076,0.0,0.0,Insufficient behavioral history | Manual review required,"{""automatic_increases_enabled"": true, ""within_maximum_increase"": true, ""within_account_exposure"": true, ""within_expected_loss_ceiling"": true, ""meets_profitability_hurdle"": false, ""payment_history_eligible"": false, ""not_overextended"": true}",delinquency_count | utilization | credit_lines | income_inr | credit_age_months
2.0,1.202842109554776,0.2723669553891564,6.0,,,undisclosed,give_me_some_credit,456000.0,548500.0,LIQ-000569,Freeze automatic increases,0.0,456000.0,0.37191000040713157,Very high,456000.0,456000.0,110234.1241206738,110234.1241206738,0.0,0.0,Repeated delinquency,"{""automatic_increases_enabled"": true, ""within_maximum_increase"": true, ""within_account_exposure"": true, ""within_expected_loss_ceiling"": false, ""meets_profitability_hurdle"": false, ""payment_history_eligible"": false, ""not_overextended"": false}",income_inr | credit_age_months
,,0.0720197041260592,,,,undisclosed,home_credit,266000.0,65700.0,LIQ-000570,Manual review,0.0,266000.0,0.07181869197992795,Moderate,215925.0,215925.0,10079.843192747863,10079.843192747863,0.0,0.0,Insufficient behavioral history | Manual review required,"{""automatic_increases_enabled"": true, ""within_maximum_increase"": true, ""within_account_exposure"": true, ""within_expected_loss_ceiling"": true, ""meets_profitability_hurdle"": false, ""payment_history_eligible"": false, ""not_overextended"": true}",delinquency_count | utilization | credit_lines | income_inr | credit_age_months
,,0.57272810648199,9.0,,,europe,south_german_credit,424000.0,83500.0,LIQ-000571,Manual review,0.0,424000.0,0.22808457001875318,High,338875.0,338875.0,50239.90313231824,50239.90313231824,0.0,0.0,Insufficient behavioral history | Manual review required,"{""automatic_increases_enabled"": true, ""within_maximum_increase"": true, ""within_account_exposure"": true, ""within_expected_loss_ceiling"": false, ""meets_profitability_hurdle"": false, ""payment_history_eligible"": false, ""not_overextended"": true}",delinquency_count | utilization | income_inr | credit_age_months
,,0.4621776697415148,3.0,,,europe,south_german_credit,240000.0,76600.0,LIQ-000572,Manual review,0.0,240000.0,0.23508040447375156,High,199150.0,199150.0,30430.570658115957,30430.570658115957,0.0,0.0,Insufficient behavioral history | Manual review required,"{""automatic_increases_enabled"": true, ""within_maximum_increase"": true, ""within_account_exposure"": true, ""within_expected_loss_ceiling"": false, ""meets_profitability_hurdle"": false, ""payment_history_eligible"": false, ""not_overextended"": true}",delinquency_count | utilization | income_inr | credit_age_months
,,0.30399029659341625,,,,undisclosed,home_credit,126000.0,47400.0,LIQ-000573,Manual review,0.0,126000.0,0.08203099212858951,Moderate,106350.0,106350.0,5670.597408369072,5670.597408369072,0.0,0.0,Insufficient behavioral history | Manual review required,"{""automatic_increases_enabled"": true, ""within_maximum_increase"": true, ""within_account_exposure"": true, ""within_expected_loss_ceiling"": true, ""meets_profitability_hurdle"": false, ""payment_history_eligible"": false, ""not_overextended"": true}",delinquency_count | utilization | credit_lines | income_inr | credit_age_months
,,0.05555129019141349,8.0,,,europe,south_german_credit,265000.0,8000.0,LIQ-000574,Manual review,0.0,265000.0,0.1929275400973269,High,200750.0,200750.0,25174.632388449943,25174.632388449943,0.0,0.0,Insufficient behavioral history | Manual review required,"{""automatic_increases_enabled"": true, ""within_maximum_increase"": true, ""within_account_exposure"": true, ""within_expected_loss_ceiling"": false, ""meets_profitability_hurdle"": false, ""payment_history_eligible"": false, ""not_overextended"": true}",delinquency_count | utilization | income_inr | credit_age_months
0.0,0.978486203587543,0.058194305769238015,10.0,1209948.248781378,66.04291802634934,north_america,lending_club_full,302000.0,295500.0,LIQ-000575,No change,0.0,302000.0,0.2653005808905027,High,300375.0,300375.0,51798.28029024009,51798.28029024009,0.0,0.0,No reported delinquency in the harmonized source fields | Expected loss exceeds policy ceiling,"{""automatic_increases_enabled"": true, ""within_maximum_increase"": true, ""within_account_exposure"": true, ""within_expected_loss_ceiling"": false, ""meets_profitability_hurdle"": false, ""payment_history_eligible"": true, ""not_overextended"": true}",
,,0.07158626613590473,,,,undisclosed,home_credit,452000.0,183100.0,LIQ-000576,Manual review,0.0,452000.0,0.07181869197992795,Moderate,384775.0,384775.0,17962.124184274904,17962.124184274904,0.0,0.0,Insufficient behavioral history | Manual review required,"{""automatic_increases_enabled"": true, ""within_maximum_increase"": true, ""within_account_exposure"": true, ""within_expected_loss_ceiling"": true, ""meets_profitability_hurdle"": false, ""payment_history_eligible"": false, ""not_overextended"": true}",delinquency_count | utilization | credit_lines | income_inr | credit_age_months
0.0,0.8335702136736615,,,,,asia,taiwan_credit,357000.0,297600.0,LIQ-000577,Increase 30%,0.3,464100.0,0.13769992392818073,Moderate,342150.0,422475.0,30624.118831817574,37813.6039850128,24128.46364475873,0.30038547954881706,No reported delinquency in the harmonized source fields | High utilization with low estimated risk,"{""automatic_increases_enabled"": true, ""within_maximum_increase"": true, ""within_account_exposure"": true, ""within_expected_loss_ceiling"": true, ""meets_profitability_hurdle"": true, ""payment_history_eligible"": true, ""not_overextended"": true}",debt_to_income | credit_lines | income_inr | credit_age_months
0.0,0.7606054966930793,0.22314211010334672,4.0,861247.47158935,50.91484794749314,north_america,lending_club_full,215000.0,163500.0,LIQ-000578,No change,0.0,215000.0,0.2768844393447635,High,202125.0,202125.0,36377.42374666421,36377.42374666421,0.0,0.0,No reported delinquency in the harmonized source fields | Expected loss exceeds policy ceiling,"{""automatic_increases_enabled"": true, ""within_maximum_increase"": true, ""within_account_exposure"": true, ""within_expected_loss_ceiling"": false, ""meets_profitability_hurdle"": false, ""payment_history_eligible"": true, ""not_overextended"": true}",
0.0,0.40055634290818787,0.18373594332839993,10.0,373435.65201945126,205.77284138047224,north_america,lending_club_full,93000.0,37300.0,LIQ-000579,No change,0.0,93000.0,0.26565405795374525,High,79075.0,79075.0,13654.286511250064,13654.286511250064,0.0,0.0,No reported delinquency in the harmonized source fields | Expected loss exceeds policy ceiling | Incremental return below profitability hurdle,"{""automatic_increases_enabled"": true, ""within_maximum_increase"": true, ""within_account_exposure"": true, ""within_expected_loss_ceiling"": false, ""meets_profitability_hurdle"": false, ""payment_history_eligible"": true, ""not_overextended"": true}",
1.0,0.7854013432558913,,8.0,,193.96981650985396,undisclosed,fico_heloc,363000.0,285100.0,LIQ-000580,Manual review,0.0,363000.0,0.6956220498221134,Very high,343525.0,343525.0,155326.317032342,155326.317032342,0.0,0.0,Reported delinquency | Manual review required,"{""automatic_increases_enabled"": true, ""within_maximum_increase"": true, ""within_account_exposure"": true, ""within_expected_loss_ceiling"": false, ""meets_profitability_hurdle"": false, ""payment_history_eligible"": false, ""not_overextended"": true}",debt_to_income | income_inr
0.0,1.1800163761533613,0.5664007389549061,8.0,403927.0448975535,58.01899912552419,north_america,lending_club_full,101000.0,119200.0,LIQ-000581,Manual review,0.0,101000.0,0.4719032507201002,Very high,101000.0,101000.0,30980.44840977458,30980.44840977458,0.0,0.0,Customer-overextension safeguard | Manual review required,"{""automatic_increases_enabled"": true, ""within_maximum_increase"": true, ""within_account_exposure"": true, ""within_expected_loss_ceiling"": false, ""meets_profitability_hurdle"": false, ""payment_history_eligible"": true, ""not_overextended"": false}",
0.0,0.41817277568278965,,,,,asia,taiwan_credit,652000.0,272600.0,LIQ-000582,Increase 30%,0.3,847600.0,0.0959617940195176,Moderate,557150.0,703850.0,34752.32379968325,43902.760668414354,14410.755700482507,0.09823282686082145,No reported delinquency in the harmonized source fields,"{""automatic_increases_enabled"": true, ""within_maximum_increase"": true, ""within_account_exposure"": true, ""within_expected_loss_ceiling"": true, ""meets_profitability_hurdle"": true, ""payment_history_eligible"": true, ""not_overextended"": true}",debt_to_income | credit_lines | income_inr | credit_age_months
0.0,0.31886678175994493,,,,,asia,taiwan_credit,423000.0,134900.0,LIQ-000583,Increase 30%,0.3,549900.0,0.08763670963257318,Moderate,350975.0,446150.0,19992.89120614004,25414.426701672142,4561.226621367026,0.047924629591458115,No reported delinquency in the harmonized source fields,"{""automatic_increases_enabled"": true, ""within_maximum_increase"": true, ""within_account_exposure"": true, ""within_expected_loss_ceiling"": true, ""meets_profitability_hurdle"": true, ""payment_history_eligible"": true, ""not_overextended"": true}",debt_to_income | credit_lines | income_inr | credit_age_months
1.0,0.5944505105722245,0.0961037223050075,11.0,196400.16850273623,137.0023555302678,north_america,lending_club_full,50000.0,29700.0,LIQ-000584,Manual review,0.0,50000.0,0.24801103051837234,High,44925.0,44925.0,7242.23210492462,7242.23210492462,0.0,0.0,Reported delinquency | Manual review required,"{""automatic_increases_enabled"": true, ""within_maximum_increase"": true, ""within_account_exposure"": true, ""within_expected_loss_ceiling"": false, ""meets_profitability_hurdle"": false, ""payment_history_eligible"": false, ""not_overextended"": true}",
0.0,0.5685600906452469,0.36109911549184065,5.0,,,undisclosed,give_me_some_credit,133000.0,75600.0,LIQ-000585,Increase 30%,0.3,172900.0,0.0424118982437553,Low,118650.0,148575.0,3270.911622304018,4095.876058017863,6332.936263328871,0.21162694280129896,No reported delinquency in the harmonized source fields,"{""automatic_increases_enabled"": true, ""within_maximum_increase"": true, ""within_account_exposure"": true, ""within_expected_loss_ceiling"": true, ""meets_profitability_hurdle"": true, ""payment_history_eligible"": true, ""not_overextended"": true}",income_inr | credit_age_months
1.0,1.0232443570489078,0.08749752466258982,8.0,1232765.94743371,150.5640375722241,north_america,lending_club_full,308000.0,315200.0,LIQ-000586,Manual review,0.0,308000.0,0.2969514984842284,High,308000.0,308000.0,59449.68999654253,59449.68999654253,0.0,0.0,Reported delinquency | Manual review required,"{""automatic_increases_enabled"": true, ""within_maximum_increase"": true, ""within_account_exposure"": true, ""within_expected_loss_ceiling"": false, ""meets_profitability_hurdle"": false, ""payment_history_eligible"": false, ""not_overextended"": true}",
,,0.22519976485978244,,,,undisclosed,home_credit,216000.0,62400.0,LIQ-000587,Manual review,0.0,216000.0,0.0822952082090523,Moderate,177600.0,177600.0,9500.158835652997,9500.158835652997,0.0,0.0,Insufficient behavioral history | Manual review required,"{""automatic_increases_enabled"": true, ""within_maximum_increase"": true, ""within_account_exposure"": true, ""within_expected_loss_ceiling"": true, ""meets_profitability_hurdle"": false, ""payment_history_eligible"": false, ""not_overextended"": true}",delinquency_count | utilization | credit_lines | income_inr | credit_age_months
,,0.1980257151954334,,,,undisclosed,home_credit,367000.0,211600.0,LIQ-000588,Manual review,0.0,367000.0,0.08256802062612588,Moderate,328150.0,328150.0,17611.552379501085,17611.552379501085,0.0,0.0,Insufficient behavioral history | Manual review required,"{""automatic_increases_enabled"": true, ""within_maximum_increase"": true, ""within_account_exposure"": true, ""within_expected_loss_ceiling"": true, ""meets_profitability_hurdle"": false, ""payment_history_eligible"": false, ""not_overextended"": true}",delinquency_count | utilization | credit_lines | income_inr | credit_age_months
0.0,0.6440110147111661,,4.0,,70.27603715658594,undisclosed,fico_heloc,1615000.0,1040100.0,LIQ-000589,No change,0.0,1615000.0,0.7762358327374956,Very high,1471275.0,1471275.0,742336.6436270584,742336.6436270584,0.0,0.0,No reported delinquency in the harmonized source fields | Expected loss exceeds policy ceiling | Incremental return below profitability hurdle,"{""automatic_increases_enabled"": true, ""within_maximum_increase"": true, ""within_account_exposure"": true, ""within_expected_loss_ceiling"": false, ""meets_profitability_hurdle"": false, ""payment_history_eligible"": true, ""not_overextended"": true}",debt_to_income | income_inr
,,0.3363798344084984,3.0,,,europe,south_german_credit,589000.0,254600.0,LIQ-000590,Manual review,0.0,589000.0,0.23876008325563455,High,505400.0,505400.0,78435.07495030851,78435.07495030851,0.0,0.0,Insufficient behavioral history | Manual review required,"{""automatic_increases_enabled"": true, ""within_maximum_increase"": true, ""within_account_exposure"": true, ""within_expected_loss_ceiling"": false, ""meets_profitability_hurdle"": false, ""payment_history_eligible"": false, ""not_overextended"": true}",delinquency_count | utilization | income_inr | credit_age_months
,,0.33804895204219715,,,,undisclosed,home_credit,997000.0,736800.0,LIQ-000591,Manual review,0.0,997000.0,0.0814213387076708,Moderate,931950.0,931950.0,49322.40079559898,49322.40079559898,0.0,0.0,Insufficient behavioral history | Manual review required,"{""automatic_increases_enabled"": true, ""within_maximum_increase"": true, ""within_account_exposure"": true, ""within_expected_loss_ceiling"": true, ""meets_profitability_hurdle"": false, ""payment_history_eligible"": false, ""not_overextended"": true}",delinquency_count | utilization | credit_lines | income_inr | credit_age_months
,,0.28374948092671026,6.0,,,europe,south_german_credit,247000.0,113300.0,LIQ-000592,Manual review,0.0,247000.0,0.2276113598303191,High,213575.0,213575.0,31597.862514244265,31597.862514244265,0.0,0.0,Insufficient behavioral history | Manual review required,"{""automatic_increases_enabled"": true, ""within_maximum_increase"": true, ""within_account_exposure"": true, ""within_expected_loss_ceiling"": false, ""meets_profitability_hurdle"": false, ""payment_history_eligible"": false, ""not_overextended"": true}",delinquency_count | utilization | income_inr | credit_age_months
1.0,0.3940834167576768,,,,,asia,taiwan_credit,702000.0,276600.0,LIQ-000593,Manual review,0.0,702000.0,0.2750823749606806,High,595650.0,595650.0,106504.33081946411,106504.33081946411,0.0,0.0,Reported delinquency | Manual review required,"{""automatic_increases_enabled"": true, ""within_maximum_increase"": true, ""within_account_exposure"": true, ""within_expected_loss_ceiling"": false, ""meets_profitability_hurdle"": false, ""payment_history_eligible"": false, ""not_overextended"": true}",debt_to_income | credit_lines | income_inr | credit_age_months
0.0,0.8592730708109174,0.16236577445581435,8.0,2399378.6081165797,229.6225366094252,north_america,lending_club_full,600000.0,515600.0,LIQ-000594,No change,0.0,600000.0,0.2620066781966575,High,578900.0,578900.0,98589.18290522927,98589.18290522927,0.0,0.0,No reported delinquency in the harmonized source fields | Expected loss exceeds policy ceiling,"{""automatic_increases_enabled"": true, ""within_maximum_increase"": true, ""within_account_exposure"": true, ""within_expected_loss_ceiling"": false, ""meets_profitability_hurdle"": false, ""payment_history_eligible"": true, ""not_overextended"": true}",
0.0,0.8369866048520863,0.3147018495444985,7.0,,,undisclosed,give_me_some_credit,444000.0,371600.0,LIQ-000595,Increase 30%,0.3,577200.0,0.06896601257444547,Moderate,425900.0,525800.0,19092.206091046613,23570.51411756823,34704.82680910504,0.34739566375480524,No reported delinquency in the harmonized source fields | High utilization with low estimated risk,"{""automatic_increases_enabled"": true, ""within_maximum_increase"": true, ""within_account_exposure"": true, ""within_expected_loss_ceiling"": true, ""meets_profitability_hurdle"": true, ""payment_history_eligible"": true, ""not_overextended"": true}",income_inr | credit_age_months
,,0.5566208702969193,,,,undisclosed,home_credit,1302000.0,820400.0,LIQ-000596,Manual review,0.0,1302000.0,0.08157494490397012,Moderate,1181600.0,1181600.0,62652.82068404521,62652.82068404521,0.0,0.0,Insufficient behavioral history | Manual review required,"{""automatic_increases_enabled"": true, ""within_maximum_increase"": true, ""within_account_exposure"": true, ""within_expected_loss_ceiling"": true, ""meets_profitability_hurdle"": false, ""payment_history_eligible"": false, ""not_overextended"": true}",delinquency_count | utilization | credit_lines | income_inr | credit_age_months
0.0,0.4773283491724346,0.26342912963667653,11.0,276584.0853245029,107.25169842340523,north_america,lending_club_full,69000.0,32900.0,LIQ-000597,No change,0.0,69000.0,0.2802186371632541,High,59975.0,59975.0,10923.97329651301,10923.97329651301,0.0,0.0,No reported delinquency in the harmonized source fields | Expected loss exceeds policy ceiling | Incremental return below profitability hurdle,"{""automatic_increases_enabled"": true, ""within_maximum_increase"": true, ""within_account_exposure"": true, ""within_expected_loss_ceiling"": false, ""meets_profitability_hurdle"": false, ""payment_history_eligible"": true, ""not_overextended"": true}",
2.0,0.6119526449179616,0.20602891011206995,9.0,292868.17866973986,208.03531400344403,north_america,lending_club_full,73000.0,44700.0,LIQ-000598,Freeze automatic increases,0.0,73000.0,0.2923165432363484,High,65925.0,65925.0,12526.129273356577,12526.129273356577,0.0,0.0,Repeated delinquency,"{""automatic_increases_enabled"": true, ""within_maximum_increase"": true, ""within_account_exposure"": true, ""within_expected_loss_ceiling"": false, ""meets_profitability_hurdle"": false, ""payment_history_eligible"": false, ""not_overextended"": true}",
,,0.20670597365355628,,,,undisclosed,home_credit,195000.0,95100.0,LIQ-000599,Manual review,0.0,195000.0,0.08224380866383484,Moderate,170025.0,170025.0,9089.277319244538,9089.277319244538,0.0,0.0,Insufficient behavioral history | Manual review required,"{""automatic_increases_enabled"": true, ""within_maximum_increase"": true, ""within_account_exposure"": true, ""within_expected_loss_ceiling"": true, ""meets_profitability_hurdle"": false, ""payment_history_eligible"": false, ""not_overextended"": true}",delinquency_count | utilization | credit_lines | income_inr | credit_age_months
0.0,0.43448932691359826,,,,,asia,taiwan_credit,624000.0,271100.0,LIQ-000600,Increase 30%,0.3,811200.0,0.09848858739201523,Moderate,535775.0,676175.0,34299.019891472024,43287.08837686734,14823.607465466885,0.10558124975403764,No reported delinquency in the harmonized source fields,"{""automatic_increases_enabled"": true, ""within_maximum_increase"": true, ""within_account_exposure"": true, ""within_expected_loss_ceiling"": true, ""meets_profitability_hurdle"": true, ""payment_history_eligible"": true, ""not_overextended"": true}",debt_to_income | credit_lines | income_inr | credit_age_months
0.0,0.6724617351096556,0.1546106697848697,6.0,,,undisclosed,give_me_some_credit,243000.0,163400.0,LIQ-000601,Increase 30%,0.3,315900.0,0.05419985965928257,Moderate,223100.0,277775.0,7859.792648490862,9785.98791095719,14450.093809065227,0.26429069609630046,No reported delinquency in the harmonized source fields | High utilization with low estimated risk,"{""automatic_increases_enabled"": true, ""within_maximum_increase"": true, ""within_account_exposure"": true, ""within_expected_loss_ceiling"": true, ""meets_profitability_hurdle"": true, ""payment_history_eligible"": true, ""not_overextended"": true}",income_inr | credit_age_months
,,0.19355861385601125,,,,undisclosed,home_credit,680000.0,120900.0,LIQ-000602,Manual review,0.0,680000.0,0.08174728978605551,Moderate,540225.0,540225.0,28705.2542560367,28705.2542560367,0.0,0.0,Insufficient behavioral history | Manual review required,"{""automatic_increases_enabled"": true, ""within_maximum_increase"": true, ""within_account_exposure"": true, ""within_expected_loss_ceiling"": true, ""meets_profitability_hurdle"": false, ""payment_history_eligible"": false, ""not_overextended"": true}",delinquency_count | utilization | credit_lines | income_inr | credit_age_months
,,0.2271439608980449,10.0,,,europe,south_german_credit,120000.0,81900.0,LIQ-000603,Manual review,0.0,120000.0,0.19616801387409455,High,110475.0,110475.0,14086.579866281387,14086.579866281387,0.0,0.0,Insufficient behavioral history | Manual review required,"{""automatic_increases_enabled"": true, ""within_maximum_increase"": true, ""within_account_exposure"": true, ""within_expected_loss_ceiling"": false, ""meets_profitability_hurdle"": false, ""payment_history_eligible"": false, ""not_overextended"": true}",delinquency_count | utilization | income_inr | credit_age_months
0.0,0.6228950649462608,0.4803497322013459,8.0,866568.7010602899,181.25170237624613,north_america,lending_club_full,217000.0,135200.0,LIQ-000604,No change,0.0,217000.0,0.37942551778015515,Very high,196550.0,196550.0,48474.45558779817,48474.45558779817,0.0,0.0,No reported delinquency in the harmonized source fields | Expected loss exceeds policy ceiling,"{""automatic_increases_enabled"": true, ""within_maximum_increase"": true, ""within_account_exposure"": true, ""within_expected_loss_ceiling"": false, ""meets_profitability_hurdle"": false, ""payment_history_eligible"": true, ""not_overextended"": true}",
,,0.12700920629141316,,,,undisclosed,home_credit,230000.0,89700.0,LIQ-000605,Manual review,0.0,230000.0,0.07835554931183984,Moderate,194925.0,194925.0,9927.746042246748,9927.746042246748,0.0,0.0,Insufficient behavioral history | Manual review required,"{""automatic_increases_enabled"": true, ""within_maximum_increase"": true, ""within_account_exposure"": true, ""within_expected_loss_ceiling"": true, ""meets_profitability_hurdle"": false, ""payment_history_eligible"": false, ""not_overextended"": true}",delinquency_count | utilization | credit_lines | income_inr | credit_age_months
0.0,0.45185821329392273,0.15659616604868665,7.0,,,undisclosed,give_me_some_credit,563000.0,254400.0,LIQ-000606,Increase 30%,0.3,731900.0,0.029600185159437315,Low,485850.0,612525.0,9347.812473813203,11785.054719609823,20248.886509501226,0.159849113949092,No reported delinquency in the harmonized source fields,"{""automatic_increases_enabled"": true, ""within_maximum_increase"": true, ""within_account_exposure"": true, ""within_expected_loss_ceiling"": true, ""meets_profitability_hurdle"": true, ""payment_history_eligible"": true, ""not_overextended"": true}",income_inr | credit_age_months
1.0,0.33102791724023195,0.13021399779415596,4.0,,,undisclosed,give_me_some_credit,347000.0,114900.0,LIQ-000607,Manual review,0.0,347000.0,0.09113251130771714,Moderate,288975.0,288975.0,17117.761345845916,17117.761345845916,0.0,0.0,Reported delinquency | Manual review required,"{""automatic_increases_enabled"": true, ""within_maximum_increase"": true, ""within_account_exposure"": true, ""within_expected_loss_ceiling"": true, ""meets_profitability_hurdle"": false, ""payment_history_eligible"": false, ""not_overextended"": true}",income_inr | credit_age_months
2.0,0.06774900857241889,,,,,asia,taiwan_credit,247000.0,16700.0,LIQ-000608,Freeze automatic increases,0.0,247000.0,0.3379312268026458,Very high,189425.0,189425.0,41608.20471410927,41608.20471410927,0.0,0.0,Repeated delinquency,"{""automatic_increases_enabled"": true, ""within_maximum_increase"": true, ""within_account_exposure"": true, ""within_expected_loss_ceiling"": false, ""meets_profitability_hurdle"": false, ""payment_history_eligible"": false, ""not_overextended"": true}",debt_to_income | credit_lines | income_inr | credit_age_months
,,0.34770813602743694,3.0,,,europe,south_german_credit,272000.0,33000.0,LIQ-000609,Manual review,0.0,272000.0,0.23445167377958817,High,212250.0,212250.0,32345.539043816436,32345.539043816436,0.0,0.0,Insufficient behavioral history | Manual review required,"{""automatic_increases_enabled"": true, ""within_maximum_increase"": true, ""within_account_exposure"": true, ""within_expected_loss_ceiling"": false, ""meets_profitability_hurdle"": false, ""payment_history_eligible"": false, ""not_overextended"": true}",delinquency_count | utilization | income_inr | credit_age_months
0.0,0.7154061200428145,,12.0,,116.69361555130092,undisclosed,fico_heloc,201000.0,143800.0,LIQ-000610,No change,0.0,201000.0,0.7506767983398624,Very high,186700.0,186700.0,91098.38286253401,91098.38286253401,0.0,0.0,No reported delinquency in the harmonized source fields | Expected loss exceeds policy ceiling | Incremental return below profitability hurdle,"{""automatic_increases_enabled"": true, ""within_maximum_increase"": true, ""within_account_exposure"": true, ""within_expected_loss_ceiling"": false, ""meets_profitability_hurdle"": false, ""payment_history_eligible"": true, ""not_overextended"": true}",debt_to_income | income_inr
2.0,0.6439613408419174,0.3459646306333117,9.0,,,undisclosed,give_me_some_credit,603000.0,388300.0,LIQ-000611,Freeze automatic increases,0.0,603000.0,0.21909293537037078,High,549325.0,549325.0,78229.59736951381,78229.59736951381,0.0,0.0,Repeated delinquency,"{""automatic_increases_enabled"": true, ""within_maximum_increase"": true, ""within_account_exposure"": true, ""within_expected_loss_ceiling"": false, ""meets_profitability_hurdle"": false, ""payment_history_eligible"": false, ""not_overextended"": true}",income_inr | credit_age_months
0.0,0.9510847769635687,0.20731455645789504,9.0,,,undisclosed,give_me_some_credit,177000.0,168300.0,LIQ-000612,Increase 30%,0.3,230100.0,0.08722194207020777,Moderate,174825.0,214650.0,9911.574414575647,12169.423412490563,15773.382770968183,0.39606736399166814,No reported delinquency in the harmonized source fields | High utilization with low estimated risk,"{""automatic_increases_enabled"": true, ""within_maximum_increase"": true, ""within_account_exposure"": true, ""within_expected_loss_ceiling"": true, ""meets_profitability_hurdle"": true, ""payment_history_eligible"": true, ""not_overextended"": true}",income_inr | credit_age_months
0.0,0.6922273363888045,0.031763267876793705,9.0,,,undisclosed,give_me_some_credit,294000.0,203500.0,LIQ-000613,Increase 30%,0.3,382200.0,0.0658791807067513,Moderate,271375.0,337525.0,11620.675731791513,14453.315804230053,17743.300682256464,0.2682282793991907,No reported delinquency in the harmonized source fields | High utilization with low estimated risk,"{""automatic_increases_enabled"": true, ""within_maximum_increase"": true, ""within_account_exposure"": true, ""within_expected_loss_ceiling"": true, ""meets_profitability_hurdle"": true, ""payment_history_eligible"": true, ""not_overextended"": true}",income_inr | credit_age_months
,,0.25009735936338634,8.0,,,europe,south_german_credit,438000.0,56300.0,LIQ-000614,Manual review,0.0,438000.0,0.21548026628493855,High,342575.0,342575.0,47981.79894466584,47981.79894466584,0.0,0.0,Insufficient behavioral history | Manual review required,"{""automatic_increases_enabled"": true, ""within_maximum_increase"": true, ""within_account_exposure"": true, ""within_expected_loss_ceiling"": false, ""meets_profitability_hurdle"": false, ""payment_history_eligible"": false, ""not_overextended"": true}",delinquency_count | utilization | income_inr | credit_age_months
0.0,0.295006884772363,0.1947473482046338,8.0,1729819.9029907288,109.37092205304688,north_america,lending_club_full,432000.0,127400.0,LIQ-000615,No change,0.0,432000.0,0.22153791783303634,High,355850.0,355850.0,51242.27423957589,51242.27423957589,0.0,0.0,No reported delinquency in the harmonized source fields | Expected loss exceeds policy ceiling | Incremental return below profitability hurdle,"{""automatic_increases_enabled"": true, ""within_maximum_increase"": true, ""within_account_exposure"": true, ""within_expected_loss_ceiling"": false, ""meets_profitability_hurdle"": false, ""payment_history_eligible"": true, ""not_overextended"": true}",
,,0.5578605391420673,11.0,,,europe,south_german_credit,348000.0,72600.0,LIQ-000616,Manual review,0.0,348000.0,0.21212378472323015,High,279150.0,279150.0,38489.330428568304,38489.330428568304,0.0,0.0,Insufficient behavioral history | Manual review required,"{""automatic_increases_enabled"": true, ""within_maximum_increase"": true, ""within_account_exposure"": true, ""within_expected_loss_ceiling"": false, ""meets_profitability_hurdle"": false, ""payment_history_eligible"": false, ""not_overextended"": true}",delinquency_count | utilization | income_inr | credit_age_months
,,0.12880553616848228,6.0,,,europe,south_german_credit,299000.0,19800.0,LIQ-000617,Manual review,0.0,299000.0,0.22087941982115344,High,229200.0,229200.0,32906.61596495544,32906.61596495544,0.0,0.0,Insufficient behavioral history | Manual review required,"{""automatic_increases_enabled"": true, ""within_maximum_increase"": true, ""within_account_exposure"": true, ""within_expected_loss_ceiling"": false, ""meets_profitability_hurdle"": false, ""payment_history_eligible"": false, ""not_overextended"": true}",delinquency_count | utilization | income_inr | credit_age_months
0.0,0.47931266009689144,,12.0,,206.33138770589093,undisclosed,fico_heloc,418000.0,200400.0,LIQ-000618,No change,0.0,418000.0,0.5315252094315402,Very high,363600.0,363600.0,125620.66799705023,125620.66799705023,0.0,0.0,No reported delinquency in the harmonized source fields | Expected loss exceeds policy ceiling | Incremental return below profitability hurdle,"{""automatic_increases_enabled"": true, ""within_maximum_increase"": true, ""within_account_exposure"": true, ""within_expected_loss_ceiling"": false, ""meets_profitability_hurdle"": false, ""payment_history_eligible"": true, ""not_overextended"": true}",debt_to_income | income_inr
,,0.6832513631238263,,,,undisclosed,home_credit,91000.0,14400.0,LIQ-000619,Manual review,0.0,91000.0,0.08138994130217776,Moderate,71850.0,71850.0,3801.113733664957,3801.113733664957,0.0,0.0,Insufficient behavioral history | Manual review required,"{""automatic_increases_enabled"": true, ""within_maximum_increase"": true, ""within_account_exposure"": true, ""within_expected_loss_ceiling"": true, ""meets_profitability_hurdle"": false, ""payment_history_eligible"": false, ""not_overextended"": false}",delinquency_count | utilization | credit_lines | income_inr | credit_age_months
0.0,0.39247862497095715,,11.0,,95.47728014984598,undisclosed,fico_heloc,161000.0,63200.0,LIQ-000620,No change,0.0,161000.0,0.6810265064103077,Very high,136550.0,136550.0,60446.21014271289,60446.21014271289,0.0,0.0,No reported delinquency in the harmonized source fields | Expected loss exceeds policy ceiling | Incremental return below profitability hurdle,"{""automatic_increases_enabled"": true, ""within_maximum_increase"": true, ""within_account_exposure"": true, ""within_expected_loss_ceiling"": false, ""meets_profitability_hurdle"": false, ""payment_history_eligible"": true, ""not_overextended"": true}",debt_to_income | income_inr
1.0,0.14778060970963272,,11.0,,111.57210800062938,undisclosed,fico_heloc,274000.0,40500.0,LIQ-000621,Manual review,0.0,274000.0,0.6100677048726574,Very high,215625.0,215625.0,85504.80176105838,85504.80176105838,0.0,0.0,Reported delinquency | Manual review required,"{""automatic_increases_enabled"": true, ""within_maximum_increase"": true, ""within_account_exposure"": true, ""within_expected_loss_ceiling"": false, ""meets_profitability_hurdle"": false, ""payment_history_eligible"": false, ""not_overextended"": true}",debt_to_income | income_inr
0.0,0.6302136578971901,0.14727025448194778,5.0,1250260.5767965363,160.78187425501994,north_america,lending_club_full,313000.0,197300.0,LIQ-000622,No change,0.0,313000.0,0.2510822362405975,High,284075.0,284075.0,46362.02106903103,46362.02106903103,0.0,0.0,No reported delinquency in the harmonized source fields | Expected loss exceeds policy ceiling,"{""automatic_increases_enabled"": true, ""within_maximum_increase"": true, ""within_account_exposure"": true, ""within_expected_loss_ceiling"": false, ""meets_profitability_hurdle"": false, ""payment_history_eligible"": true, ""not_overextended"": true}",
0.0,0.744202855001567,0.3309343482163152,4.0,,,undisclosed,give_me_some_credit,124000.0,92300.0,LIQ-000623,Increase 30%,0.3,161200.0,0.05579546545036626,Moderate,116075.0,143975.0,4209.698123898322,5221.548889840714,8366.300386536646,0.2998673973669049,No reported delinquency in the harmonized source fields | High utilization with low estimated risk,"{""automatic_increases_enabled"": true, ""within_maximum_increase"": true, ""within_account_exposure"": true, ""within_expected_loss_ceiling"": true, ""meets_profitability_hurdle"": true, ""payment_history_eligible"": true, ""not_overextended"": true}",income_inr | credit_age_months
,,0.2108168685653525,,,,undisclosed,home_credit,611000.0,169500.0,LIQ-000624,Manual review,0.0,611000.0,0.08224380866383484,Moderate,500625.0,500625.0,26762.649363016008,26762.649363016008,0.0,0.0,Insufficient behavioral history | Manual review required,"{""automatic_increases_enabled"": true, ""within_maximum_increase"": true, ""within_account_exposure"": true, ""within_expected_loss_ceiling"": true, ""meets_profitability_hurdle"": false, ""payment_history_eligible"": false, ""not_overextended"": true}",delinquency_count | utilization | credit_lines | income_inr | credit_age_months
,,0.534913865883764,,,,undisclosed,home_credit,414000.0,179300.0,LIQ-000625,Manual review,0.0,414000.0,0.0816667968826516,Moderate,355325.0,355325.0,18861.86549151332,18861.86549151332,0.0,0.0,Insufficient behavioral history | Manual review required,"{""automatic_increases_enabled"": true, ""within_maximum_increase"": true, ""within_account_exposure"": true, ""within_expected_loss_ceiling"": true, ""meets_profitability_hurdle"": false, ""payment_history_eligible"": false, ""not_overextended"": true}",delinquency_count | utilization | credit_lines | income_inr | credit_age_months
0.0,0.9641401691327116,,,,,asia,taiwan_credit,383000.0,369300.0,LIQ-000626,Increase 30%,0.3,497900.0,0.1463696758228925,Moderate,379575.0,465750.0,36112.87530530838,44311.58973443292,31651.23709006179,0.3672902476363422,No reported delinquency in the harmonized source fields | High utilization with low estimated risk,"{""automatic_increases_enabled"": true, ""within_maximum_increase"": true, ""within_account_exposure"": true, ""within_expected_loss_ceiling"": true, ""meets_profitability_hurdle"": true, ""payment_history_eligible"": true, ""not_overextended"": true}",debt_to_income | credit_lines | income_inr | credit_age_months
0.0,0.47516686573683925,0.14511994042291565,7.0,,,undisclosed,give_me_some_credit,223000.0,106000.0,LIQ-000627,Increase 30%,0.3,289900.0,0.03146878484608686,Low,193750.0,243925.0,3963.1000915540644,4989.41517332813,8499.16112576491,0.16939035626835894,No reported delinquency in the harmonized source fields,"{""automatic_increases_enabled"": true, ""within_maximum_increase"": true, ""within_account_exposure"": true, ""within_expected_loss_ceiling"": true, ""meets_profitability_hurdle"": true, ""payment_history_eligible"": true, ""not_overextended"": true}",income_inr | credit_age_months
0.0,0.5998318245103416,,,,,asia,taiwan_credit,369000.0,221300.0,LIQ-000628,Increase 30%,0.3,479700.0,0.12081084008725751,Moderate,332075.0,415100.0,26076.868819284424,32596.576818143385,15098.23704143702,0.18185169577159915,No reported delinquency in the harmonized source fields,"{""automatic_increases_enabled"": true, ""within_maximum_increase"": true, ""within_account_exposure"": true, ""within_expected_loss_ceiling"": true, ""meets_profitability_hurdle"": true, ""payment_history_eligible"": true, ""not_overextended"": true}",debt_to_income | credit_lines | income_inr | credit_age_months
0.0,1.0232769335731917,0.17679306865319513,6.0,,,undisclosed,give_me_some_credit,489000.0,500400.0,LIQ-000629,Increase 30%,0.3,635700.0,0.11769512257888448,Moderate,489000.0,601875.0,37409.394711698435,46044.538736407965,45701.30911061731,0.40488424461233496,No reported delinquency in the harmonized source fields | High utilization with low estimated risk,"{""automatic_increases_enabled"": true, ""within_maximum_increase"": true, ""within_account_exposure"": true, ""within_expected_loss_ceiling"": true, ""meets_profitability_hurdle"": true, ""payment_history_eligible"": true, ""not_overextended"": true}",income_inr | credit_age_months
0.0,0.4226241853660716,0.5790398902459054,2.0,,,undisclosed,give_me_some_credit,295000.0,124700.0,LIQ-000630,Increase 30%,0.3,383500.0,0.03338789849474957,Low,252425.0,318800.0,5478.161180399154,6918.640326082005,9285.12241467346,0.1398888499385832,No reported delinquency in the harmonized source fields,"{""automatic_increases_enabled"": true, ""within_maximum_increase"": true, ""within_account_exposure"": true, ""within_expected_loss_ceiling"": true, ""meets_profitability_hurdle"": true, ""payment_history_eligible"": true, ""not_overextended"": true}",income_inr | credit_age_months
,,0.2801844838817588,,,,undisclosed,home_credit,467000.0,206000.0,LIQ-000631,Manual review,0.0,467000.0,0.0822952082090523,Moderate,401750.0,401750.0,21490.364933691395,21490.364933691395,0.0,0.0,Insufficient behavioral history | Manual review required,"{""automatic_increases_enabled"": true, ""within_maximum_increase"": true, ""within_account_exposure"": true, ""within_expected_loss_ceiling"": true, ""meets_profitability_hurdle"": false, ""payment_history_eligible"": false, ""not_overextended"": true}",delinquency_count | utilization | credit_lines | income_inr | credit_age_months
0.0,0.2956375677657579,0.12781301247173743,7.0,2207675.5643270058,158.70861924753672,north_america,lending_club_full,552000.0,163200.0,LIQ-000632,No change,0.0,552000.0,0.194517316384189,High,454800.0,454800.0,57503.209069493954,57503.209069493954,0.0,0.0,No reported delinquency in the harmonized source fields | Expected loss exceeds policy ceiling | Incremental return below profitability hurdle,"{""automatic_increases_enabled"": true, ""within_maximum_increase"": true, ""within_account_exposure"": true, ""within_expected_loss_ceiling"": false, ""meets_profitability_hurdle"": false, ""payment_history_eligible"": true, ""not_overextended"": true}",
,,0.21781450889433032,8.0,,,europe,south_german_credit,373000.0,126500.0,LIQ-000633,Manual review,0.0,373000.0,0.21451259663132557,High,311375.0,311375.0,43416.00885445135,43416.00885445135,0.0,0.0,Insufficient behavioral history | Manual review required,"{""automatic_increases_enabled"": true, ""within_maximum_increase"": true, ""within_account_exposure"": true, ""within_expected_loss_ceiling"": false, ""meets_profitability_hurdle"": false, ""payment_history_eligible"": false, ""not_overextended"": true}",delinquency_count | utilization | income_inr | credit_age_months
0.0,0.7249350267152785,,6.0,,139.39289652244304,undisclosed,fico_heloc,736000.0,533600.0,LIQ-000634,No change,0.0,736000.0,0.6803173015733699,Very high,685400.0,685400.0,303088.161023952,303088.161023952,0.0,0.0,No reported delinquency in the harmonized source fields | Expected loss exceeds policy ceiling | Incremental return below profitability hurdle,"{""automatic_increases_enabled"": true, ""within_maximum_increase"": true, ""within_account_exposure"": true, ""within_expected_loss_ceiling"": false, ""meets_profitability_hurdle"": false, ""payment_history_eligible"": true, ""not_overextended"": true}",debt_to_income | income_inr
,,0.4871752560597121,9.0,,,europe,south_german_credit,780000.0,235000.0,LIQ-000635,Manual review,0.0,780000.0,0.21875914986670672,High,643750.0,643750.0,91537.03177235009,91537.03177235009,0.0,0.0,Insufficient behavioral history | Manual review required,"{""automatic_increases_enabled"": true, ""within_maximum_increase"": true, ""within_account_exposure"": true, ""within_expected_loss_ceiling"": false, ""meets_profitability_hurdle"": false, ""payment_history_eligible"": false, ""not_overextended"": true}",delinquency_count | utilization | income_inr | credit_age_months
0.0,0.2664175452989614,0.18633949269345404,10.0,626037.8109800484,252.84614893482058,north_america,lending_club_full,157000.0,41800.0,LIQ-000636,No change,0.0,157000.0,0.2309575694070303,High,128200.0,128200.0,19245.694258687836,19245.694258687836,0.0,0.0,No reported delinquency in the harmonized source fields | Expected loss exceeds policy ceiling | Incremental return below profitability hurdle,"{""automatic_increases_enabled"": true, ""within_maximum_increase"": true, ""within_account_exposure"": true, ""within_expected_loss_ceiling"": false, ""meets_profitability_hurdle"": false, ""payment_history_eligible"": true, ""not_overextended"": true}",
0.0,0.5529733583841514,,,,,asia,taiwan_credit,421000.0,232800.0,LIQ-000637,Increase 30%,0.3,547300.0,0.11116398701264442,Moderate,373950.0,468675.0,27020.352413195946,33864.85804854823,15384.438885804953,0.16241160080026343,No reported delinquency in the harmonized source fields,"{""automatic_increases_enabled"": true, ""within_maximum_increase"": true, ""within_account_exposure"": true, ""within_expected_loss_ceiling"": true, ""meets_profitability_hurdle"": true, ""payment_history_eligible"": true, ""not_overextended"": true}",debt_to_income | credit_lines | income_inr | credit_age_months
,,0.4590120290183696,,,,undisclosed,home_credit,357000.0,31100.0,LIQ-000638,Manual review,0.0,357000.0,0.0816667968826516,Moderate,275525.0,275525.0,14625.80873721018,14625.80873721018,0.0,0.0,Insufficient behavioral history | Manual review required,"{""automatic_increases_enabled"": true, ""within_maximum_increase"": true, ""within_account_exposure"": true, ""within_expected_loss_ceiling"": true, ""meets_profitability_hurdle"": false, ""payment_history_eligible"": false, ""not_overextended"": true}",delinquency_count | utilization | credit_lines | income_inr | credit_age_months
1.0,0.8521362075143688,0.026442121437618062,6.0,438741.85247323615,270.09052527917487,north_america,lending_club_full,110000.0,93700.0,LIQ-000639,Manual review,0.0,110000.0,0.25363529799295753,High,105925.0,105925.0,17463.10731093762,17463.10731093762,0.0,0.0,Reported delinquency | Manual review required,"{""automatic_increases_enabled"": true, ""within_maximum_increase"": true, ""within_account_exposure"": true, ""within_expected_loss_ceiling"": false, ""meets_profitability_hurdle"": false, ""payment_history_eligible"": false, ""not_overextended"": true}",
0.0,0.7267602263806776,,10.0,,205.8682775375201,undisclosed,fico_heloc,108000.0,78500.0,LIQ-000640,No change,0.0,108000.0,0.651907299415462,Very high,100625.0,100625.0,42638.81180239256,42638.81180239256,0.0,0.0,No reported delinquency in the harmonized source fields | Expected loss exceeds policy ceiling | Incremental return below profitability hurdle,"{""automatic_increases_enabled"": true, ""within_maximum_increase"": true, ""within_account_exposure"": true, ""within_expected_loss_ceiling"": false, ""meets_profitability_hurdle"": false, ""payment_history_eligible"": true, ""not_overextended"": true}",debt_to_income | income_inr
,,0.21011420032572387,11.0,,,europe,south_german_credit,146000.0,19100.0,LIQ-000641,Manual review,0.0,146000.0,0.1945113712740556,High,114275.0,114275.0,14448.061519022756,14448.061519022756,0.0,0.0,Insufficient behavioral history | Manual review required,"{""automatic_increases_enabled"": true, ""within_maximum_increase"": true, ""within_account_exposure"": true, ""within_expected_loss_ceiling"": false, ""meets_profitability_hurdle"": false, ""payment_history_eligible"": false, ""not_overextended"": true}",delinquency_count | utilization | income_inr | credit_age_months
0.0,0.3761878287758592,,,,,asia,taiwan_credit,314000.0,118100.0,LIQ-000642,Increase 30%,0.3,408200.0,0.09183520785920245,Moderate,265025.0,335675.0,15820.106875875334,20037.40920878956,5391.857972196987,0.0763178764642178,No reported delinquency in the harmonized source fields,"{""automatic_increases_enabled"": true, ""within_maximum_increase"": true, ""within_account_exposure"": true, ""within_expected_loss_ceiling"": true, ""meets_profitability_hurdle"": true, ""payment_history_eligible"": true, ""not_overextended"": true}",debt_to_income | credit_lines | income_inr | credit_age_months
,,0.09302606935714033,10.0,,,europe,south_german_credit,326000.0,131800.0,LIQ-000643,Manual review,0.0,326000.0,0.18197474637639413,High,277450.0,277450.0,32817.78069838486,32817.78069838486,0.0,0.0,Insufficient behavioral history | Manual review required,"{""automatic_increases_enabled"": true, ""within_maximum_increase"": true, ""within_account_exposure"": true, ""within_expected_loss_ceiling"": true, ""meets_profitability_hurdle"": false, ""payment_history_eligible"": false, ""not_overextended"": true}",delinquency_count | utilization | income_inr | credit_age_months
,,0.29053693373431466,8.0,,,europe,south_german_credit,876000.0,499300.0,LIQ-000644,Manual review,0.0,876000.0,0.22101577455525842,High,781825.0,781825.0,112317.1776620822,112317.1776620822,0.0,0.0,Insufficient behavioral history | Manual review required,"{""automatic_increases_enabled"": true, ""within_maximum_increase"": true, ""within_account_exposure"": true, ""within_expected_loss_ceiling"": false, ""meets_profitability_hurdle"": false, ""payment_history_eligible"": false, ""not_overextended"": true}",delinquency_count | utilization | income_inr | credit_age_months
0.0,0.9998576657266866,,5.0,,68.4132638855982,undisclosed,fico_heloc,823000.0,822900.0,LIQ-000645,No change,0.0,823000.0,0.8148524841042982,Very high,822975.0,822975.0,435892.09501872765,435892.09501872765,0.0,0.0,No reported delinquency in the harmonized source fields | Expected loss exceeds policy ceiling | Incremental return below profitability hurdle,"{""automatic_increases_enabled"": true, ""within_maximum_increase"": true, ""within_account_exposure"": true, ""within_expected_loss_ceiling"": false, ""meets_profitability_hurdle"": false, ""payment_history_eligible"": true, ""not_overextended"": true}",debt_to_income | income_inr
0.0,0.3944796598576893,,,,,asia,taiwan_credit,224000.0,88400.0,LIQ-000646,Increase 30%,0.3,291200.0,0.09448636073286308,Moderate,190100.0,240500.0,11675.207163956227,14770.58034156482,4219.082803016596,0.0837119603773134,No reported delinquency in the harmonized source fields,"{""automatic_increases_enabled"": true, ""within_maximum_increase"": true, ""within_account_exposure"": true, ""within_expected_loss_ceiling"": true, ""meets_profitability_hurdle"": true, ""payment_history_eligible"": true, ""not_overextended"": true}",debt_to_income | credit_lines | income_inr | credit_age_months
,,0.33512560068799757,8.0,,,europe,south_german_credit,596000.0,302400.0,LIQ-000647,Manual review,0.0,596000.0,0.219651415207646,High,522600.0,522600.0,74613.38923188527,74613.38923188527,0.0,0.0,Insufficient behavioral history | Manual review required,"{""automatic_increases_enabled"": true, ""within_maximum_increase"": true, ""within_account_exposure"": true, ""within_expected_loss_ceiling"": false, ""meets_profitability_hurdle"": false, ""payment_history_eligible"": false, ""not_overextended"": true}",delinquency_count | utilization | income_inr | credit_age_months
0.0,0.3000557997232411,,,,,asia,taiwan_credit,257000.0,77100.0,LIQ-000648,Increase 30%,0.3,334100.0,0.08408864046800017,Moderate,212025.0,269850.0,11588.78109689803,14749.3577596884,2230.916174781243,0.03858047859543871,No reported delinquency in the harmonized source fields,"{""automatic_increases_enabled"": true, ""within_maximum_increase"": true, ""within_account_exposure"": true, ""within_expected_loss_ceiling"": true, ""meets_profitability_hurdle"": true, ""payment_history_eligible"": true, ""not_overextended"": true}",debt_to_income | credit_lines | income_inr | credit_age_months
1.0,1.0391368064366964,0.5339423741601305,9.0,770590.4489292594,89.30499431779381,north_america,lending_club_full,193000.0,200600.0,LIQ-000649,Manual review,0.0,193000.0,0.45197422710254714,Very high,193000.0,193000.0,56700.16679001454,56700.16679001454,0.0,0.0,Reported delinquency | Manual review required,"{""automatic_increases_enabled"": true, ""within_maximum_increase"": true, ""within_account_exposure"": true, ""within_expected_loss_ceiling"": false, ""meets_profitability_hurdle"": false, ""payment_history_eligible"": false, ""not_overextended"": true}",
,,0.6448525832584294,,,,undisclosed,home_credit,591000.0,168600.0,LIQ-000650,Manual review,0.0,591000.0,0.08138994130217776,Moderate,485400.0,485400.0,25679.340380250105,25679.340380250105,0.0,0.0,Insufficient behavioral history | Manual review required,"{""automatic_increases_enabled"": true, ""within_maximum_increase"": true, ""within_account_exposure"": true, ""within_expected_loss_ceiling"": true, ""meets_profitability_hurdle"": false, ""payment_history_eligible"": false, ""not_overextended"": false}",delinquency_count | utilization | credit_lines | income_inr | credit_age_months
1.0,0.1470898065123674,,8.0,,192.16310506769486,undisclosed,fico_heloc,785000.0,115500.0,LIQ-000651,Manual review,0.0,785000.0,0.5023668859179043,Very high,617625.0,617625.0,201678.3261447797,201678.3261447797,0.0,0.0,Reported delinquency | Manual review required,"{""automatic_increases_enabled"": true, ""within_maximum_increase"": true, ""within_account_exposure"": true, ""within_expected_loss_ceiling"": false, ""meets_profitability_hurdle"": false, ""payment_history_eligible"": false, ""not_overextended"": true}",debt_to_income | income_inr
1.0,0.3957601398689811,0.21801997067102458,6.0,,,undisclosed,give_me_some_credit,254000.0,100500.0,LIQ-000652,Manual review,0.0,254000.0,0.08850680936011746,Moderate,215625.0,215625.0,12404.782499378962,12404.782499378962,0.0,0.0,Reported delinquency | Manual review required,"{""automatic_increases_enabled"": true, ""within_maximum_increase"": true, ""within_account_exposure"": true, ""within_expected_loss_ceiling"": true, ""meets_profitability_hurdle"": false, ""payment_history_eligible"": false, ""not_overextended"": true}",income_inr | credit_age_months
0.0,0.3591907852507699,,8.0,,168.42610672416163,undisclosed,fico_heloc,677000.0,243200.0,LIQ-000653,No change,0.0,677000.0,0.4752527517477143,Very high,568550.0,568550.0,175633.21880400594,175633.21880400594,0.0,0.0,No reported delinquency in the harmonized source fields | Expected loss exceeds policy ceiling | Incremental return below profitability hurdle,"{""automatic_increases_enabled"": true, ""within_maximum_increase"": true, ""within_account_exposure"": true, ""within_expected_loss_ceiling"": false, ""meets_profitability_hurdle"": false, ""payment_history_eligible"": true, ""not_overextended"": true}",debt_to_income | income_inr
,,0.2234320004930611,6.0,,,europe,south_german_credit,104000.0,64900.0,LIQ-000654,Manual review,0.0,104000.0,0.22203899781520894,High,94225.0,94225.0,13599.055969939742,13599.055969939742,0.0,0.0,Insufficient behavioral history | Manual review required,"{""automatic_increases_enabled"": true, ""within_maximum_increase"": true, ""within_account_exposure"": true, ""within_expected_loss_ceiling"": false, ""meets_profitability_hurdle"": false, ""payment_history_eligible"": false, ""not_overextended"": true}",delinquency_count | utilization | income_inr | credit_age_months
0.0,0.5627605359410102,,7.0,,98.33385644008354,undisclosed,fico_heloc,813000.0,457500.0,LIQ-000655,No change,0.0,813000.0,0.7185014603244092,Very high,724125.0,724125.0,338185.16547231836,338185.16547231836,0.0,0.0,No reported delinquency in the harmonized source fields | Expected loss exceeds policy ceiling | Incremental return below profitability hurdle,"{""automatic_increases_enabled"": true, ""within_maximum_increase"": true, ""within_account_exposure"": true, ""within_expected_loss_ceiling"": false, ""meets_profitability_hurdle"": false, ""payment_history_eligible"": true, ""not_overextended"": true}",debt_to_income | income_inr
,,0.2741844724442198,,,,undisclosed,home_credit,344000.0,47400.0,LIQ-000656,Manual review,0.0,344000.0,0.0822952082090523,Moderate,269850.0,269850.0,14434.785257888296,14434.785257888296,0.0,0.0,Insufficient behavioral history | Manual review required,"{""automatic_increases_enabled"": true, ""within_maximum_increase"": true, ""within_account_exposure"": true, ""within_expected_loss_ceiling"": true, ""meets_profitability_hurdle"": false, ""payment_history_eligible"": false, ""not_overextended"": true}",delinquency_count | utilization | credit_lines | income_inr | credit_age_months
0.0,0.5879267694619661,,,,,asia,taiwan_credit,349000.0,205200.0,LIQ-000657,Increase 30%,0.3,453700.0,0.12061336911340535,Moderate,313050.0,391575.0,24542.709880618506,30698.96700687811,13761.94971645769,0.1752556474556853,No reported delinquency in the harmonized source fields,"{""automatic_increases_enabled"": true, ""within_maximum_increase"": true, ""within_account_exposure"": true, ""within_expected_loss_ceiling"": true, ""meets_profitability_hurdle"": true, ""payment_history_eligible"": true, ""not_overextended"": true}",debt_to_income | credit_lines | income_inr | credit_age_months
,,0.12726427247800465,13.0,,,europe,south_german_credit,93000.0,19900.0,LIQ-000658,Manual review,0.0,93000.0,0.1911331214033559,High,74725.0,74725.0,9283.57462296275,9283.57462296275,0.0,0.0,Insufficient behavioral history | Manual review required,"{""automatic_increases_enabled"": true, ""within_maximum_increase"": true, ""within_account_exposure"": true, ""within_expected_loss_ceiling"": false, ""meets_profitability_hurdle"": false, ""payment_history_eligible"": false, ""not_overextended"": true}",delinquency_count | utilization | income_inr | credit_age_months
,,0.4219106600547613,12.0,,,europe,south_german_credit,272000.0,40500.0,LIQ-000659,Manual review,0.0,272000.0,0.1989991109849127,High,214125.0,214125.0,27696.945015768884,27696.945015768884,0.0,0.0,Insufficient behavioral history | Manual review required,"{""automatic_increases_enabled"": true, ""within_maximum_increase"": true, ""within_account_exposure"": true, ""within_expected_loss_ceiling"": false, ""meets_profitability_hurdle"": false, ""payment_history_eligible"": false, ""not_overextended"": true}",delinquency_count | utilization | income_inr | credit_age_months
1.0,1.0906642076638413,,11.0,,233.5058556472158,undisclosed,fico_heloc,845000.0,921600.0,LIQ-000660,Manual review,0.0,845000.0,0.7264644219332842,Very high,845000.0,845000.0,399010.58374685637,399010.58374685637,0.0,0.0,Reported delinquency | Manual review required,"{""automatic_increases_enabled"": true, ""within_maximum_increase"": true, ""within_account_exposure"": true, ""within_expected_loss_ceiling"": false, ""meets_profitability_hurdle"": false, ""payment_history_eligible"": false, ""not_overextended"": true}",debt_to_income | income_inr
0.0,0.5582645016672899,0.26078129649527615,7.0,,,undisclosed,give_me_some_credit,265000.0,147900.0,LIQ-000661,Increase 30%,0.3,344500.0,0.04230134824967791,Low,235725.0,295350.0,6481.465455500962,8120.907083602542,12460.855565462523,0.2089870954375266,No reported delinquency in the harmonized source fields,"{""automatic_increases_enabled"": true, ""within_maximum_increase"": true, ""within_account_exposure"": true, ""within_expected_loss_ceiling"": true, ""meets_profitability_hurdle"": true, ""payment_history_eligible"": true, ""not_overextended"": true}",income_inr | credit_age_months
2.0,0.21574562182628665,,,,,asia,taiwan_credit,557000.0,120200.0,LIQ-000662,Freeze automatic increases,0.0,557000.0,0.35422305573592716,Very high,447800.0,447800.0,103103.70483305631,103103.70483305631,0.0,0.0,Repeated delinquency,"{""automatic_increases_enabled"": true, ""within_maximum_increase"": true, ""within_account_exposure"": true, ""within_expected_loss_ceiling"": false, ""meets_profitability_hurdle"": false, ""payment_history_eligible"": false, ""not_overextended"": true}",debt_to_income | credit_lines | income_inr | credit_age_months
,,0.19463814002142935,,,,undisclosed,home_credit,358000.0,3200.0,LIQ-000663,Manual review,0.0,358000.0,0.08187638061235418,Moderate,269300.0,269300.0,14332.05104428954,14332.05104428954,0.0,0.0,Insufficient behavioral history | Manual review required,"{""automatic_increases_enabled"": true, ""within_maximum_increase"": true, ""within_account_exposure"": true, ""within_expected_loss_ceiling"": true, ""meets_profitability_hurdle"": false, ""payment_history_eligible"": false, ""not_overextended"": true}",delinquency_count | utilization | credit_lines | income_inr | credit_age_months
,,0.3846773848516447,6.0,,,europe,south_german_credit,698000.0,175300.0,LIQ-000664,Manual review,0.0,698000.0,0.22639794351439568,High,567325.0,567325.0,83486.78864779795,83486.78864779795,0.0,0.0,Insufficient behavioral history | Manual review required,"{""automatic_increases_enabled"": true, ""within_maximum_increase"": true, ""within_account_exposure"": true, ""within_expected_loss_ceiling"": false, ""meets_profitability_hurdle"": false, ""payment_history_eligible"": false, ""not_overextended"": true}",delinquency_count | utilization | income_inr | credit_age_months
,,0.14364410558744675,,,,undisclosed,home_credit,396000.0,296000.0,LIQ-000665,Manual review,0.0,396000.0,0.07856184138633404,Moderate,371000.0,371000.0,18945.188050314453,18945.188050314453,0.0,0.0,Insufficient behavioral history | Manual review required,"{""automatic_increases_enabled"": true, ""within_maximum_increase"": true, ""within_account_exposure"": true, ""within_expected_loss_ceiling"": true, ""meets_profitability_hurdle"": false, ""payment_history_eligible"": false, ""not_overextended"": true}",delinquency_count | utilization | credit_lines | income_inr | credit_age_months
0.0,1.0016897758362229,0.10979166606373109,8.0,,,undisclosed,give_me_some_credit,191000.0,191300.0,LIQ-000666,Increase 30%,0.3,248300.0,0.12354642408253243,Moderate,191000.0,234050.0,15338.2885498464,18795.426361735863,17214.96167193233,0.39988296566625625,No reported delinquency in the harmonized source fields | High utilization with low estimated risk,"{""automatic_increases_enabled"": true, ""within_maximum_increase"": true, ""within_account_exposure"": true, ""within_expected_loss_ceiling"": true, ""meets_profitability_hurdle"": true, ""payment_history_eligible"": true, ""not_overextended"": true}",income_inr | credit_age_months
,,0.1621130358189089,,,,undisclosed,home_credit,363000.0,100100.0,LIQ-000667,Manual review,0.0,363000.0,0.0812692028104184,Moderate,297275.0,297275.0,15703.546472553635,15703.546472553635,0.0,0.0,Insufficient behavioral history | Manual review required,"{""automatic_increases_enabled"": true, ""within_maximum_increase"": true, ""within_account_exposure"": true, ""within_expected_loss_ceiling"": true, ""meets_profitability_hurdle"": false, ""payment_history_eligible"": false, ""not_overextended"": true}",delinquency_count | utilization | credit_lines | income_inr | credit_age_months
0.0,0.42273236958440125,0.42263969328830914,7.0,,,undisclosed,give_me_some_credit,991000.0,418900.0,LIQ-000668,Increase 30%,0.3,1288300.0,0.028131511074162244,Low,847975.0,1070950.0,15505.631767023273,19582.837160168136,32391.595666775727,0.14527007811089013,No reported delinquency in the harmonized source fields,"{""automatic_increases_enabled"": true, ""within_maximum_increase"": true, ""within_account_exposure"": true, ""within_expected_loss_ceiling"": true, ""meets_profitability_hurdle"": true, ""payment_history_eligible"": true, ""not_overextended"": true}",income_inr | credit_age_months
,,0.28798698582356735,,,,undisclosed,home_credit,484000.0,171500.0,LIQ-000669,Manual review,0.0,484000.0,0.08215167347213541,Moderate,405875.0,405875.0,21673.151805826925,21673.151805826925,0.0,0.0,Insufficient behavioral history | Manual review required,"{""automatic_increases_enabled"": true, ""within_maximum_increase"": true, ""within_account_exposure"": true, ""within_expected_loss_ceiling"": true, ""meets_profitability_hurdle"": false, ""payment_history_eligible"": false, ""not_overextended"": true}",delinquency_count | utilization | credit_lines | income_inr | credit_age_months
0.0,0.7475636873479626,,10.0,,234.25046195355102,undisclosed,fico_heloc,324000.0,242200.0,LIQ-000670,No change,0.0,324000.0,0.5956162517281046,Very high,303550.0,303550.0,117519.553587843,117519.553587843,0.0,0.0,No reported delinquency in the harmonized source fields | Expected loss exceeds policy ceiling | Incremental return below profitability hurdle,"{""automatic_increases_enabled"": true, ""within_maximum_increase"": true, ""within_account_exposure"": true, ""within_expected_loss_ceiling"": false, ""meets_profitability_hurdle"": false, ""payment_history_eligible"": true, ""not_overextended"": true}",debt_to_income | income_inr
1.0,0.6056526840208333,0.2526310238508193,13.0,1770179.795102575,59.91759403258246,north_america,lending_club_full,443000.0,268300.0,LIQ-000671,Manual review,0.0,443000.0,0.2925885450522481,High,399325.0,399325.0,75944.64848944283,75944.64848944283,0.0,0.0,Reported delinquency | Manual review required,"{""automatic_increases_enabled"": true, ""within_maximum_increase"": true, ""within_account_exposure"": true, ""within_expected_loss_ceiling"": false, ""meets_profitability_hurdle"": false, ""payment_history_eligible"": false, ""not_overextended"": true}",
1.0,0.761229115259914,,,,,asia,taiwan_credit,744000.0,566400.0,LIQ-000672,Manual review,0.0,744000.0,0.3228178783921394,Very high,699600.0,699600.0,146798.20202004147,146798.20202004147,0.0,0.0,Reported delinquency | Manual review required,"{""automatic_increases_enabled"": true, ""within_maximum_increase"": true, ""within_account_exposure"": true, ""within_expected_loss_ceiling"": false, ""meets_profitability_hurdle"": false, ""payment_history_eligible"": false, ""not_overextended"": true}",debt_to_income | credit_lines | income_inr | credit_age_months
,,0.38741734351144874,,,,undisclosed,home_credit,595000.0,403100.0,LIQ-000673,Manual review,0.0,595000.0,0.0814213387076708,Moderate,547025.0,547025.0,28950.680074266358,28950.680074266358,0.0,0.0,Insufficient behavioral history | Manual review required,"{""automatic_increases_enabled"": true, ""within_maximum_increase"": true, ""within_account_exposure"": true, ""within_expected_loss_ceiling"": true, ""meets_profitability_hurdle"": false, ""payment_history_eligible"": false, ""not_overextended"": true}",delinquency_count | utilization | credit_lines | income_inr | credit_age_months
0.0,0.2800586193164778,0.14239116904308216,7.0,693191.235741405,100.87309226668985,north_america,lending_club_full,173000.0,48500.0,LIQ-000674,No change,0.0,173000.0,0.19821223398754317,High,141875.0,141875.0,18278.884453038747,18278.884453038747,0.0,0.0,No reported delinquency in the harmonized source fields | Expected loss exceeds policy ceiling | Incremental return below profitability hurdle,"{""automatic_increases_enabled"": true, ""within_maximum_increase"": true, ""within_account_exposure"": true, ""within_expected_loss_ceiling"": false, ""meets_profitability_hurdle"": false, ""payment_history_eligible"": true, ""not_overextended"": true}",
,,0.1762805814812865,,,,undisclosed,home_credit,563000.0,346200.0,LIQ-000675,Manual review,0.0,563000.0,0.0811639070073911,Moderate,508800.0,508800.0,26842.527325484385,26842.527325484385,0.0,0.0,Insufficient behavioral history | Manual review required,"{""automatic_increases_enabled"": true, ""within_maximum_increase"": true, ""within_account_exposure"": true, ""within_expected_loss_ceiling"": true, ""meets_profitability_hurdle"": false, ""payment_history_eligible"": false, ""not_overextended"": true}",delinquency_count | utilization | credit_lines | income_inr | credit_age_months
1.0,0.574779187584197,0.1633330413479468,4.0,440258.1667554948,31.875747907275127,north_america,lending_club_full,110000.0,63200.0,LIQ-000676,Manual review,0.0,110000.0,0.2798796785670898,High,98300.0,98300.0,17882.9120620442,17882.9120620442,0.0,0.0,Reported delinquency | Manual review required,"{""automatic_increases_enabled"": true, ""within_maximum_increase"": true, ""within_account_exposure"": true, ""within_expected_loss_ceiling"": false, ""meets_profitability_hurdle"": false, ""payment_history_eligible"": false, ""not_overextended"": true}",
0.0,0.30300982769665646,,,,,asia,taiwan_credit,85000.0,25800.0,LIQ-000677,Increase 30%,0.3,110500.0,0.0842777121271469,Moderate,70200.0,89325.0,3845.592004361713,4893.269313242307,646.3555932042846,0.03379637088649854,No reported delinquency in the harmonized source fields,"{""automatic_increases_enabled"": true, ""within_maximum_increase"": true, ""within_account_exposure"": true, ""within_expected_loss_ceiling"": true, ""meets_profitability_hurdle"": true, ""payment_history_eligible"": true, ""not_overextended"": true}",debt_to_income | credit_lines | income_inr | credit_age_months
1.0,0.572880549845853,0.3138124997337059,8.0,1693918.8121657756,102.2863021740182,north_america,lending_club_full,423000.0,242300.0,LIQ-000678,Manual review,0.0,423000.0,0.2987375885711178,High,377825.0,377825.0,73365.84411122368,73365.84411122368,0.0,0.0,Reported delinquency | Manual review required,"{""automatic_increases_enabled"": true, ""within_maximum_increase"": true, ""within_account_exposure"": true, ""within_expected_loss_ceiling"": false, ""meets_profitability_hurdle"": false, ""payment_history_eligible"": false, ""not_overextended"": true}",
0.0,0.8490401271935046,,9.0,,107.7863855406622,undisclosed,fico_heloc,315000.0,267400.0,LIQ-000679,No change,0.0,315000.0,0.7560550813692681,Very high,303100.0,303100.0,148954.19185596638,148954.19185596638,0.0,0.0,No reported delinquency in the harmonized source fields | Expected loss exceeds policy ceiling | Incremental return below profitability hurdle,"{""automatic_increases_enabled"": true, ""within_maximum_increase"": true, ""within_account_exposure"": true, ""within_expected_loss_ceiling"": false, ""meets_profitability_hurdle"": false, ""payment_history_eligible"": true, ""not_overextended"": true}",debt_to_income | income_inr
0.0,0.7664003072054041,0.25224524001516263,8.0,,,undisclosed,give_me_some_credit,253000.0,193900.0,LIQ-000680,Increase 30%,0.3,328900.0,0.06434684106888157,Moderate,238225.0,295150.0,9963.867038862303,12344.780591962257,17641.332350062978,0.3099048282839346,No reported delinquency in the harmonized source fields | High utilization with low estimated risk,"{""automatic_increases_enabled"": true, ""within_maximum_increase"": true, ""within_account_exposure"": true, ""within_expected_loss_ceiling"": true, ""meets_profitability_hurdle"": true, ""payment_history_eligible"": true, ""not_overextended"": true}",income_inr | credit_age_months
0.0,0.5449018498252618,,10.0,,275.6510616929387,undisclosed,fico_heloc,308000.0,167800.0,LIQ-000681,No change,0.0,308000.0,0.48526910332095924,Very high,272950.0,272950.0,86095.2311384463,86095.2311384463,0.0,0.0,No reported delinquency in the harmonized source fields | Expected loss exceeds policy ceiling | Incremental return below profitability hurdle,"{""automatic_increases_enabled"": true, ""within_maximum_increase"": true, ""within_account_exposure"": true, ""within_expected_loss_ceiling"": false, ""meets_profitability_hurdle"": false, ""payment_history_eligible"": true, ""not_overextended"": true}",debt_to_income | income_inr
1.0,0.39109840570742327,0.23504730565078852,10.0,,,undisclosed,give_me_some_credit,127000.0,49700.0,LIQ-000682,Manual review,0.0,127000.0,0.0873012194425155,Moderate,107675.0,107675.0,6110.103222257357,6110.103222257357,0.0,0.0,Reported delinquency | Manual review required,"{""automatic_increases_enabled"": true, ""within_maximum_increase"": true, ""within_account_exposure"": true, ""within_expected_loss_ceiling"": true, ""meets_profitability_hurdle"": false, ""payment_history_eligible"": false, ""not_overextended"": true}",income_inr | credit_age_months
2.0,0.31656057827455214,,7.0,,36.74010422148807,undisclosed,fico_heloc,108000.0,34200.0,LIQ-000683,Freeze automatic increases,0.0,108000.0,0.798934532706534,Very high,89550.0,89550.0,46503.98181251559,46503.98181251559,0.0,0.0,Repeated delinquency,"{""automatic_increases_enabled"": true, ""within_maximum_increase"": true, ""within_account_exposure"": true, ""within_expected_loss_ceiling"": false, ""meets_profitability_hurdle"": false, ""payment_history_eligible"": false, ""not_overextended"": true}",debt_to_income | income_inr
2.0,0.4284077168919337,,5.0,,101.8592740230069,undisclosed,fico_heloc,787000.0,337200.0,LIQ-000684,Freeze automatic increases,0.0,787000.0,0.7647229730924741,Very high,674550.0,674550.0,335298.52297469345,335298.52297469345,0.0,0.0,Repeated delinquency,"{""automatic_increases_enabled"": true, ""within_maximum_increase"": true, ""within_account_exposure"": true, ""within_expected_loss_ceiling"": false, ""meets_profitability_hurdle"": false, ""payment_history_eligible"": false, ""not_overextended"": true}",debt_to_income | income_inr
,,0.11966618527966325,5.0,,,europe,south_german_credit,473000.0,105100.0,LIQ-000685,Manual review,0.0,473000.0,0.2187073806709884,High,381025.0,381025.0,54166.43681810618,54166.43681810618,0.0,0.0,Insufficient behavioral history | Manual review required,"{""automatic_increases_enabled"": true, ""within_maximum_increase"": true, ""within_account_exposure"": true, ""within_expected_loss_ceiling"": false, ""meets_profitability_hurdle"": false, ""payment_history_eligible"": false, ""not_overextended"": true}",delinquency_count | utilization | income_inr | credit_age_months
0.0,0.40380603425770223,,,,,asia,taiwan_credit,73000.0,29500.0,LIQ-000686,Increase 30%,0.3,94900.0,0.09497543502353366,Moderate,62125.0,78550.0,3835.2267855440687,4849.20827371407,1333.3343359013193,0.08117712851758413,No reported delinquency in the harmonized source fields,"{""automatic_increases_enabled"": true, ""within_maximum_increase"": true, ""within_account_exposure"": true, ""within_expected_loss_ceiling"": true, ""meets_profitability_hurdle"": true, ""payment_history_eligible"": true, ""not_overextended"": true}",debt_to_income | credit_lines | income_inr | credit_age_months
0.0,0.5809061847768494,,7.0,,119.18765088897636,undisclosed,fico_heloc,241000.0,140000.0,LIQ-000687,No change,0.0,241000.0,0.7127888992385202,Very high,215750.0,215750.0,99959.73325696198,99959.73325696198,0.0,0.0,No reported delinquency in the harmonized source fields | Expected loss exceeds policy ceiling | Incremental return below profitability hurdle,"{""automatic_increases_enabled"": true, ""within_maximum_increase"": true, ""within_account_exposure"": true, ""within_expected_loss_ceiling"": false, ""meets_profitability_hurdle"": false, ""payment_history_eligible"": true, ""not_overextended"": true}",debt_to_income | income_inr
0.0,0.47963582272577154,,6.0,,203.2363993013305,undisclosed,fico_heloc,620000.0,297400.0,LIQ-000688,No change,0.0,620000.0,0.5459934181029249,Very high,539350.0,539350.0,191413.00753497815,191413.00753497815,0.0,0.0,No reported delinquency in the harmonized source fields | Expected loss exceeds policy ceiling | Incremental return below profitability hurdle,"{""automatic_increases_enabled"": true, ""within_maximum_increase"": true, ""within_account_exposure"": true, ""within_expected_loss_ceiling"": false, ""meets_profitability_hurdle"": false, ""payment_history_eligible"": true, ""not_overextended"": true}",debt_to_income | income_inr
1.0,0.4644827255358232,0.09891230509720648,10.0,,,undisclosed,give_me_some_credit,292000.0,135600.0,LIQ-000689,Manual review,0.0,292000.0,0.08726788404007794,Moderate,252900.0,252900.0,14345.531117928213,14345.531117928213,0.0,0.0,Reported delinquency | Manual review required,"{""automatic_increases_enabled"": true, ""within_maximum_increase"": true, ""within_account_exposure"": true, ""within_expected_loss_ceiling"": true, ""meets_profitability_hurdle"": false, ""payment_history_eligible"": false, ""not_overextended"": true}",income_inr | credit_age_months
0.0,0.5724391237919733,0.17405395518246417,7.0,,,undisclosed,give_me_some_credit,786000.0,449900.0,LIQ-000690,Increase 30%,0.3,1021800.0,0.04504005385850157,Low,701975.0,878825.0,20551.04467475907,25728.51146592847,38388.19346205384,0.21706640351740933,No reported delinquency in the harmonized source fields,"{""automatic_increases_enabled"": true, ""within_maximum_increase"": true, ""within_account_exposure"": true, ""within_expected_loss_ceiling"": true, ""meets_profitability_hurdle"": true, ""payment_history_eligible"": true, ""not_overextended"": true}",income_inr | credit_age_months
0.0,0.8648214030976248,0.44902187004992516,8.0,571187.0501613964,72.66636847011021,north_america,lending_club_full,143000.0,123700.0,LIQ-000691,No change,0.0,143000.0,0.3802340910354764,Very high,138175.0,138175.0,34150.24959373752,34150.24959373752,0.0,0.0,No reported delinquency in the harmonized source fields | Expected loss exceeds policy ceiling,"{""automatic_increases_enabled"": true, ""within_maximum_increase"": true, ""within_account_exposure"": true, ""within_expected_loss_ceiling"": false, ""meets_profitability_hurdle"": false, ""payment_history_eligible"": true, ""not_overextended"": true}",
0.0,0.6104888001254459,0.3162368304459976,7.0,,,undisclosed,give_me_some_credit,145000.0,88500.0,LIQ-000692,Increase 30%,0.3,188500.0,0.050587904391000756,Moderate,130875.0,163500.0,4303.449791661946,5376.229539153605,7505.564327017317,0.23005561155608634,No reported delinquency in the harmonized source fields,"{""automatic_increases_enabled"": true, ""within_maximum_increase"": true, ""within_account_exposure"": true, ""within_expected_loss_ceiling"": true, ""meets_profitability_hurdle"": true, ""payment_history_eligible"": true, ""not_overextended"": true}",income_inr | credit_age_months
0.0,0.6461371877103451,0.7143407459487037,6.0,366138.3823137414,247.93474723643237,north_america,lending_club_full,92000.0,59400.0,LIQ-000693,Manual review,0.0,92000.0,0.3696841448207861,Very high,83850.0,83850.0,20148.710103094894,20148.710103094894,0.0,0.0,Customer-overextension safeguard | Manual review required,"{""automatic_increases_enabled"": true, ""within_maximum_increase"": true, ""within_account_exposure"": true, ""within_expected_loss_ceiling"": false, ""meets_profitability_hurdle"": false, ""payment_history_eligible"": true, ""not_overextended"": false}",
0.0,0.9865919230943402,0.29017040513108533,6.0,,,undisclosed,give_me_some_credit,262000.0,258500.0,LIQ-000694,Increase 30%,0.3,340600.0,0.07690850625701091,Moderate,261125.0,320075.0,13053.776902635283,16000.7185911383,24990.237151035435,0.4239225979819412,No reported delinquency in the harmonized source fields | High utilization with low estimated risk,"{""automatic_increases_enabled"": true, ""within_maximum_increase"": true, ""within_account_exposure"": true, ""within_expected_loss_ceiling"": true, ""meets_profitability_hurdle"": true, ""payment_history_eligible"": true, ""not_overextended"": true}",income_inr | credit_age_months
0.0,0.833662587722659,,,,,asia,taiwan_credit,142000.0,118400.0,LIQ-000695,Increase 30%,0.3,184600.0,0.13769992392818073,Moderate,136100.0,168050.0,12181.623770306509,15041.306940485001,9490.548939159984,0.2970437852632233,No reported delinquency in the harmonized source fields | High utilization with low estimated risk,"{""automatic_increases_enabled"": true, ""within_maximum_increase"": true, ""within_account_exposure"": true, ""within_expected_loss_ceiling"": true, ""meets_profitability_hurdle"": true, ""payment_history_eligible"": true, ""not_overextended"": true}",debt_to_income | credit_lines | income_inr | credit_age_months
1.0,0.40005073121125245,,5.0,,104.25672153758516,undisclosed,fico_heloc,136000.0,54400.0,LIQ-000696,Manual review,0.0,136000.0,0.7090139913859668,Very high,115600.0,115600.0,53275.31131274154,53275.31131274154,0.0,0.0,Reported delinquency | Manual review required,"{""automatic_increases_enabled"": true, ""within_maximum_increase"": true, ""within_account_exposure"": true, ""within_expected_loss_ceiling"": false, ""meets_profitability_hurdle"": false, ""payment_history_eligible"": false, ""not_overextended"": true}",debt_to_income | income_inr
1.0,0.1977279259631454,0.273382228134708,16.0,1069158.1823135684,74.354964715994,north_america,lending_club_full,267000.0,52800.0,LIQ-000697,Manual review,0.0,267000.0,0.2634203901096655,High,213450.0,213450.0,36547.60347479027,36547.60347479027,0.0,0.0,Reported delinquency | Manual review required,"{""automatic_increases_enabled"": true, ""within_maximum_increase"": true, ""within_account_exposure"": true, ""within_expected_loss_ceiling"": false, ""meets_profitability_hurdle"": false, ""payment_history_eligible"": false, ""not_overextended"": true}",
1.0,0.3545503468911394,0.5022768735207376,7.0,,,undisclosed,give_me_some_credit,231000.0,81900.0,LIQ-000698,Manual review,0.0,231000.0,0.09102207784688725,Moderate,193725.0,193725.0,11461.613820077351,11461.613820077351,0.0,0.0,Reported delinquency | Manual review required,"{""automatic_increases_enabled"": true, ""within_maximum_increase"": true, ""within_account_exposure"": true, ""within_expected_loss_ceiling"": true, ""meets_profitability_hurdle"": false, ""payment_history_eligible"": false, ""not_overextended"": true}",income_inr | credit_age_months
0.0,0.7263478562129666,,11.0,,123.75946906347187,undisclosed,fico_heloc,421000.0,305800.0,LIQ-000699,No change,0.0,421000.0,0.7634947935022575,Very high,392200.0,392200.0,194637.72770753052,194637.72770753052,0.0,0.0,No reported delinquency in the harmonized source fields | Expected loss exceeds policy ceiling | Incremental return below profitability hurdle,"{""automatic_increases_enabled"": true, ""within_maximum_increase"": true, ""within_account_exposure"": true, ""within_expected_loss_ceiling"": false, ""meets_profitability_hurdle"": false, ""payment_history_eligible"": true, ""not_overextended"": true}",debt_to_income | income_inr
,,0.5763287849548937,,,,undisclosed,home_credit,690000.0,265100.0,LIQ-000700,Manual review,0.0,690000.0,0.08157494490397012,Moderate,583775.0,583775.0,30953.91874985485,30953.91874985485,0.0,0.0,Insufficient behavioral history | Manual review required,"{""automatic_increases_enabled"": true, ""within_maximum_increase"": true, ""within_account_exposure"": true, ""within_expected_loss_ceiling"": true, ""meets_profitability_hurdle"": false, ""payment_history_eligible"": false, ""not_overextended"": true}",delinquency_count | utilization | credit_lines | income_inr | credit_age_months
0.0,0.25382438761195786,0.4140581585013952,11.0,,,undisclosed,give_me_some_credit,489000.0,124100.0,LIQ-000701,Increase 30%,0.3,635700.0,0.020750908298281835,Low,397775.0,507800.0,5365.225156426887,6849.252302013885,6116.967314552941,0.05559615827814534,No reported delinquency in the harmonized source fields,"{""automatic_increases_enabled"": true, ""within_maximum_increase"": true, ""within_account_exposure"": true, ""within_expected_loss_ceiling"": true, ""meets_profitability_hurdle"": true, ""payment_history_eligible"": true, ""not_overextended"": true}",income_inr | credit_age_months
0.0,0.17273561325458436,0.46192376295297877,14.0,,,undisclosed,give_me_some_credit,570000.0,98500.0,LIQ-000702,Increase 30%,0.3,741000.0,0.017479751535469542,Low,452125.0,580375.0,5136.971230933208,6594.127018308788,1667.1572391292248,0.012999276718356528,No reported delinquency in the harmonized source fields | Low utilization provides no evidence of additional need,"{""automatic_increases_enabled"": true, ""within_maximum_increase"": true, ""within_account_exposure"": true, ""within_expected_loss_ceiling"": true, ""meets_profitability_hurdle"": true, ""payment_history_eligible"": true, ""not_overextended"": true}",income_inr | credit_age_months
0.0,0.7254061223677752,,13.0,,90.31469069006228,undisclosed,fico_heloc,294000.0,213300.0,LIQ-000703,No change,0.0,294000.0,0.7684461766889136,Very high,273825.0,273825.0,136772.85331569714,136772.85331569714,0.0,0.0,No reported delinquency in the harmonized source fields | Expected loss exceeds policy ceiling | Incremental return below profitability hurdle,"{""automatic_increases_enabled"": true, ""within_maximum_increase"": true, ""within_account_exposure"": true, ""within_expected_loss_ceiling"": false, ""meets_profitability_hurdle"": false, ""payment_history_eligible"": true, ""not_overextended"": true}",debt_to_income | income_inr
,,0.25775629776453557,7.0,,,europe,south_german_credit,518000.0,235400.0,LIQ-000704,Manual review,0.0,518000.0,0.21718541879107756,High,447350.0,447350.0,63152.63311252256,63152.63311252256,0.0,0.0,Insufficient behavioral history | Manual review required,"{""automatic_increases_enabled"": true, ""within_maximum_increase"": true, ""within_account_exposure"": true, ""within_expected_loss_ceiling"": false, ""meets_profitability_hurdle"": false, ""payment_history_eligible"": false, ""not_overextended"": true}",delinquency_count | utilization | income_inr | credit_age_months
0.0,0.05080895963446441,0.34537309471005767,9.0,,,undisclosed,give_me_some_credit,318000.0,16200.0,LIQ-000705,No change,0.0,318000.0,0.011201613694963792,Low,242550.0,242550.0,1766.0184111137542,1766.0184111137542,0.0,0.0,No reported delinquency in the harmonized source fields | Low utilization provides no evidence of additional need | Incremental return below profitability hurdle,"{""automatic_increases_enabled"": true, ""within_maximum_increase"": true, ""within_account_exposure"": true, ""within_expected_loss_ceiling"": true, ""meets_profitability_hurdle"": false, ""payment_history_eligible"": true, ""not_overextended"": true}",income_inr | credit_age_months
0.0,0.8406249838143063,0.30853011055227364,9.0,,,undisclosed,give_me_some_credit,263000.0,221100.0,LIQ-000706,Increase 30%,0.3,341900.0,0.07630579893212375,Moderate,252525.0,311700.0,12524.929218967458,15459.936392642932,20320.807232826613,0.3434018966257138,No reported delinquency in the harmonized source fields | High utilization with low estimated risk,"{""automatic_increases_enabled"": true, ""within_maximum_increase"": true, ""within_account_exposure"": true, ""within_expected_loss_ceiling"": true, ""meets_profitability_hurdle"": true, ""payment_history_eligible"": true, ""not_overextended"": true}",income_inr | credit_age_months
0.0,0.8327806773228691,0.32069811058717695,8.0,,,undisclosed,give_me_some_credit,1201000.0,1000200.0,LIQ-000707,Increase 30%,0.3,1561300.0,0.07155674880298248,Moderate,1150800.0,1421025.0,53525.87923960695,66094.55382904281,93096.73049935901,0.3445156092121714,No reported delinquency in the harmonized source fields | High utilization with low estimated risk,"{""automatic_increases_enabled"": true, ""within_maximum_increase"": true, ""within_account_exposure"": true, ""within_expected_loss_ceiling"": true, ""meets_profitability_hurdle"": true, ""payment_history_eligible"": true, ""not_overextended"": true}",income_inr | credit_age_months
1.0,0.27502305241912545,0.17278747268522304,6.0,1384851.8406076317,119.7640771966296,north_america,lending_club_full,346000.0,95200.0,LIQ-000708,Manual review,0.0,346000.0,0.24894517800658048,High,283300.0,283300.0,45842.00980402176,45842.00980402176,0.0,0.0,Reported delinquency | Manual review required,"{""automatic_increases_enabled"": true, ""within_maximum_increase"": true, ""within_account_exposure"": true, ""within_expected_loss_ceiling"": false, ""meets_profitability_hurdle"": false, ""payment_history_eligible"": false, ""not_overextended"": true}",
,,0.46537005018238126,,,,undisclosed,home_credit,104000.0,32200.0,LIQ-000709,Manual review,0.0,104000.0,0.0816667968826516,Moderate,86050.0,86050.0,4567.8281166389115,4567.8281166389115,0.0,0.0,Insufficient behavioral history | Manual review required,"{""automatic_increases_enabled"": true, ""within_maximum_increase"": true, ""within_account_exposure"": true, ""within_expected_loss_ceiling"": true, ""meets_profitability_hurdle"": false, ""payment_history_eligible"": false, ""not_overextended"": true}",delinquency_count | utilization | credit_lines | income_inr | credit_age_months
1.0,0.3666600589919296,0.1960671861451759,10.0,1328682.9188793704,18.833727841634534,north_america,lending_club_full,332000.0,121700.0,LIQ-000710,Manual review,0.0,332000.0,0.30161024444037987,Very high,279425.0,279425.0,54780.337659289544,54780.337659289544,0.0,0.0,Reported delinquency | Manual review required,"{""automatic_increases_enabled"": true, ""within_maximum_increase"": true, ""within_account_exposure"": true, ""within_expected_loss_ceiling"": false, ""meets_profitability_hurdle"": false, ""payment_history_eligible"": false, ""not_overextended"": true}",
,,0.20719642244035796,,,,undisclosed,home_credit,295000.0,102200.0,LIQ-000711,Manual review,0.0,295000.0,0.08224380866383484,Moderate,246800.0,246800.0,13193.551785852385,13193.551785852385,0.0,0.0,Insufficient behavioral history | Manual review required,"{""automatic_increases_enabled"": true, ""within_maximum_increase"": true, ""within_account_exposure"": true, ""within_expected_loss_ceiling"": true, ""meets_profitability_hurdle"": false, ""payment_history_eligible"": false, ""not_overextended"": true}",delinquency_count | utilization | credit_lines | income_inr | credit_age_months
1.0,0.852421985132058,,,,,asia,taiwan_credit,138000.0,117600.0,LIQ-000712,Manual review,0.0,138000.0,0.32310135815252455,Very high,132900.0,132900.0,27911.110824005835,27911.110824005835,0.0,0.0,Reported delinquency | Manual review required,"{""automatic_increases_enabled"": true, ""within_maximum_increase"": true, ""within_account_exposure"": true, ""within_expected_loss_ceiling"": false, ""meets_profitability_hurdle"": false, ""payment_history_eligible"": false, ""not_overextended"": true}",debt_to_income | credit_lines | income_inr | credit_age_months
,,0.19326530820631138,,,,undisclosed,home_credit,176000.0,99300.0,LIQ-000713,Manual review,0.0,176000.0,0.08168123091129671,Moderate,156825.0,156825.0,8326.27837448167,8326.27837448167,0.0,0.0,Insufficient behavioral history | Manual review required,"{""automatic_increases_enabled"": true, ""within_maximum_increase"": true, ""within_account_exposure"": true, ""within_expected_loss_ceiling"": true, ""meets_profitability_hurdle"": false, ""payment_history_eligible"": false, ""not_overextended"": true}",delinquency_count | utilization | credit_lines | income_inr | credit_age_months
1.0,0.28236324772236226,,4.0,,98.37038127991403,undisclosed,fico_heloc,192000.0,54200.0,LIQ-000714,Manual review,0.0,192000.0,0.6613167266401585,Very high,157550.0,157550.0,67723.79268340203,67723.79268340203,0.0,0.0,Reported delinquency | Manual review required,"{""automatic_increases_enabled"": true, ""within_maximum_increase"": true, ""within_account_exposure"": true, ""within_expected_loss_ceiling"": false, ""meets_profitability_hurdle"": false, ""payment_history_eligible"": false, ""not_overextended"": true}",debt_to_income | income_inr
,,0.30165252045901075,,,,undisclosed,home_credit,625000.0,273700.0,LIQ-000715,Manual review,0.0,625000.0,0.08203099212858951,Moderate,537175.0,537175.0,28642.248827838797,28642.248827838797,0.0,0.0,Insufficient behavioral history | Manual review required,"{""automatic_increases_enabled"": true, ""within_maximum_increase"": true, ""within_account_exposure"": true, ""within_expected_loss_ceiling"": true, ""meets_profitability_hurdle"": false, ""payment_history_eligible"": false, ""not_overextended"": true}",delinquency_count | utilization | credit_lines | income_inr | credit_age_months
0.0,0.9830797184676943,,14.0,,285.06291809723484,undisclosed,fico_heloc,770000.0,757000.0,LIQ-000716,No change,0.0,770000.0,0.6302786071916345,Very high,766750.0,766750.0,314122.9793417208,314122.9793417208,0.0,0.0,No reported delinquency in the harmonized source fields | Expected loss exceeds policy ceiling,"{""automatic_increases_enabled"": true, ""within_maximum_increase"": true, ""within_account_exposure"": true, ""within_expected_loss_ceiling"": false, ""meets_profitability_hurdle"": false, ""payment_history_eligible"": true, ""not_overextended"": true}",debt_to_income | income_inr
,,0.14073723133992425,8.0,,,europe,south_german_credit,1016000.0,265100.0,LIQ-000717,Manual review,0.0,1016000.0,0.21483152236083278,High,828275.0,828275.0,115660.7264692222,115660.7264692222,0.0,0.0,Insufficient behavioral history | Manual review required,"{""automatic_increases_enabled"": true, ""within_maximum_increase"": true, ""within_account_exposure"": true, ""within_expected_loss_ceiling"": false, ""meets_profitability_hurdle"": false, ""payment_history_eligible"": false, ""not_overextended"": true}",delinquency_count | utilization | income_inr | credit_age_months
,,0.1577850558271345,7.0,,,europe,south_german_credit,125000.0,37700.0,LIQ-000718,Manual review,0.0,125000.0,0.2129594648074554,High,103175.0,103175.0,14281.860307980985,14281.860307980985,0.0,0.0,Insufficient behavioral history | Manual review required,"{""automatic_increases_enabled"": true, ""within_maximum_increase"": true, ""within_account_exposure"": true, ""within_expected_loss_ceiling"": false, ""meets_profitability_hurdle"": false, ""payment_history_eligible"": false, ""not_overextended"": true}",delinquency_count | utilization | income_inr | credit_age_months
,,0.3635113300930243,,,,undisclosed,home_credit,144000.0,16500.0,LIQ-000719,Manual review,0.0,144000.0,0.0814213387076708,Moderate,112125.0,112125.0,5934.088941688434,5934.088941688434,0.0,0.0,Insufficient behavioral history | Manual review required,"{""automatic_increases_enabled"": true, ""within_maximum_increase"": true, ""within_account_exposure"": true, ""within_expected_loss_ceiling"": true, ""meets_profitability_hurdle"": false, ""payment_history_eligible"": false, ""not_overextended"": true}",delinquency_count | utilization | credit_lines | income_inr | credit_age_months
1.0,0.8410587498292618,0.03832161316719323,11.0,,,undisclosed,give_me_some_credit,138000.0,116100.0,LIQ-000720,Manual review,0.0,138000.0,0.15866221652373771,High,132525.0,132525.0,13667.361659125421,13667.361659125421,0.0,0.0,Reported delinquency | Manual review required,"{""automatic_increases_enabled"": true, ""within_maximum_increase"": true, ""within_account_exposure"": true, ""within_expected_loss_ceiling"": true, ""meets_profitability_hurdle"": false, ""payment_history_eligible"": false, ""not_overextended"": true}",income_inr | credit_age_months
,,0.29047238868092085,,,,undisclosed,home_credit,809000.0,241600.0,LIQ-000721,Manual review,0.0,809000.0,0.08215167347213541,Moderate,667150.0,667150.0,35624.86782200784,35624.86782200784,0.0,0.0,Insufficient behavioral history | Manual review required,"{""automatic_increases_enabled"": true, ""within_maximum_increase"": true, ""within_account_exposure"": true, ""within_expected_loss_ceiling"": true, ""meets_profitability_hurdle"": false, ""payment_history_eligible"": false, ""not_overextended"": true}",delinquency_count | utilization | credit_lines | income_inr | credit_age_months
,,0.16140498843957166,8.0,,,europe,south_german_credit,459000.0,93500.0,LIQ-000722,Manual review,0.0,459000.0,0.2122765767653345,High,367625.0,367625.0,50724.81474668146,50724.81474668146,0.0,0.0,Insufficient behavioral history | Manual review required,"{""automatic_increases_enabled"": true, ""within_maximum_increase"": true, ""within_account_exposure"": true, ""within_expected_loss_ceiling"": false, ""meets_profitability_hurdle"": false, ""payment_history_eligible"": false, ""not_overextended"": true}",delinquency_count | utilization | income_inr | credit_age_months
1.0,0.48198846368499965,0.3977474013732005,5.0,,,undisclosed,give_me_some_credit,369000.0,177900.0,LIQ-000723,Manual review,0.0,369000.0,0.09972263144228431,Moderate,321225.0,321225.0,20821.711485281056,20821.711485281056,0.0,0.0,Reported delinquency | Manual review required,"{""automatic_increases_enabled"": true, ""within_maximum_increase"": true, ""within_account_exposure"": true, ""within_expected_loss_ceiling"": true, ""meets_profitability_hurdle"": false, ""payment_history_eligible"": false, ""not_overextended"": true}",income_inr | credit_age_months
0.0,0.9767399319362544,,,,,asia,taiwan_credit,406000.0,396600.0,LIQ-000724,Increase 30%,0.3,527800.0,0.14702484215954204,Moderate,403650.0,495000.0,38575.27539950444,47305.24296483265,34161.979313221505,0.37396802751200336,No reported delinquency in the harmonized source fields | High utilization with low estimated risk,"{""automatic_increases_enabled"": true, ""within_maximum_increase"": true, ""within_account_exposure"": true, ""within_expected_loss_ceiling"": true, ""meets_profitability_hurdle"": true, ""payment_history_eligible"": true, ""not_overextended"": true}",debt_to_income | credit_lines | income_inr | credit_age_months
0.0,0.4523588937430233,,,,,asia,taiwan_credit,337000.0,152400.0,LIQ-000725,Increase 30%,0.3,438100.0,0.09860835745869,Moderate,290850.0,366675.0,18642.156498458993,23502.192656257354,8668.196554856735,0.11431845110262756,No reported delinquency in the harmonized source fields,"{""automatic_increases_enabled"": true, ""within_maximum_increase"": true, ""within_account_exposure"": true, ""within_expected_loss_ceiling"": true, ""meets_profitability_hurdle"": true, ""payment_history_eligible"": true, ""not_overextended"": true}",debt_to_income | credit_lines | income_inr | credit_age_months
0.0,0.7427551124095136,,,,,asia,taiwan_credit,169000.0,125500.0,LIQ-000726,Increase 30%,0.3,219700.0,0.1282539841565792,Moderate,158125.0,196150.0,13182.104809093407,16352.062345003458,9646.357554101653,0.25368461680740706,No reported delinquency in the harmonized source fields | High utilization with low estimated risk,"{""automatic_increases_enabled"": true, ""within_maximum_increase"": true, ""within_account_exposure"": true, ""within_expected_loss_ceiling"": true, ""meets_profitability_hurdle"": true, ""payment_history_eligible"": true, ""not_overextended"": true}",debt_to_income | credit_lines | income_inr | credit_age_months
0.0,1.1396167199935132,,,,,asia,taiwan_credit,489000.0,557300.0,LIQ-000727,Manual review,0.0,489000.0,0.17473900207688672,High,489000.0,489000.0,55540.79181013845,55540.79181013845,0.0,0.0,Customer-overextension safeguard | Manual review required,"{""automatic_increases_enabled"": true, ""within_maximum_increase"": true, ""within_account_exposure"": true, ""within_expected_loss_ceiling"": true, ""meets_profitability_hurdle"": false, ""payment_history_eligible"": true, ""not_overextended"": false}",debt_to_income | credit_lines | income_inr | credit_age_months
0.0,0.18824589097315814,0.12503489543328483,8.0,734837.9909726945,142.05526562651562,north_america,lending_club_full,184000.0,34600.0,LIQ-000728,No change,0.0,184000.0,0.21196169494305026,High,146650.0,146650.0,20204.71866620891,20204.71866620891,0.0,0.0,No reported delinquency in the harmonized source fields | Low utilization provides no evidence of additional need | Expected loss exceeds policy ceiling | Incremental return below profitability hurdle,"{""automatic_increases_enabled"": true, ""within_maximum_increase"": true, ""within_account_exposure"": true, ""within_expected_loss_ceiling"": false, ""meets_profitability_hurdle"": false, ""payment_history_eligible"": true, ""not_overextended"": true}",
1.0,0.7011884557628649,0.49219677602963435,10.0,2606214.7320332103,126.24907119556921,north_america,lending_club_full,652000.0,457200.0,LIQ-000729,Manual review,0.0,652000.0,0.3735749392859316,Very high,603300.0,603300.0,146495.54456628166,146495.54456628166,0.0,0.0,Reported delinquency | Manual review required,"{""automatic_increases_enabled"": true, ""within_maximum_increase"": true, ""within_account_exposure"": true, ""within_expected_loss_ceiling"": false, ""meets_profitability_hurdle"": false, ""payment_history_eligible"": false, ""not_overextended"": true}",
,,0.37145349063724864,,,,undisclosed,home_credit,508000.0,17900.0,LIQ-000730,Manual review,0.0,508000.0,0.0814213387076708,Moderate,385475.0,385475.0,20400.828849920614,20400.828849920614,0.0,0.0,Insufficient behavioral history | Manual review required,"{""automatic_increases_enabled"": true, ""within_maximum_increase"": true, ""within_account_exposure"": true, ""within_expected_loss_ceiling"": true, ""meets_profitability_hurdle"": false, ""payment_history_eligible"": false, ""not_overextended"": true}",delinquency_count | utilization | credit_lines | income_inr | credit_age_months
0.0,0.18288412256065723,0.23929477634621965,6.0,3621099.501538389,145.61074623051243,north_america,lending_club_full,905000.0,165500.0,LIQ-000731,No change,0.0,905000.0,0.20241775659434355,High,720125.0,720125.0,94747.95652887608,94747.95652887608,0.0,0.0,No reported delinquency in the harmonized source fields | Low utilization provides no evidence of additional need | Expected loss exceeds policy ceiling | Incremental return below profitability hurdle,"{""automatic_increases_enabled"": true, ""within_maximum_increase"": true, ""within_account_exposure"": true, ""within_expected_loss_ceiling"": false, ""meets_profitability_hurdle"": false, ""payment_history_eligible"": true, ""not_overextended"": true}",
0.0,0.5232148883678824,,12.0,,138.0053617044775,undisclosed,fico_heloc,406000.0,212400.0,LIQ-000732,No change,0.0,406000.0,0.6353731892247386,Very high,357600.0,357600.0,147686.14410339826,147686.14410339826,0.0,0.0,No reported delinquency in the harmonized source fields | Expected loss exceeds policy ceiling | Incremental return below profitability hurdle,"{""automatic_increases_enabled"": true, ""within_maximum_increase"": true, ""within_account_exposure"": true, ""within_expected_loss_ceiling"": false, ""meets_profitability_hurdle"": false, ""payment_history_eligible"": true, ""not_overextended"": true}",debt_to_income | income_inr
0.0,0.5336995009726008,,8.0,,125.31393091823878,undisclosed,fico_heloc,323000.0,172400.0,LIQ-000733,No change,0.0,323000.0,0.7006807534916165,Very high,285350.0,285350.0,129960.51445574132,129960.51445574132,0.0,0.0,No reported delinquency in the harmonized source fields | Expected loss exceeds policy ceiling | Incremental return below profitability hurdle,"{""automatic_increases_enabled"": true, ""within_maximum_increase"": true, ""within_account_exposure"": true, ""within_expected_loss_ceiling"": false, ""meets_profitability_hurdle"": false, ""payment_history_eligible"": true, ""not_overextended"": true}",debt_to_income | income_inr
,,0.2152545273791623,,,,undisclosed,home_credit,625000.0,179100.0,LIQ-000734,Manual review,0.0,625000.0,0.08224380866383484,Moderate,513525.0,513525.0,27452.263698662264,27452.263698662264,0.0,0.0,Insufficient behavioral history | Manual review required,"{""automatic_increases_enabled"": true, ""within_maximum_increase"": true, ""within_account_exposure"": true, ""within_expected_loss_ceiling"": true, ""meets_profitability_hurdle"": false, ""payment_history_eligible"": false, ""not_overextended"": true}",delinquency_count | utilization | credit_lines | income_inr | credit_age_months
1.0,1.0469214160074993,,8.0,,73.12146618600073,undisclosed,fico_heloc,404000.0,423000.0,LIQ-000735,Manual review,0.0,404000.0,0.8365678483790919,Very high,404000.0,404000.0,219682.71698434954,219682.71698434954,0.0,0.0,Reported delinquency | Manual review required,"{""automatic_increases_enabled"": true, ""within_maximum_increase"": true, ""within_account_exposure"": true, ""within_expected_loss_ceiling"": false, ""meets_profitability_hurdle"": false, ""payment_history_eligible"": false, ""not_overextended"": true}",debt_to_income | income_inr
,,0.4013280769770856,6.0,,,europe,south_german_credit,197000.0,55900.0,LIQ-000736,Manual review,0.0,197000.0,0.22639794351439568,High,161725.0,161725.0,23799.23481966267,23799.23481966267,0.0,0.0,Insufficient behavioral history | Manual review required,"{""automatic_increases_enabled"": true, ""within_maximum_increase"": true, ""within_account_exposure"": true, ""within_expected_loss_ceiling"": false, ""meets_profitability_hurdle"": false, ""payment_history_eligible"": false, ""not_overextended"": true}",delinquency_count | utilization | income_inr | credit_age_months
0.0,0.7758263136667529,0.1616942738716037,10.0,,,undisclosed,give_me_some_credit,431000.0,334400.0,LIQ-000737,Increase 30%,0.3,560300.0,0.0758636162025577,Moderate,406850.0,503825.0,20062.32296380689,24844.291181614863,29960.48533427884,0.3089506092733059,No reported delinquency in the harmonized source fields | High utilization with low estimated risk,"{""automatic_increases_enabled"": true, ""within_maximum_increase"": true, ""within_account_exposure"": true, ""within_expected_loss_ceiling"": true, ""meets_profitability_hurdle"": true, ""payment_history_eligible"": true, ""not_overextended"": true}",income_inr | credit_age_months
0.0,0.5805567904349138,,,,,asia,taiwan_credit,441000.0,256000.0,LIQ-000738,Increase 30%,0.3,573300.0,0.11821782657586576,Moderate,394750.0,493975.0,30333.216576534956,37957.82307382864,17186.269933839674,0.17320503838588736,No reported delinquency in the harmonized source fields,"{""automatic_increases_enabled"": true, ""within_maximum_increase"": true, ""within_account_exposure"": true, ""within_expected_loss_ceiling"": true, ""meets_profitability_hurdle"": true, ""payment_history_eligible"": true, ""not_overextended"": true}",debt_to_income | credit_lines | income_inr | credit_age_months
,,0.08130801968056052,,,,undisclosed,home_credit,488000.0,280900.0,LIQ-000739,Manual review,0.0,488000.0,0.07351899714192557,Moderate,436225.0,436225.0,20846.035943353712,20846.035943353712,0.0,0.0,Insufficient behavioral history | Manual review required,"{""automatic_increases_enabled"": true, ""within_maximum_increase"": true, ""within_account_exposure"": true, ""within_expected_loss_ceiling"": true, ""meets_profitability_hurdle"": false, ""payment_history_eligible"": false, ""not_overextended"": true}",delinquency_count | utilization | credit_lines | income_inr | credit_age_months
,,0.5120387296888212,7.0,,,europe,south_german_credit,686000.0,37100.0,LIQ-000740,Manual review,0.0,686000.0,0.2220794225033181,High,523775.0,523775.0,75607.77218908904,75607.77218908904,0.0,0.0,Insufficient behavioral history | Manual review required,"{""automatic_increases_enabled"": true, ""within_maximum_increase"": true, ""within_account_exposure"": true, ""within_expected_loss_ceiling"": false, ""meets_profitability_hurdle"": false, ""payment_history_eligible"": false, ""not_overextended"": true}",delinquency_count | utilization | income_inr | credit_age_months
,,0.3269168841883707,7.0,,,europe,south_german_credit,235000.0,143000.0,LIQ-000741,Manual review,0.0,235000.0,0.22185482416215532,High,212000.0,212000.0,30571.594769545005,30571.594769545005,0.0,0.0,Insufficient behavioral history | Manual review required,"{""automatic_increases_enabled"": true, ""within_maximum_increase"": true, ""within_account_exposure"": true, ""within_expected_loss_ceiling"": false, ""meets_profitability_hurdle"": false, ""payment_history_eligible"": false, ""not_overextended"": true}",delinquency_count | utilization | income_inr | credit_age_months
1.0,0.32487347476629996,,,,,asia,taiwan_credit,540000.0,175400.0,LIQ-000742,Manual review,0.0,540000.0,0.26745453244453177,High,448850.0,448850.0,78030.52847702325,78030.52847702325,0.0,0.0,Reported delinquency | Manual review required,"{""automatic_increases_enabled"": true, ""within_maximum_increase"": true, ""within_account_exposure"": true, ""within_expected_loss_ceiling"": false, ""meets_profitability_hurdle"": false, ""payment_history_eligible"": false, ""not_overextended"": true}",debt_to_income | credit_lines | income_inr | credit_age_months
,,0.20823970122934368,8.0,,,europe,south_german_credit,114000.0,44900.0,LIQ-000743,Manual review,0.0,114000.0,0.21363458503941868,High,96725.0,96725.0,13431.473404659551,13431.473404659551,0.0,0.0,Insufficient behavioral history | Manual review required,"{""automatic_increases_enabled"": true, ""within_maximum_increase"": true, ""within_account_exposure"": true, ""within_expected_loss_ceiling"": false, ""meets_profitability_hurdle"": false, ""payment_history_eligible"": false, ""not_overextended"": true}",delinquency_count | utilization | income_inr | credit_age_months
,,0.3004456405666356,16.0,,,europe,south_german_credit,324000.0,77900.0,LIQ-000744,Manual review,0.0,324000.0,0.18236462266900397,High,262475.0,262475.0,31113.000317780432,31113.000317780432,0.0,0.0,Insufficient behavioral history | Manual review required,"{""automatic_increases_enabled"": true, ""within_maximum_increase"": true, ""within_account_exposure"": true, ""within_expected_loss_ceiling"": true, ""meets_profitability_hurdle"": false, ""payment_history_eligible"": false, ""not_overextended"": true}",delinquency_count | utilization | income_inr | credit_age_months
,,0.2945495558407715,10.0,,,europe,south_german_credit,293000.0,108800.0,LIQ-000745,Manual review,0.0,293000.0,0.20206843963029741,High,246950.0,246950.0,32435.520758356266,32435.520758356266,0.0,0.0,Insufficient behavioral history | Manual review required,"{""automatic_increases_enabled"": true, ""within_maximum_increase"": true, ""within_account_exposure"": true, ""within_expected_loss_ceiling"": false, ""meets_profitability_hurdle"": false, ""payment_history_eligible"": false, ""not_overextended"": true}",delinquency_count | utilization | income_inr | credit_age_months
,,0.46519658352868065,,,,undisclosed,home_credit,897000.0,371200.0,LIQ-000746,Manual review,0.0,897000.0,0.0816667968826516,Moderate,765550.0,765550.0,40638.01062978406,40638.01062978406,0.0,0.0,Insufficient behavioral history | Manual review required,"{""automatic_increases_enabled"": true, ""within_maximum_increase"": true, ""within_account_exposure"": true, ""within_expected_loss_ceiling"": true, ""meets_profitability_hurdle"": false, ""payment_history_eligible"": false, ""not_overextended"": true}",delinquency_count | utilization | credit_lines | income_inr | credit_age_months
0.0,0.37598227230904896,0.1772505302004811,13.0,,,undisclosed,give_me_some_credit,316000.0,118800.0,LIQ-000747,Increase 30%,0.3,410800.0,0.031591188359879535,Low,266700.0,337800.0,5476.4904581269175,6936.47722817875,8203.422282662686,0.11537865376459475,No reported delinquency in the harmonized source fields,"{""automatic_increases_enabled"": true, ""within_maximum_increase"": true, ""within_account_exposure"": true, ""within_expected_loss_ceiling"": true, ""meets_profitability_hurdle"": true, ""payment_history_eligible"": true, ""not_overextended"": true}",income_inr | credit_age_months
0.0,0.5802432111930012,0.5559749583333204,7.0,618370.4541780346,66.25014007511805,north_america,lending_club_full,155000.0,89900.0,LIQ-000748,No change,0.0,155000.0,0.371207244344322,Very high,138725.0,138725.0,33472.221231582946,33472.221231582946,0.0,0.0,No reported delinquency in the harmonized source fields | Expected loss exceeds policy ceiling | Incremental return below profitability hurdle,"{""automatic_increases_enabled"": true, ""within_maximum_increase"": true, ""within_account_exposure"": true, ""within_expected_loss_ceiling"": false, ""meets_profitability_hurdle"": false, ""payment_history_eligible"": true, ""not_overextended"": true}",
1.0,0.7710605538681036,0.15262004475599883,12.0,614023.6318853962,133.8947087624025,north_america,lending_club_full,154000.0,118700.0,LIQ-000749,Manual review,0.0,154000.0,0.27172833514602174,High,145175.0,145175.0,25641.304685635412,25641.304685635412,0.0,0.0,Reported delinquency | Manual review required,"{""automatic_increases_enabled"": true, ""within_maximum_increase"": true, ""within_account_exposure"": true, ""within_expected_loss_ceiling"": false, ""meets_profitability_hurdle"": false, ""payment_history_eligible"": false, ""not_overextended"": true}",
0.0,0.7435176392620433,0.5291228885437805,13.0,,,undisclosed,give_me_some_credit,278000.0,206700.0,LIQ-000750,Increase 30%,0.3,361400.0,0.07783230002777247,Moderate,260175.0,322725.0,13162.512128821707,16326.978867200867,18060.52977101098,0.288737486347098,No reported delinquency in the harmonized source fields | High utilization with low estimated risk,"{""automatic_increases_enabled"": true, ""within_maximum_increase"": true, ""within_account_exposure"": true, ""within_expected_loss_ceiling"": true, ""meets_profitability_hurdle"": true, ""payment_history_eligible"": true, ""not_overextended"": true}",income_inr | credit_age_months
,,0.19983796746930252,,,,undisclosed,home_credit,202000.0,72900.0,LIQ-000751,Manual review,0.0,202000.0,0.08256802062612588,Moderate,169725.0,169725.0,9109.00724549999,9109.00724549999,0.0,0.0,Insufficient behavioral history | Manual review required,"{""automatic_increases_enabled"": true, ""within_maximum_increase"": true, ""within_account_exposure"": true, ""within_expected_loss_ceiling"": true, ""meets_profitability_hurdle"": false, ""payment_history_eligible"": false, ""not_overextended"": true}",delinquency_count | utilization | credit_lines | income_inr | credit_age_months
,,0.1944637486951389,,,,undisclosed,home_credit,1749000.0,1193600.0,LIQ-000752,Manual review,0.0,1749000.0,0.08187638061235418,Moderate,1610150.0,1610150.0,85691.61525793836,85691.61525793836,0.0,0.0,Insufficient behavioral history | Manual review required,"{""automatic_increases_enabled"": true, ""within_maximum_increase"": true, ""within_account_exposure"": true, ""within_expected_loss_ceiling"": true, ""meets_profitability_hurdle"": false, ""payment_history_eligible"": false, ""not_overextended"": true}",delinquency_count | utilization | credit_lines | income_inr | credit_age_months
,,0.3287920664150179,11.0,,,europe,south_german_credit,227000.0,18300.0,LIQ-000753,Manual review,0.0,227000.0,0.20060059428176377,High,174825.0,174825.0,22795.499281951077,22795.499281951077,0.0,0.0,Insufficient behavioral history | Manual review required,"{""automatic_increases_enabled"": true, ""within_maximum_increase"": true, ""within_account_exposure"": true, ""within_expected_loss_ceiling"": false, ""meets_profitability_hurdle"": false, ""payment_history_eligible"": false, ""not_overextended"": true}",delinquency_count | utilization | income_inr | credit_age_months
,,0.3218230360281381,,,,undisclosed,home_credit,367000.0,43400.0,LIQ-000754,Manual review,0.0,367000.0,0.08185039350607576,Moderate,286100.0,286100.0,15221.308428357379,15221.308428357379,0.0,0.0,Insufficient behavioral history | Manual review required,"{""automatic_increases_enabled"": true, ""within_maximum_increase"": true, ""within_account_exposure"": true, ""within_expected_loss_ceiling"": true, ""meets_profitability_hurdle"": false, ""payment_history_eligible"": false, ""not_overextended"": true}",delinquency_count | utilization | credit_lines | income_inr | credit_age_months
0.0,1.0117858062861131,,,,,asia,taiwan_credit,380000.0,384500.0,LIQ-000755,Increase 30%,0.3,494000.0,0.17274344343728132,High,380000.0,466625.0,42667.630529008486,52394.16604104891,31989.575848888882,0.36928803288760614,No reported delinquency in the harmonized source fields,"{""automatic_increases_enabled"": true, ""within_maximum_increase"": true, ""within_account_exposure"": true, ""within_expected_loss_ceiling"": true, ""meets_profitability_hurdle"": true, ""payment_history_eligible"": true, ""not_overextended"": true}",debt_to_income | credit_lines | income_inr | credit_age_months
0.0,0.22291130365427747,0.26895087254318784,4.0,769348.7547563048,82.62332029734993,north_america,lending_club_full,192000.0,42800.0,LIQ-000756,No change,0.0,192000.0,0.23822811953255515,High,154700.0,154700.0,23955.028559596085,23955.028559596085,0.0,0.0,No reported delinquency in the harmonized source fields | Expected loss exceeds policy ceiling | Incremental return below profitability hurdle,"{""automatic_increases_enabled"": true, ""within_maximum_increase"": true, ""within_account_exposure"": true, ""within_expected_loss_ceiling"": false, ""meets_profitability_hurdle"": false, ""payment_history_eligible"": true, ""not_overextended"": true}",
,,0.08089876939896155,,,,undisclosed,home_credit,249000.0,172900.0,LIQ-000757,Manual review,0.0,249000.0,0.07378660232880369,Moderate,229975.0,229975.0,11029.898015868308,11029.898015868308,0.0,0.0,Insufficient behavioral history | Manual review required,"{""automatic_increases_enabled"": true, ""within_maximum_increase"": true, ""within_account_exposure"": true, ""within_expected_loss_ceiling"": true, ""meets_profitability_hurdle"": false, ""payment_history_eligible"": false, ""not_overextended"": true}",delinquency_count | utilization | credit_lines | income_inr | credit_age_months
0.0,0.24049007254529978,,8.0,,100.79244022506806,undisclosed,fico_heloc,455000.0,109400.0,LIQ-000758,No change,0.0,455000.0,0.577079001596782,Very high,368600.0,368600.0,138262.35799257303,138262.35799257303,0.0,0.0,No reported delinquency in the harmonized source fields | Expected loss exceeds policy ceiling | Incremental return below profitability hurdle,"{""automatic_increases_enabled"": true, ""within_maximum_increase"": true, ""within_account_exposure"": true, ""within_expected_loss_ceiling"": false, ""meets_profitability_hurdle"": false, ""payment_history_eligible"": true, ""not_overextended"": true}",debt_to_income | income_inr
0.0,0.6904382111074893,0.29970003305480203,9.0,,,undisclosed,give_me_some_credit,370000.0,255500.0,LIQ-000759,Increase 30%,0.3,481000.0,0.0634115228389909,Moderate,341375.0,424625.0,14070.620595954339,17501.976625579235,22427.491078187937,0.26939929223048575,No reported delinquency in the harmonized source fields | High utilization with low estimated risk,"{""automatic_increases_enabled"": true, ""within_maximum_increase"": true, ""within_account_exposure"": true, ""within_expected_loss_ceiling"": true, ""meets_profitability_hurdle"": true, ""payment_history_eligible"": true, ""not_overextended"": true}",income_inr | credit_age_months
0.0,0.5309804466664898,0.442065842209902,2.0,,,undisclosed,give_me_some_credit,78000.0,41400.0,LIQ-000760,Increase 30%,0.3,101400.0,0.042299285368075416,Low,68850.0,86400.0,1892.998768434795,2375.5278662711153,3275.2619737035584,0.18662461388624266,No reported delinquency in the harmonized source fields,"{""automatic_increases_enabled"": true, ""within_maximum_increase"": true, ""within_account_exposure"": true, ""within_expected_loss_ceiling"": true, ""meets_profitability_hurdle"": true, ""payment_history_eligible"": true, ""not_overextended"": true}",income_inr | credit_age_months
0.0,1.263548781758372,,,,,asia,taiwan_credit,242000.0,305800.0,LIQ-000761,Manual review,0.0,242000.0,0.17473900207688672,High,242000.0,242000.0,27486.445026694284,27486.445026694284,0.0,0.0,Customer-overextension safeguard | Manual review required,"{""automatic_increases_enabled"": true, ""within_maximum_increase"": true, ""within_account_exposure"": true, ""within_expected_loss_ceiling"": true, ""meets_profitability_hurdle"": false, ""payment_history_eligible"": true, ""not_overextended"": false}",debt_to_income | credit_lines | income_inr | credit_age_months
,,0.4445483635675749,,,,undisclosed,home_credit,680000.0,163800.0,LIQ-000762,Manual review,0.0,680000.0,0.0816667968826516,Moderate,550950.0,550950.0,29246.309132622988,29246.309132622988,0.0,0.0,Insufficient behavioral history | Manual review required,"{""automatic_increases_enabled"": true, ""within_maximum_increase"": true, ""within_account_exposure"": true, ""within_expected_loss_ceiling"": true, ""meets_profitability_hurdle"": false, ""payment_history_eligible"": false, ""not_overextended"": true}",delinquency_count | utilization | credit_lines | income_inr | credit_age_months
1.0,0.40182919333766304,0.1770096159833375,5.0,,,undisclosed,give_me_some_credit,513000.0,206100.0,LIQ-000763,Manual review,0.0,513000.0,0.09212169902991556,Moderate,436275.0,436275.0,26123.756258779667,26123.756258779667,0.0,0.0,Reported delinquency | Manual review required,"{""automatic_increases_enabled"": true, ""within_maximum_increase"": true, ""within_account_exposure"": true, ""within_expected_loss_ceiling"": true, ""meets_profitability_hurdle"": false, ""payment_history_eligible"": false, ""not_overextended"": true}",income_inr | credit_age_months
,,0.12749203194631695,9.0,,,europe,south_german_credit,773000.0,128900.0,LIQ-000764,Manual review,0.0,773000.0,0.2104588448869206,High,611975.0,611975.0,83717.1085397876,83717.1085397876,0.0,0.0,Insufficient behavioral history | Manual review required,"{""automatic_increases_enabled"": true, ""within_maximum_increase"": true, ""within_account_exposure"": true, ""within_expected_loss_ceiling"": false, ""meets_profitability_hurdle"": false, ""payment_history_eligible"": false, ""not_overextended"": true}",delinquency_count | utilization | income_inr | credit_age_months
,,0.3552946957301418,,,,undisclosed,home_credit,184000.0,24600.0,LIQ-000765,Manual review,0.0,184000.0,0.0814213387076708,Moderate,144150.0,144150.0,7628.975883561986,7628.975883561986,0.0,0.0,Insufficient behavioral history | Manual review required,"{""automatic_increases_enabled"": true, ""within_maximum_increase"": true, ""within_account_exposure"": true, ""within_expected_loss_ceiling"": true, ""meets_profitability_hurdle"": false, ""payment_history_eligible"": false, ""not_overextended"": true}",delinquency_count | utilization | credit_lines | income_inr | credit_age_months
,,0.5409321130872642,,,,undisclosed,home_credit,805000.0,175600.0,LIQ-000766,Manual review,0.0,805000.0,0.08157494490397012,Moderate,647650.0,647650.0,34340.80849358656,34340.80849358656,0.0,0.0,Insufficient behavioral history | Manual review required,"{""automatic_increases_enabled"": true, ""within_maximum_increase"": true, ""within_account_exposure"": true, ""within_expected_loss_ceiling"": true, ""meets_profitability_hurdle"": false, ""payment_history_eligible"": false, ""not_overextended"": true}",delinquency_count | utilization | credit_lines | income_inr | credit_age_months
0.0,0.5053805480235319,,,,,asia,taiwan_credit,340000.0,171800.0,LIQ-000767,Increase 30%,0.3,442000.0,0.1063014666205821,Moderate,297950.0,374450.0,20587.139286741585,25872.97971445003,10613.157222846385,0.1387340813443972,No reported delinquency in the harmonized source fields,"{""automatic_increases_enabled"": true, ""within_maximum_increase"": true, ""within_account_exposure"": true, ""within_expected_loss_ceiling"": true, ""meets_profitability_hurdle"": true, ""payment_history_eligible"": true, ""not_overextended"": true}",debt_to_income | credit_lines | income_inr | credit_age_months
,,0.28595875965953843,5.0,,,europe,south_german_credit,985000.0,660800.0,LIQ-000768,Manual review,0.0,985000.0,0.22913333389408405,High,903950.0,903950.0,134631.30016281223,134631.30016281223,0.0,0.0,Insufficient behavioral history | Manual review required,"{""automatic_increases_enabled"": true, ""within_maximum_increase"": true, ""within_account_exposure"": true, ""within_expected_loss_ceiling"": false, ""meets_profitability_hurdle"": false, ""payment_history_eligible"": false, ""not_overextended"": true}",delinquency_count | utilization | income_inr | credit_age_months
0.0,0.4280570791207324,,,,,asia,taiwan_credit,351000.0,150200.0,LIQ-000769,Increase 30%,0.3,456300.0,0.09667831311747661,Moderate,300800.0,379775.0,18902.54378072903,23865.404136723297,8070.829501387307,0.10219473885897191,No reported delinquency in the harmonized source fields,"{""automatic_increases_enabled"": true, ""within_maximum_increase"": true, ""within_account_exposure"": true, ""within_expected_loss_ceiling"": true, ""meets_profitability_hurdle"": true, ""payment_history_eligible"": true, ""not_overextended"": true}",debt_to_income | credit_lines | income_inr | credit_age_months
0.0,0.7035520972368449,,,,,asia,taiwan_credit,92000.0,64700.0,LIQ-000770,Increase 30%,0.3,119600.0,0.1252954058106166,Moderate,85175.0,105875.0,6936.823523447524,8622.67320862937,4759.170466875964,0.22991161675729294,No reported delinquency in the harmonized source fields | High utilization with low estimated risk,"{""automatic_increases_enabled"": true, ""within_maximum_increase"": true, ""within_account_exposure"": true, ""within_expected_loss_ceiling"": true, ""meets_profitability_hurdle"": true, ""payment_history_eligible"": true, ""not_overextended"": true}",debt_to_income | credit_lines | income_inr | credit_age_months
1.0,0.22411182126187076,0.19382531603779915,9.0,,,undisclosed,give_me_some_credit,608000.0,136300.0,LIQ-000771,Manual review,0.0,608000.0,0.0610988116629013,Moderate,490075.0,490075.0,19462.95008170263,19462.95008170263,0.0,0.0,Reported delinquency | Manual review required,"{""automatic_increases_enabled"": true, ""within_maximum_increase"": true, ""within_account_exposure"": true, ""within_expected_loss_ceiling"": true, ""meets_profitability_hurdle"": false, ""payment_history_eligible"": false, ""not_overextended"": true}",income_inr | credit_age_months
0.0,0.20723697364840246,0.160062290195546,8.0,,,undisclosed,give_me_some_credit,262000.0,54300.0,LIQ-000772,Increase 30%,0.3,340600.0,0.01376126396640012,Low,210075.0,269025.0,1879.0833930319786,2406.3806250645152,1939.0966723077145,0.032893921498010424,No reported delinquency in the harmonized source fields,"{""automatic_increases_enabled"": true, ""within_maximum_increase"": true, ""within_account_exposure"": true, ""within_expected_loss_ceiling"": true, ""meets_profitability_hurdle"": true, ""payment_history_eligible"": true, ""not_overextended"": true}",income_inr | credit_age_months
,,0.3063247730468396,,,,undisclosed,home_credit,274000.0,142600.0,LIQ-000773,Manual review,0.0,274000.0,0.08203099212858951,Moderate,241150.0,241150.0,12858.152938676085,12858.152938676085,0.0,0.0,Insufficient behavioral history | Manual review required,"{""automatic_increases_enabled"": true, ""within_maximum_increase"": true, ""within_account_exposure"": true, ""within_expected_loss_ceiling"": true, ""meets_profitability_hurdle"": false, ""payment_history_eligible"": false, ""not_overextended"": true}",delinquency_count | utilization | credit_lines | income_inr | credit_age_months
1.0,0.46530657089527055,,8.0,,66.67758112140906,undisclosed,fico_heloc,136000.0,63300.0,LIQ-000774,Manual review,0.0,136000.0,0.7866415401164734,Very high,117825.0,117825.0,60245.92565174525,60245.92565174525,0.0,0.0,Reported delinquency | Manual review required,"{""automatic_increases_enabled"": true, ""within_maximum_increase"": true, ""within_account_exposure"": true, ""within_expected_loss_ceiling"": false, ""meets_profitability_hurdle"": false, ""payment_history_eligible"": false, ""not_overextended"": true}",debt_to_income | income_inr
0.0,0.9303901049457447,,10.0,,81.1922260117231,undisclosed,fico_heloc,1005000.0,935000.0,LIQ-000775,No change,0.0,1005000.0,0.7820425277400588,Very high,987500.0,987500.0,501973.5474931503,501973.5474931503,0.0,0.0,No reported delinquency in the harmonized source fields | Expected loss exceeds policy ceiling | Incremental return below profitability hurdle,"{""automatic_increases_enabled"": true, ""within_maximum_increase"": true, ""within_account_exposure"": true, ""within_expected_loss_ceiling"": false, ""meets_profitability_hurdle"": false, ""payment_history_eligible"": true, ""not_overextended"": true}",debt_to_income | income_inr
0.0,0.15773239882915008,,10.0,,94.62073396436145,undisclosed,fico_heloc,249000.0,39300.0,LIQ-000776,No change,0.0,249000.0,0.4920164354039435,Very high,196575.0,196575.0,62866.78501319463,62866.78501319463,0.0,0.0,No reported delinquency in the harmonized source fields | Low utilization provides no evidence of additional need | Expected loss exceeds policy ceiling | Incremental return below profitability hurdle,"{""automatic_increases_enabled"": true, ""within_maximum_increase"": true, ""within_account_exposure"": true, ""within_expected_loss_ceiling"": false, ""meets_profitability_hurdle"": false, ""payment_history_eligible"": true, ""not_overextended"": true}",debt_to_income | income_inr
0.0,0.9085265302317406,0.1346305794872382,9.0,935351.6983223206,82.75969669439873,north_america,lending_club_full,234000.0,212600.0,LIQ-000777,No change,0.0,234000.0,0.24168441199430768,High,228650.0,228650.0,35919.741521624,35919.741521624,0.0,0.0,No reported delinquency in the harmonized source fields | Expected loss exceeds policy ceiling,"{""automatic_increases_enabled"": true, ""within_maximum_increase"": true, ""within_account_exposure"": true, ""within_expected_loss_ceiling"": false, ""meets_profitability_hurdle"": false, ""payment_history_eligible"": true, ""not_overextended"": true}",
0.0,0.15384702751729817,0.028489208784384164,1.0,786109.0731081142,182.48836147756097,north_america,lending_club_full,197000.0,30300.0,LIQ-000778,No change,0.0,197000.0,0.33638587874774145,Very high,155325.0,155325.0,33961.93880072042,33961.93880072042,0.0,0.0,No reported delinquency in the harmonized source fields | Low utilization provides no evidence of additional need | Expected loss exceeds policy ceiling | Incremental return below profitability hurdle,"{""automatic_increases_enabled"": true, ""within_maximum_increase"": true, ""within_account_exposure"": true, ""within_expected_loss_ceiling"": false, ""meets_profitability_hurdle"": false, ""payment_history_eligible"": true, ""not_overextended"": true}",
0.0,0.5110556076410957,,7.0,,181.8507068564755,undisclosed,fico_heloc,192000.0,98100.0,LIQ-000779,No change,0.0,192000.0,0.5610161839897345,Very high,168525.0,168525.0,61454.41406446551,61454.41406446551,0.0,0.0,No reported delinquency in the harmonized source fields | Expected loss exceeds policy ceiling | Incremental return below profitability hurdle,"{""automatic_increases_enabled"": true, ""within_maximum_increase"": true, ""within_account_exposure"": true, ""within_expected_loss_ceiling"": false, ""meets_profitability_hurdle"": false, ""payment_history_eligible"": true, ""not_overextended"": true}",debt_to_income | income_inr
0.0,0.9510674250910299,0.40624916762399543,9.0,207496.64094339914,130.6720519488162,north_america,lending_club_full,52000.0,49500.0,LIQ-000780,No change,0.0,52000.0,0.38360977886273656,Very high,51375.0,51375.0,12810.16905289751,12810.16905289751,0.0,0.0,No reported delinquency in the harmonized source fields | Expected loss exceeds policy ceiling,"{""automatic_increases_enabled"": true, ""within_maximum_increase"": true, ""within_account_exposure"": true, ""within_expected_loss_ceiling"": false, ""meets_profitability_hurdle"": false, ""payment_history_eligible"": true, ""not_overextended"": true}",
0.0,0.3014113300540573,,,,,asia,taiwan_credit,334000.0,100700.0,LIQ-000781,Increase 30%,0.3,434200.0,0.08425824462781258,Moderate,275675.0,350825.0,15098.129532051951,19213.934136509026,3001.4438653979214,0.039939372793052846,No reported delinquency in the harmonized source fields,"{""automatic_increases_enabled"": true, ""within_maximum_increase"": true, ""within_account_exposure"": true, ""within_expected_loss_ceiling"": true, ""meets_profitability_hurdle"": true, ""payment_history_eligible"": true, ""not_overextended"": true}",debt_to_income | credit_lines | income_inr | credit_age_months
0.0,0.806716245297316,,,,,asia,taiwan_credit,336000.0,271100.0,LIQ-000782,Increase 30%,0.3,436800.0,0.1367418770886859,Moderate,319775.0,395375.0,28422.311934922447,35141.80777506047,21620.111731160065,0.2859803139042337,No reported delinquency in the harmonized source fields | High utilization with low estimated risk,"{""automatic_increases_enabled"": true, ""within_maximum_increase"": true, ""within_account_exposure"": true, ""within_expected_loss_ceiling"": true, ""meets_profitability_hurdle"": true, ""payment_history_eligible"": true, ""not_overextended"": true}",debt_to_income | credit_lines | income_inr | credit_age_months
,,0.2569324622872087,,,,undisclosed,home_credit,152000.0,73700.0,LIQ-000783,Manual review,0.0,152000.0,0.0822952082090523,Moderate,132425.0,132425.0,7083.662915604438,7083.662915604438,0.0,0.0,Insufficient behavioral history | Manual review required,"{""automatic_increases_enabled"": true, ""within_maximum_increase"": true, ""within_account_exposure"": true, ""within_expected_loss_ceiling"": true, ""meets_profitability_hurdle"": false, ""payment_history_eligible"": false, ""not_overextended"": true}",delinquency_count | utilization | credit_lines | income_inr | credit_age_months
,,0.0558817051451336,9.0,,,europe,south_german_credit,260000.0,121400.0,LIQ-000784,Manual review,0.0,260000.0,0.19241862364840415,High,225350.0,225350.0,28184.998945459123,28184.998945459123,0.0,0.0,Insufficient behavioral history | Manual review required,"{""automatic_increases_enabled"": true, ""within_maximum_increase"": true, ""within_account_exposure"": true, ""within_expected_loss_ceiling"": false, ""meets_profitability_hurdle"": false, ""payment_history_eligible"": false, ""not_overextended"": true}",delinquency_count | utilization | income_inr | credit_age_months
1.0,0.5716457841994569,,,,,asia,taiwan_credit,462000.0,264100.0,LIQ-000785,Manual review,0.0,462000.0,0.3045832480142136,Very high,412525.0,412525.0,81671.33285159126,81671.33285159126,0.0,0.0,Reported delinquency | Manual review required,"{""automatic_increases_enabled"": true, ""within_maximum_increase"": true, ""within_account_exposure"": true, ""within_expected_loss_ceiling"": false, ""meets_profitability_hurdle"": false, ""payment_history_eligible"": false, ""not_overextended"": true}",debt_to_income | credit_lines | income_inr | credit_age_months
1.0,0.8614273763162895,,,,,asia,taiwan_credit,150000.0,129200.0,LIQ-000786,Manual review,0.0,150000.0,0.32393600562281283,Very high,144800.0,144800.0,30488.856849219144,30488.856849219144,0.0,0.0,Reported delinquency | Manual review required,"{""automatic_increases_enabled"": true, ""within_maximum_increase"": true, ""within_account_exposure"": true, ""within_expected_loss_ceiling"": false, ""meets_profitability_hurdle"": false, ""payment_history_eligible"": false, ""not_overextended"": true}",debt_to_income | credit_lines | income_inr | credit_age_months
0.0,0.5299102637753461,,5.0,,246.71595571163337,undisclosed,fico_heloc,247000.0,130900.0,LIQ-000787,No change,0.0,247000.0,0.49562588634589444,Very high,217975.0,217975.0,70222.13417456012,70222.13417456012,0.0,0.0,No reported delinquency in the harmonized source fields | Expected loss exceeds policy ceiling | Incremental return below profitability hurdle,"{""automatic_increases_enabled"": true, ""within_maximum_increase"": true, ""within_account_exposure"": true, ""within_expected_loss_ceiling"": false, ""meets_profitability_hurdle"": false, ""payment_history_eligible"": true, ""not_overextended"": true}",debt_to_income | income_inr
1.0,1.0344511900314823,0.04926480634282334,9.0,,,undisclosed,give_me_some_credit,266000.0,275200.0,LIQ-000788,Manual review,0.0,266000.0,0.24889382108697267,High,266000.0,266000.0,43033.741665937574,43033.741665937574,0.0,0.0,Reported delinquency | Manual review required,"{""automatic_increases_enabled"": true, ""within_maximum_increase"": true, ""within_account_exposure"": true, ""within_expected_loss_ceiling"": false, ""meets_profitability_hurdle"": false, ""payment_history_eligible"": false, ""not_overextended"": true}",income_inr | credit_age_months
,,0.25591956215116474,8.0,,,europe,south_german_credit,365000.0,136300.0,LIQ-000789,Manual review,0.0,365000.0,0.21548026628493855,High,307825.0,307825.0,43114.63842995479,43114.63842995479,0.0,0.0,Insufficient behavioral history | Manual review required,"{""automatic_increases_enabled"": true, ""within_maximum_increase"": true, ""within_account_exposure"": true, ""within_expected_loss_ceiling"": false, ""meets_profitability_hurdle"": false, ""payment_history_eligible"": false, ""not_overextended"": true}",delinquency_count | utilization | income_inr | credit_age_months
,,0.22975243247506766,8.0,,,europe,south_german_credit,916000.0,222000.0,LIQ-000790,Manual review,0.0,916000.0,0.21484472471180283,High,742500.0,742500.0,103689.43526403385,103689.43526403385,0.0,0.0,Insufficient behavioral history | Manual review required,"{""automatic_increases_enabled"": true, ""within_maximum_increase"": true, ""within_account_exposure"": true, ""within_expected_loss_ceiling"": false, ""meets_profitability_hurdle"": false, ""payment_history_eligible"": false, ""not_overextended"": true}",delinquency_count | utilization | income_inr | credit_age_months
1.0,0.6267392848228326,0.4455419000040656,8.0,,,undisclosed,give_me_some_credit,288000.0,180500.0,LIQ-000791,Manual review,0.0,288000.0,0.12911056237595098,Moderate,261125.0,261125.0,21914.09714027313,21914.09714027313,0.0,0.0,Reported delinquency | Manual review required,"{""automatic_increases_enabled"": true, ""within_maximum_increase"": true, ""within_account_exposure"": true, ""within_expected_loss_ceiling"": true, ""meets_profitability_hurdle"": false, ""payment_history_eligible"": false, ""not_overextended"": true}",income_inr | credit_age_months
0.0,0.7886130794501511,0.33279203587484785,9.0,903563.5607065395,322.14268577173476,north_america,lending_club_full,226000.0,178200.0,LIQ-000792,No change,0.0,226000.0,0.3577180689942208,Very high,214050.0,214050.0,49770.20923433843,49770.20923433843,0.0,0.0,No reported delinquency in the harmonized source fields | Expected loss exceeds policy ceiling,"{""automatic_increases_enabled"": true, ""within_maximum_increase"": true, ""within_account_exposure"": true, ""within_expected_loss_ceiling"": false, ""meets_profitability_hurdle"": false, ""payment_history_eligible"": true, ""not_overextended"": true}",
2.0,0.6521589112950322,0.37690358393357887,5.0,,,undisclosed,give_me_some_credit,2086000.0,1360400.0,LIQ-000793,Freeze automatic increases,0.0,2086000.0,0.23496185199280176,High,1904600.0,1904600.0,290880.42314856866,290880.42314856866,0.0,0.0,Repeated delinquency,"{""automatic_increases_enabled"": true, ""within_maximum_increase"": true, ""within_account_exposure"": true, ""within_expected_loss_ceiling"": false, ""meets_profitability_hurdle"": false, ""payment_history_eligible"": false, ""not_overextended"": true}",income_inr | credit_age_months
0.0,0.1927718555619873,,,,,asia,taiwan_credit,264000.0,50900.0,LIQ-000794,No change,0.0,264000.0,0.08387241686507967,Moderate,210725.0,210725.0,11488.109778531045,11488.109778531045,0.0,0.0,No reported delinquency in the harmonized source fields | Low utilization provides no evidence of additional need | Incremental return below profitability hurdle,"{""automatic_increases_enabled"": true, ""within_maximum_increase"": true, ""within_account_exposure"": true, ""within_expected_loss_ceiling"": true, ""meets_profitability_hurdle"": false, ""payment_history_eligible"": true, ""not_overextended"": true}",debt_to_income | credit_lines | income_inr | credit_age_months
0.0,0.24877560949670519,,7.0,,93.8209954425046,undisclosed,fico_heloc,309000.0,76900.0,LIQ-000795,No change,0.0,309000.0,0.603479866386487,Very high,250975.0,250975.0,98447.93365312657,98447.93365312657,0.0,0.0,No reported delinquency in the harmonized source fields | Expected loss exceeds policy ceiling | Incremental return below profitability hurdle,"{""automatic_increases_enabled"": true, ""within_maximum_increase"": true, ""within_account_exposure"": true, ""within_expected_loss_ceiling"": false, ""meets_profitability_hurdle"": false, ""payment_history_eligible"": true, ""not_overextended"": true}",debt_to_income | income_inr
0.0,0.5745243991407157,0.21030816901036953,8.0,,,undisclosed,give_me_some_credit,277000.0,159100.0,LIQ-000796,Increase 30%,0.3,360100.0,0.04679404499951246,Low,247525.0,309850.0,7528.752392527809,9424.43764801431,13413.094817534664,0.21521211099133034,No reported delinquency in the harmonized source fields,"{""automatic_increases_enabled"": true, ""within_maximum_increase"": true, ""within_account_exposure"": true, ""within_expected_loss_ceiling"": true, ""meets_profitability_hurdle"": true, ""payment_history_eligible"": true, ""not_overextended"": true}",income_inr | credit_age_months
2.0,0.9311147389714288,0.5542991672664763,7.0,795348.6345525439,259.46183152263023,north_america,lending_club_full,199000.0,185300.0,LIQ-000797,Freeze automatic increases,0.0,199000.0,0.38365825486412247,Very high,195575.0,195575.0,48772.076076782985,48772.076076782985,0.0,0.0,Repeated delinquency,"{""automatic_increases_enabled"": true, ""within_maximum_increase"": true, ""within_account_exposure"": true, ""within_expected_loss_ceiling"": false, ""meets_profitability_hurdle"": false, ""payment_history_eligible"": false, ""not_overextended"": true}",
,,0.31624787679383753,,,,undisclosed,home_credit,368000.0,93700.0,LIQ-000798,Manual review,0.0,368000.0,0.08185639307500543,Moderate,299425.0,299425.0,15931.402822714275,15931.402822714275,0.0,0.0,Insufficient behavioral history | Manual review required,"{""automatic_increases_enabled"": true, ""within_maximum_increase"": true, ""within_account_exposure"": true, ""within_expected_loss_ceiling"": true, ""meets_profitability_hurdle"": false, ""payment_history_eligible"": false, ""not_overextended"": true}",delinquency_count | utilization | credit_lines | income_inr | credit_age_months
0.0,0.5575328314543304,0.2921131867346381,4.0,735290.9044577853,156.917175832306,north_america,lending_club_full,184000.0,102600.0,LIQ-000799,No change,0.0,184000.0,0.3115370803421425,Very high,163650.0,163650.0,33138.978078694556,33138.978078694556,0.0,0.0,No reported delinquency in the harmonized source fields | Expected loss exceeds policy ceiling,"{""automatic_increases_enabled"": true, ""within_maximum_increase"": true, ""within_account_exposure"": true, ""within_expected_loss_ceiling"": false, ""meets_profitability_hurdle"": false, ""payment_history_eligible"": true, ""not_overextended"": true}",
1.0,0.24319161917692614,,12.0,,190.64556818768366,undisclosed,fico_heloc,455000.0,110700.0,LIQ-000800,Manual review,0.0,455000.0,0.5197704589325217,Very high,368925.0,368925.0,124641.60576509238,124641.60576509238,0.0,0.0,Reported delinquency | Manual review required,"{""automatic_increases_enabled"": true, ""within_maximum_increase"": true, ""within_account_exposure"": true, ""within_expected_loss_ceiling"": false, ""meets_profitability_hurdle"": false, ""payment_history_eligible"": false, ""not_overextended"": true}",debt_to_income | income_inr
0.0,0.6055131606691594,,9.0,,162.26687214766778,undisclosed,fico_heloc,705000.0,426900.0,LIQ-000801,No change,0.0,705000.0,0.6342193108206932,Very high,635475.0,635475.0,261969.83575345698,261969.83575345698,0.0,0.0,No reported delinquency in the harmonized source fields | Expected loss exceeds policy ceiling | Incremental return below profitability hurdle,"{""automatic_increases_enabled"": true, ""within_maximum_increase"": true, ""within_account_exposure"": true, ""within_expected_loss_ceiling"": false, ""meets_profitability_hurdle"": false, ""payment_history_eligible"": true, ""not_overextended"": true}",debt_to_income | income_inr
,,0.128430387299377,12.0,,,europe,south_german_credit,690000.0,482500.0,LIQ-000802,Manual review,0.0,690000.0,0.19196861830073245,High,638125.0,638125.0,79624.98345955068,79624.98345955068,0.0,0.0,Insufficient behavioral history | Manual review required,"{""automatic_increases_enabled"": true, ""within_maximum_increase"": true, ""within_account_exposure"": true, ""within_expected_loss_ceiling"": false, ""meets_profitability_hurdle"": false, ""payment_history_eligible"": false, ""not_overextended"": true}",delinquency_count | utilization | income_inr | credit_age_months
,,0.4272951743903821,8.0,,,europe,south_german_credit,401000.0,123400.0,LIQ-000803,Manual review,0.0,401000.0,0.22024897728856177,High,331600.0,331600.0,47472.4645647766,47472.4645647766,0.0,0.0,Insufficient behavioral history | Manual review required,"{""automatic_increases_enabled"": true, ""within_maximum_increase"": true, ""within_account_exposure"": true, ""within_expected_loss_ceiling"": false, ""meets_profitability_hurdle"": false, ""payment_history_eligible"": false, ""not_overextended"": true}",delinquency_count | utilization | income_inr | credit_age_months
,,0.22061775067643022,7.0,,,europe,south_german_credit,447000.0,209600.0,LIQ-000804,Manual review,0.0,447000.0,0.21654302959688598,High,387650.0,387650.0,54562.888525101356,54562.888525101356,0.0,0.0,Insufficient behavioral history | Manual review required,"{""automatic_increases_enabled"": true, ""within_maximum_increase"": true, ""within_account_exposure"": true, ""within_expected_loss_ceiling"": false, ""meets_profitability_hurdle"": false, ""payment_history_eligible"": false, ""not_overextended"": true}",delinquency_count | utilization | income_inr | credit_age_months
0.0,0.4700967948106398,,,,,asia,taiwan_credit,720000.0,338500.0,LIQ-000805,Increase 30%,0.3,936000.0,0.09986314583901353,Moderate,624625.0,786625.0,40545.06135530099,51060.65061214911,20185.12015612091,0.12459950713654883,No reported delinquency in the harmonized source fields,"{""automatic_increases_enabled"": true, ""within_maximum_increase"": true, ""within_account_exposure"": true, ""within_expected_loss_ceiling"": true, ""meets_profitability_hurdle"": true, ""payment_history_eligible"": true, ""not_overextended"": true}",debt_to_income | credit_lines | income_inr | credit_age_months
,,0.2911787361153448,,,,undisclosed,home_credit,170000.0,81000.0,LIQ-000806,Manual review,0.0,170000.0,0.08215167347213541,Moderate,147750.0,147750.0,7889.641341080204,7889.641341080204,0.0,0.0,Insufficient behavioral history | Manual review required,"{""automatic_increases_enabled"": true, ""within_maximum_increase"": true, ""within_account_exposure"": true, ""within_expected_loss_ceiling"": true, ""meets_profitability_hurdle"": false, ""payment_history_eligible"": false, ""not_overextended"": true}",delinquency_count | utilization | credit_lines | income_inr | credit_age_months
0.0,0.20921998353824175,,,,,asia,taiwan_credit,1775000.0,371400.0,LIQ-000807,No change,0.0,1775000.0,0.08387241686507967,Moderate,1424100.0,1424100.0,77637.76075741397,77637.76075741397,0.0,0.0,No reported delinquency in the harmonized source fields | Incremental return below profitability hurdle,"{""automatic_increases_enabled"": true, ""within_maximum_increase"": true, ""within_account_exposure"": true, ""within_expected_loss_ceiling"": true, ""meets_profitability_hurdle"": false, ""payment_history_eligible"": true, ""not_overextended"": true}",debt_to_income | credit_lines | income_inr | credit_age_months
0.0,0.6826644711918972,,,,,asia,taiwan_credit,251000.0,171300.0,LIQ-000808,Increase 30%,0.3,326300.0,0.12510822250742817,Moderate,231075.0,287550.0,18791.098635337577,23383.665098307134,12648.230637286233,0.22396158720294349,No reported delinquency in the harmonized source fields | High utilization with low estimated risk,"{""automatic_increases_enabled"": true, ""within_maximum_increase"": true, ""within_account_exposure"": true, ""within_expected_loss_ceiling"": true, ""meets_profitability_hurdle"": true, ""payment_history_eligible"": true, ""not_overextended"": true}",debt_to_income | credit_lines | income_inr | credit_age_months
1.0,0.4898547674437241,,,,,asia,taiwan_credit,279000.0,136700.0,LIQ-000809,Manual review,0.0,279000.0,0.2930804786836551,High,243425.0,243425.0,46373.02509031969,46373.02509031969,0.0,0.0,Reported delinquency | Manual review required,"{""automatic_increases_enabled"": true, ""within_maximum_increase"": true, ""within_account_exposure"": true, ""within_expected_loss_ceiling"": false, ""meets_profitability_hurdle"": false, ""payment_history_eligible"": false, ""not_overextended"": true}",debt_to_income | credit_lines | income_inr | credit_age_months
0.0,0.6613507283707974,0.41501465095253476,9.0,,,undisclosed,give_me_some_credit,159000.0,105200.0,LIQ-000810,Increase 30%,0.3,206700.0,0.06332490605233192,Moderate,145550.0,181325.0,5991.011049345992,7463.552583460406,8960.213953144339,0.2504602083338739,No reported delinquency in the harmonized source fields | High utilization with low estimated risk,"{""automatic_increases_enabled"": true, ""within_maximum_increase"": true, ""within_account_exposure"": true, ""within_expected_loss_ceiling"": true, ""meets_profitability_hurdle"": true, ""payment_history_eligible"": true, ""not_overextended"": true}",income_inr | credit_age_months
0.0,1.0087333840408843,,3.0,,124.26961153778772,undisclosed,fico_heloc,162000.0,163400.0,LIQ-000811,No change,0.0,162000.0,0.7912320129113416,Very high,162000.0,162000.0,83316.73095956427,83316.73095956427,0.0,0.0,No reported delinquency in the harmonized source fields | Expected loss exceeds policy ceiling | Incremental return below profitability hurdle,"{""automatic_increases_enabled"": true, ""within_maximum_increase"": true, ""within_account_exposure"": true, ""within_expected_loss_ceiling"": false, ""meets_profitability_hurdle"": false, ""payment_history_eligible"": true, ""not_overextended"": true}",debt_to_income | income_inr
,,0.1570902165972694,,,,undisclosed,home_credit,659000.0,252700.0,LIQ-000812,Manual review,0.0,659000.0,0.0806870010661519,Moderate,557425.0,557425.0,29235.01852004482,29235.01852004482,0.0,0.0,Insufficient behavioral history | Manual review required,"{""automatic_increases_enabled"": true, ""within_maximum_increase"": true, ""within_account_exposure"": true, ""within_expected_loss_ceiling"": true, ""meets_profitability_hurdle"": false, ""payment_history_eligible"": false, ""not_overextended"": true}",delinquency_count | utilization | credit_lines | income_inr | credit_age_months
1.0,0.47078349444015,,,,,asia,taiwan_credit,1531000.0,720800.0,LIQ-000813,Manual review,0.0,1531000.0,0.28126489997978904,High,1328450.0,1328450.0,242870.131645798,242870.131645798,0.0,0.0,Reported delinquency | Manual review required,"{""automatic_increases_enabled"": true, ""within_maximum_increase"": true, ""within_account_exposure"": true, ""within_expected_loss_ceiling"": false, ""meets_profitability_hurdle"": false, ""payment_history_eligible"": false, ""not_overextended"": true}",debt_to_income | credit_lines | income_inr | credit_age_months
,,0.1331059161994231,,,,undisclosed,home_credit,242000.0,70600.0,LIQ-000814,Manual review,0.0,242000.0,0.07856184138633404,Moderate,199150.0,199150.0,10169.633962857475,10169.633962857475,0.0,0.0,Insufficient behavioral history | Manual review required,"{""automatic_increases_enabled"": true, ""within_maximum_increase"": true, ""within_account_exposure"": true, ""within_expected_loss_ceiling"": true, ""meets_profitability_hurdle"": false, ""payment_history_eligible"": false, ""not_overextended"": true}",delinquency_count | utilization | credit_lines | income_inr | credit_age_months
,,0.5839653477383812,,,,undisclosed,home_credit,439000.0,233900.0,LIQ-000815,Manual review,0.0,439000.0,0.08157494490397012,Moderate,387725.0,387725.0,20558.619583379677,20558.619583379677,0.0,0.0,Insufficient behavioral history | Manual review required,"{""automatic_increases_enabled"": true, ""within_maximum_increase"": true, ""within_account_exposure"": true, ""within_expected_loss_ceiling"": true, ""meets_profitability_hurdle"": false, ""payment_history_eligible"": false, ""not_overextended"": true}",delinquency_count | utilization | credit_lines | income_inr | credit_age_months
0.0,0.41467696938926074,0.7117723991878014,6.0,,,undisclosed,give_me_some_credit,404000.0,167500.0,LIQ-000816,Manual review,0.0,404000.0,0.028914877014499154,Low,344875.0,344875.0,6481.811836744007,6481.811836744007,0.0,0.0,Customer-overextension safeguard | Manual review required,"{""automatic_increases_enabled"": true, ""within_maximum_increase"": true, ""within_account_exposure"": true, ""within_expected_loss_ceiling"": true, ""meets_profitability_hurdle"": false, ""payment_history_eligible"": true, ""not_overextended"": false}",income_inr | credit_age_months
,,0.01892891918213698,15.0,,,europe,south_german_credit,671000.0,199000.0,LIQ-000817,Manual review,0.0,671000.0,0.1626476044525537,High,553000.0,553000.0,58463.68142047042,58463.68142047042,0.0,0.0,Insufficient behavioral history | Manual review required,"{""automatic_increases_enabled"": true, ""within_maximum_increase"": true, ""within_account_exposure"": true, ""within_expected_loss_ceiling"": true, ""meets_profitability_hurdle"": false, ""payment_history_eligible"": false, ""not_overextended"": true}",delinquency_count | utilization | income_inr | credit_age_months
1.0,0.3019380258407442,,,,,asia,taiwan_credit,1480000.0,446900.0,LIQ-000818,Manual review,0.0,1480000.0,0.26010381329533466,High,1221725.0,1221725.0,206553.96534385777,206553.96534385777,0.0,0.0,Reported delinquency | Manual review required,"{""automatic_increases_enabled"": true, ""within_maximum_increase"": true, ""within_account_exposure"": true, ""within_expected_loss_ceiling"": false, ""meets_profitability_hurdle"": false, ""payment_history_eligible"": false, ""not_overextended"": true}",debt_to_income | credit_lines | income_inr | credit_age_months
,,0.6306336190306024,,,,undisclosed,home_credit,941000.0,215800.0,LIQ-000819,Manual review,0.0,941000.0,0.08138994130217776,Moderate,759700.0,759700.0,40190.75996472189,40190.75996472189,0.0,0.0,Insufficient behavioral history | Manual review required,"{""automatic_increases_enabled"": true, ""within_maximum_increase"": true, ""within_account_exposure"": true, ""within_expected_loss_ceiling"": true, ""meets_profitability_hurdle"": false, ""payment_history_eligible"": false, ""not_overextended"": false}",delinquency_count | utilization | credit_lines | income_inr | credit_age_months
,,0.4358362874272405,,,,undisclosed,home_credit,300000.0,65300.0,LIQ-000820,Manual review,0.0,300000.0,0.0816667968826516,Moderate,241325.0,241325.0,12810.355842508836,12810.355842508836,0.0,0.0,Insufficient behavioral history | Manual review required,"{""automatic_increases_enabled"": true, ""within_maximum_increase"": true, ""within_account_exposure"": true, ""within_expected_loss_ceiling"": true, ""meets_profitability_hurdle"": false, ""payment_history_eligible"": false, ""not_overextended"": true}",delinquency_count | utilization | credit_lines | income_inr | credit_age_months
0.0,0.9705150482827001,,9.0,,147.8820589077865,undisclosed,fico_heloc,494000.0,479400.0,LIQ-000821,No change,0.0,494000.0,0.7152477578275084,Very high,490350.0,490350.0,227969.12973296718,227969.12973296718,0.0,0.0,No reported delinquency in the harmonized source fields | Expected loss exceeds policy ceiling | Incremental return below profitability hurdle,"{""automatic_increases_enabled"": true, ""within_maximum_increase"": true, ""within_account_exposure"": true, ""within_expected_loss_ceiling"": false, ""meets_profitability_hurdle"": false, ""payment_history_eligible"": true, ""not_overextended"": true}",debt_to_income | income_inr
,,0.06569084009058586,8.0,,,europe,south_german_credit,526000.0,193400.0,LIQ-000822,Manual review,0.0,526000.0,0.19349005619111068,High,442850.0,442850.0,55696.596399751696,55696.596399751696,0.0,0.0,Insufficient behavioral history | Manual review required,"{""automatic_increases_enabled"": true, ""within_maximum_increase"": true, ""within_account_exposure"": true, ""within_expected_loss_ceiling"": false, ""meets_profitability_hurdle"": false, ""payment_history_eligible"": false, ""not_overextended"": true}",delinquency_count | utilization | income_inr | credit_age_months
0.0,0.5613204458372786,0.09966394372932129,6.0,,,undisclosed,give_me_some_credit,345000.0,193700.0,LIQ-000823,Increase 30%,0.3,448500.0,0.04561913184627945,Low,307175.0,384800.0,9108.48693617258,11410.257257391417,16241.073461522195,0.20922477889239544,No reported delinquency in the harmonized source fields,"{""automatic_increases_enabled"": true, ""within_maximum_increase"": true, ""within_account_exposure"": true, ""within_expected_loss_ceiling"": true, ""meets_profitability_hurdle"": true, ""payment_history_eligible"": true, ""not_overextended"": true}",income_inr | credit_age_months
0.0,0.8220904057426032,0.11110941769253348,10.0,2715426.501085606,207.00024757210628,north_america,lending_club_full,679000.0,558200.0,LIQ-000824,No change,0.0,679000.0,0.23910899403039368,High,648800.0,648800.0,100837.04496249763,100837.04496249763,0.0,0.0,No reported delinquency in the harmonized source fields | Expected loss exceeds policy ceiling,"{""automatic_increases_enabled"": true, ""within_maximum_increase"": true, ""within_account_exposure"": true, ""within_expected_loss_ceiling"": false, ""meets_profitability_hurdle"": false, ""payment_history_eligible"": true, ""not_overextended"": true}",
0.0,0.37820698333681446,0.3799844031179611,9.0,,,undisclosed,give_me_some_credit,208000.0,78700.0,LIQ-000825,Increase 30%,0.3,270400.0,0.0293141838421748,Low,175675.0,222475.0,3347.350010208138,4239.087482687096,5465.1906606193625,0.11677757821836245,No reported delinquency in the harmonized source fields,"{""automatic_increases_enabled"": true, ""within_maximum_increase"": true, ""within_account_exposure"": true, ""within_expected_loss_ceiling"": true, ""meets_profitability_hurdle"": true, ""payment_history_eligible"": true, ""not_overextended"": true}",income_inr | credit_age_months
0.0,0.386931644127346,0.18081553855680202,9.0,,,undisclosed,give_me_some_credit,738000.0,285600.0,LIQ-000826,Increase 30%,0.3,959400.0,0.028821185679432506,Low,624900.0,790950.0,11706.733305200294,14817.475928545644,20705.957103527166,0.1246971219724611,No reported delinquency in the harmonized source fields,"{""automatic_increases_enabled"": true, ""within_maximum_increase"": true, ""within_account_exposure"": true, ""within_expected_loss_ceiling"": true, ""meets_profitability_hurdle"": true, ""payment_history_eligible"": true, ""not_overextended"": true}",income_inr | credit_age_months
0.0,0.5177407904227994,,,,,asia,taiwan_credit,789000.0,408500.0,LIQ-000827,Increase 30%,0.3,1025700.0,0.1063014666205821,Moderate,693875.0,871400.0,47943.954598381664,60210.21370856391,26082.96699951902,0.14692559920866932,No reported delinquency in the harmonized source fields,"{""automatic_increases_enabled"": true, ""within_maximum_increase"": true, ""within_account_exposure"": true, ""within_expected_loss_ceiling"": true, ""meets_profitability_hurdle"": true, ""payment_history_eligible"": true, ""not_overextended"": true}",debt_to_income | credit_lines | income_inr | credit_age_months
,,0.656353330388354,9.0,,,europe,south_german_credit,306000.0,66900.0,LIQ-000828,Manual review,0.0,306000.0,0.2299305181263638,High,246225.0,246225.0,36799.51718668155,36799.51718668155,0.0,0.0,Insufficient behavioral history | Manual review required,"{""automatic_increases_enabled"": true, ""within_maximum_increase"": true, ""within_account_exposure"": true, ""within_expected_loss_ceiling"": false, ""meets_profitability_hurdle"": false, ""payment_history_eligible"": false, ""not_overextended"": false}",delinquency_count | utilization | income_inr | credit_age_months
1.0,0.7163262071292171,0.5383637747957336,9.0,,,undisclosed,give_me_some_credit,415000.0,297300.0,LIQ-000829,Manual review,0.0,415000.0,0.15598874921455505,High,385575.0,385575.0,39094.485285961346,39094.485285961346,0.0,0.0,Reported delinquency | Manual review required,"{""automatic_increases_enabled"": true, ""within_maximum_increase"": true, ""within_account_exposure"": true, ""within_expected_loss_ceiling"": true, ""meets_profitability_hurdle"": false, ""payment_history_eligible"": false, ""not_overextended"": true}",income_inr | credit_age_months
1.0,0.283630338656582,,,,,asia,taiwan_credit,762000.0,216100.0,LIQ-000830,Manual review,0.0,762000.0,0.25871039597890605,High,625525.0,625525.0,105189.38328905839,105189.38328905839,0.0,0.0,Reported delinquency | Manual review required,"{""automatic_increases_enabled"": true, ""within_maximum_increase"": true, ""within_account_exposure"": true, ""within_expected_loss_ceiling"": false, ""meets_profitability_hurdle"": false, ""payment_history_eligible"": false, ""not_overextended"": true}",debt_to_income | credit_lines | income_inr | credit_age_months
,,0.18230199592808294,10.0,,,europe,south_german_credit,116000.0,17400.0,LIQ-000831,Manual review,0.0,116000.0,0.19261718872121628,High,91350.0,91350.0,11437.12712329402,11437.12712329402,0.0,0.0,Insufficient behavioral history | Manual review required,"{""automatic_increases_enabled"": true, ""within_maximum_increase"": true, ""within_account_exposure"": true, ""within_expected_loss_ceiling"": false, ""meets_profitability_hurdle"": false, ""payment_history_eligible"": false, ""not_overextended"": true}",delinquency_count | utilization | income_inr | credit_age_months
1.0,1.1143411002608745,,,,,asia,taiwan_credit,262000.0,292000.0,LIQ-000832,Manual review,0.0,262000.0,0.3879815004365861,Very high,262000.0,262000.0,66073.24952435061,66073.24952435061,0.0,0.0,Reported delinquency | Manual review required,"{""automatic_increases_enabled"": true, ""within_maximum_increase"": true, ""within_account_exposure"": true, ""within_expected_loss_ceiling"": false, ""meets_profitability_hurdle"": false, ""payment_history_eligible"": false, ""not_overextended"": false}",debt_to_income | credit_lines | income_inr | credit_age_months
0.0,0.6659093952628693,,,,,asia,taiwan_credit,1299000.0,865000.0,LIQ-000833,Increase 30%,0.3,1688700.0,0.1250928135617184,Moderate,1190500.0,1482775.0,96799.94645439675,120564.92280883505,63497.90746221402,0.2172539815660389,No reported delinquency in the harmonized source fields | High utilization with low estimated risk,"{""automatic_increases_enabled"": true, ""within_maximum_increase"": true, ""within_account_exposure"": true, ""within_expected_loss_ceiling"": true, ""meets_profitability_hurdle"": true, ""payment_history_eligible"": true, ""not_overextended"": true}",debt_to_income | credit_lines | income_inr | credit_age_months
1.0,0.833463508421382,0.056004153732174336,5.0,,,undisclosed,give_me_some_credit,425000.0,354200.0,LIQ-000834,Manual review,0.0,425000.0,0.15179975869497228,High,407300.0,407300.0,40188.227115700436,40188.227115700436,0.0,0.0,Reported delinquency | Manual review required,"{""automatic_increases_enabled"": true, ""within_maximum_increase"": true, ""within_account_exposure"": true, ""within_expected_loss_ceiling"": true, ""meets_profitability_hurdle"": false, ""payment_history_eligible"": false, ""not_overextended"": true}",income_inr | credit_age_months
1.0,0.5765241195334859,0.5652744416009139,8.0,,,undisclosed,give_me_some_credit,168000.0,96900.0,LIQ-000835,Manual review,0.0,168000.0,0.12292912902925779,Moderate,150225.0,150225.0,12003.568465473163,12003.568465473163,0.0,0.0,Reported delinquency | Manual review required,"{""automatic_increases_enabled"": true, ""within_maximum_increase"": true, ""within_account_exposure"": true, ""within_expected_loss_ceiling"": true, ""meets_profitability_hurdle"": false, ""payment_history_eligible"": false, ""not_overextended"": true}",income_inr | credit_age_months
0.0,0.9518167932211054,0.5653059441406778,9.0,644455.9256795802,107.79355641452334,north_america,lending_club_full,161000.0,153200.0,LIQ-000836,No change,0.0,161000.0,0.41117878939040936,Very high,159050.0,159050.0,42508.691194153995,42508.691194153995,0.0,0.0,No reported delinquency in the harmonized source fields | Expected loss exceeds policy ceiling,"{""automatic_increases_enabled"": true, ""within_maximum_increase"": true, ""within_account_exposure"": true, ""within_expected_loss_ceiling"": false, ""meets_profitability_hurdle"": false, ""payment_history_eligible"": true, ""not_overextended"": true}",
2.0,0.889767249930681,,7.0,,223.10363321344656,undisclosed,fico_heloc,680000.0,605000.0,LIQ-000837,Freeze automatic increases,0.0,680000.0,0.7220399112511809,Very high,661250.0,661250.0,310341.7793546482,310341.7793546482,0.0,0.0,Repeated delinquency,"{""automatic_increases_enabled"": true, ""within_maximum_increase"": true, ""within_account_exposure"": true, ""within_expected_loss_ceiling"": false, ""meets_profitability_hurdle"": false, ""payment_history_eligible"": false, ""not_overextended"": true}",debt_to_income | income_inr
0.0,0.5388326169247108,0.24019538432438575,8.0,506170.83111992385,132.3603704975766,north_america,lending_club_full,127000.0,68400.0,LIQ-000838,No change,0.0,127000.0,0.29154245347895796,High,112350.0,112350.0,21290.616521434604,21290.616521434604,0.0,0.0,No reported delinquency in the harmonized source fields | Expected loss exceeds policy ceiling,"{""automatic_increases_enabled"": true, ""within_maximum_increase"": true, ""within_account_exposure"": true, ""within_expected_loss_ceiling"": false, ""meets_profitability_hurdle"": false, ""payment_history_eligible"": true, ""not_overextended"": true}",
1.0,0.9482519380477497,,12.0,,237.73530206984086,undisclosed,fico_heloc,392000.0,371700.0,LIQ-000839,Manual review,0.0,392000.0,0.6734371962828855,Very high,386925.0,386925.0,169370.29666164104,169370.29666164104,0.0,0.0,Reported delinquency | Manual review required,"{""automatic_increases_enabled"": true, ""within_maximum_increase"": true, ""within_account_exposure"": true, ""within_expected_loss_ceiling"": false, ""meets_profitability_hurdle"": false, ""payment_history_eligible"": false, ""not_overextended"": true}",debt_to_income | income_inr
0.0,0.9478525404638245,0.2744571540139887,4.0,456944.8671172788,237.88175280234668,north_america,lending_club_full,114000.0,108100.0,LIQ-000840,No change,0.0,114000.0,0.3281646381056433,Very high,112525.0,112525.0,24002.371836844384,24002.371836844384,0.0,0.0,No reported delinquency in the harmonized source fields | Expected loss exceeds policy ceiling,"{""automatic_increases_enabled"": true, ""within_maximum_increase"": true, ""within_account_exposure"": true, ""within_expected_loss_ceiling"": false, ""meets_profitability_hurdle"": false, ""payment_history_eligible"": true, ""not_overextended"": true}",
1.0,0.2668214898259527,0.5567062034819426,7.0,1563040.232503089,128.73984516171686,north_america,lending_club_full,391000.0,104300.0,LIQ-000841,Manual review,0.0,391000.0,0.37244947739347767,Very high,319325.0,319325.0,77306.07908963697,77306.07908963697,0.0,0.0,Reported delinquency | Manual review required,"{""automatic_increases_enabled"": true, ""within_maximum_increase"": true, ""within_account_exposure"": true, ""within_expected_loss_ceiling"": false, ""meets_profitability_hurdle"": false, ""payment_history_eligible"": false, ""not_overextended"": true}",
,,0.36263514033207606,13.0,,,europe,south_german_credit,369000.0,166700.0,LIQ-000842,Manual review,0.0,369000.0,0.19947349632475808,High,318425.0,318425.0,41286.276243687214,41286.276243687214,0.0,0.0,Insufficient behavioral history | Manual review required,"{""automatic_increases_enabled"": true, ""within_maximum_increase"": true, ""within_account_exposure"": true, ""within_expected_loss_ceiling"": false, ""meets_profitability_hurdle"": false, ""payment_history_eligible"": false, ""not_overextended"": true}",delinquency_count | utilization | income_inr | credit_age_months
,,0.43211438685117093,3.0,,,europe,south_german_credit,320000.0,172800.0,LIQ-000843,Manual review,0.0,320000.0,0.23508040447375156,High,283200.0,283200.0,43273.60085552819,43273.60085552819,0.0,0.0,Insufficient behavioral history | Manual review required,"{""automatic_increases_enabled"": true, ""within_maximum_increase"": true, ""within_account_exposure"": true, ""within_expected_loss_ceiling"": false, ""meets_profitability_hurdle"": false, ""payment_history_eligible"": false, ""not_overextended"": true}",delinquency_count | utilization | income_inr | credit_age_months
0.0,0.6596272487396684,,,,,asia,taiwan_credit,345000.0,227600.0,LIQ-000844,Increase 30%,0.3,448500.0,0.1250928135617184,Moderate,315650.0,393275.0,25665.60529049167,31977.319564765123,16461.7922634128,0.2120681773064451,No reported delinquency in the harmonized source fields | High utilization with low estimated risk,"{""automatic_increases_enabled"": true, ""within_maximum_increase"": true, ""within_account_exposure"": true, ""within_expected_loss_ceiling"": true, ""meets_profitability_hurdle"": true, ""payment_history_eligible"": true, ""not_overextended"": true}",debt_to_income | credit_lines | income_inr | credit_age_months
0.0,0.25434145286922777,,8.0,,121.43174194285815,undisclosed,fico_heloc,279000.0,71000.0,LIQ-000845,No change,0.0,279000.0,0.5735784582608275,Very high,227000.0,227000.0,84631.5015163851,84631.5015163851,0.0,0.0,No reported delinquency in the harmonized source fields | Expected loss exceeds policy ceiling | Incremental return below profitability hurdle,"{""automatic_increases_enabled"": true, ""within_maximum_increase"": true, ""within_account_exposure"": true, ""within_expected_loss_ceiling"": false, ""meets_profitability_hurdle"": false, ""payment_history_eligible"": true, ""not_overextended"": true}",debt_to_income | income_inr
,,0.2600771863665499,8.0,,,europe,south_german_credit,180000.0,110700.0,LIQ-000846,Manual review,0.0,180000.0,0.21718614777046455,High,162675.0,162675.0,22964.99178256421,22964.99178256421,0.0,0.0,Insufficient behavioral history | Manual review required,"{""automatic_increases_enabled"": true, ""within_maximum_increase"": true, ""within_account_exposure"": true, ""within_expected_loss_ceiling"": false, ""meets_profitability_hurdle"": false, ""payment_history_eligible"": false, ""not_overextended"": true}",delinquency_count | utilization | income_inr | credit_age_months
0.0,0.3616144563551849,0.263045274515234,10.0,,,undisclosed,give_me_some_credit,136000.0,49200.0,LIQ-000847,Increase 30%,0.3,176800.0,0.028151502425021294,Low,114300.0,144900.0,2091.5158726669574,2651.4492559006308,3252.7256876277515,0.10629822508587423,No reported delinquency in the harmonized source fields,"{""automatic_increases_enabled"": true, ""within_maximum_increase"": true, ""within_account_exposure"": true, ""within_expected_loss_ceiling"": true, ""meets_profitability_hurdle"": true, ""payment_history_eligible"": true, ""not_overextended"": true}",income_inr | credit_age_months
,,0.2880825137923737,,,,undisclosed,home_credit,223000.0,126800.0,LIQ-000848,Manual review,0.0,223000.0,0.08215167347213541,Moderate,198950.0,198950.0,10623.64903423287,10623.64903423287,0.0,0.0,Insufficient behavioral history | Manual review required,"{""automatic_increases_enabled"": true, ""within_maximum_increase"": true, ""within_account_exposure"": true, ""within_expected_loss_ceiling"": true, ""meets_profitability_hurdle"": false, ""payment_history_eligible"": false, ""not_overextended"": true}",delinquency_count | utilization | credit_lines | income_inr | credit_age_months
,,0.12829196661366576,7.0,,,europe,south_german_credit,612000.0,85500.0,LIQ-000849,Manual review,0.0,612000.0,0.21517026206605683,High,480375.0,480375.0,67185.56951598833,67185.56951598833,0.0,0.0,Insufficient behavioral history | Manual review required,"{""automatic_increases_enabled"": true, ""within_maximum_increase"": true, ""within_account_exposure"": true, ""within_expected_loss_ceiling"": false, ""meets_profitability_hurdle"": false, ""payment_history_eligible"": false, ""not_overextended"": true}",delinquency_count | utilization | income_inr | credit_age_months
,,0.31671331546533743,,,,undisclosed,home_credit,407000.0,202900.0,LIQ-000850,Manual review,0.0,407000.0,0.08185639307500543,Moderate,355975.0,355975.0,18940.23919116879,18940.23919116879,0.0,0.0,Insufficient behavioral history | Manual review required,"{""automatic_increases_enabled"": true, ""within_maximum_increase"": true, ""within_account_exposure"": true, ""within_expected_loss_ceiling"": true, ""meets_profitability_hurdle"": false, ""payment_history_eligible"": false, ""not_overextended"": true}",delinquency_count | utilization | credit_lines | income_inr | credit_age_months
,,0.23479012704125765,6.0,,,europe,south_german_credit,335000.0,70800.0,LIQ-000851,Manual review,0.0,335000.0,0.22203899781520894,High,268950.0,268950.0,38816.30250056029,38816.30250056029,0.0,0.0,Insufficient behavioral history | Manual review required,"{""automatic_increases_enabled"": true, ""within_maximum_increase"": true, ""within_account_exposure"": true, ""within_expected_loss_ceiling"": false, ""meets_profitability_hurdle"": false, ""payment_history_eligible"": false, ""not_overextended"": true}",delinquency_count | utilization | income_inr | credit_age_months
,,0.28001930400782654,,,,undisclosed,home_credit,178000.0,35000.0,LIQ-000852,Manual review,0.0,178000.0,0.0822952082090523,Moderate,142250.0,142250.0,7609.220689029498,7609.220689029498,0.0,0.0,Insufficient behavioral history | Manual review required,"{""automatic_increases_enabled"": true, ""within_maximum_increase"": true, ""within_account_exposure"": true, ""within_expected_loss_ceiling"": true, ""meets_profitability_hurdle"": false, ""payment_history_eligible"": false, ""not_overextended"": true}",delinquency_count | utilization | credit_lines | income_inr | credit_age_months
0.0,0.32386457996632184,,9.0,,104.64879648193869,undisclosed,fico_heloc,274000.0,88700.0,LIQ-000853,No change,0.0,274000.0,0.6210065053482903,Very high,227675.0,227675.0,91901.9764683618,91901.9764683618,0.0,0.0,No reported delinquency in the harmonized source fields | Expected loss exceeds policy ceiling | Incremental return below profitability hurdle,"{""automatic_increases_enabled"": true, ""within_maximum_increase"": true, ""within_account_exposure"": true, ""within_expected_loss_ceiling"": false, ""meets_profitability_hurdle"": false, ""payment_history_eligible"": true, ""not_overextended"": true}",debt_to_income | income_inr
0.0,0.6416685955575446,,,,,asia,taiwan_credit,565000.0,362500.0,LIQ-000854,Increase 30%,0.3,734500.0,0.12377322456871219,Moderate,514375.0,641500.0,41382.804051895364,51610.340314538764,25917.29718192078,0.20387254420389994,No reported delinquency in the harmonized source fields,"{""automatic_increases_enabled"": true, ""within_maximum_increase"": true, ""within_account_exposure"": true, ""within_expected_loss_ceiling"": true, ""meets_profitability_hurdle"": true, ""payment_history_eligible"": true, ""not_overextended"": true}",debt_to_income | credit_lines | income_inr | credit_age_months
,,0.1584663673712605,9.0,,,europe,south_german_credit,486000.0,96000.0,LIQ-000855,Manual review,0.0,486000.0,0.21084899814272187,High,388500.0,388500.0,53244.64325599084,53244.64325599084,0.0,0.0,Insufficient behavioral history | Manual review required,"{""automatic_increases_enabled"": true, ""within_maximum_increase"": true, ""within_account_exposure"": true, ""within_expected_loss_ceiling"": false, ""meets_profitability_hurdle"": false, ""payment_history_eligible"": false, ""not_overextended"": true}",delinquency_count | utilization | income_inr | credit_age_months
,,0.17564069261339355,,,,undisclosed,home_credit,257000.0,20700.0,LIQ-000856,Manual review,0.0,257000.0,0.0811639070073911,Moderate,197925.0,197925.0,10441.838091384625,10441.838091384625,0.0,0.0,Insufficient behavioral history | Manual review required,"{""automatic_increases_enabled"": true, ""within_maximum_increase"": true, ""within_account_exposure"": true, ""within_expected_loss_ceiling"": true, ""meets_profitability_hurdle"": false, ""payment_history_eligible"": false, ""not_overextended"": true}",delinquency_count | utilization | credit_lines | income_inr | credit_age_months
0.0,0.585260566099589,0.18652781871514074,12.0,1799887.861975714,215.13412206373684,north_america,lending_club_full,450000.0,263400.0,LIQ-000857,No change,0.0,450000.0,0.2700049686317871,High,403350.0,403350.0,70789.22766346036,70789.22766346036,0.0,0.0,No reported delinquency in the harmonized source fields | Expected loss exceeds policy ceiling,"{""automatic_increases_enabled"": true, ""within_maximum_increase"": true, ""within_account_exposure"": true, ""within_expected_loss_ceiling"": false, ""meets_profitability_hurdle"": false, ""payment_history_eligible"": true, ""not_overextended"": true}",
,,0.21035004396584944,11.0,,,europe,south_german_credit,226000.0,120400.0,LIQ-000858,Manual review,0.0,226000.0,0.1945113712740556,High,199600.0,199600.0,25235.90530909597,25235.90530909597,0.0,0.0,Insufficient behavioral history | Manual review required,"{""automatic_increases_enabled"": true, ""within_maximum_increase"": true, ""within_account_exposure"": true, ""within_expected_loss_ceiling"": false, ""meets_profitability_hurdle"": false, ""payment_history_eligible"": false, ""not_overextended"": true}",delinquency_count | utilization | income_inr | credit_age_months
1.0,0.7065281727525665,0.031260965882279806,7.0,515625.7898046593,208.47786288197847,north_america,lending_club_full,129000.0,91100.0,LIQ-000859,Manual review,0.0,129000.0,0.24400146556669924,High,119525.0,119525.0,18956.778861708823,18956.778861708823,0.0,0.0,Reported delinquency | Manual review required,"{""automatic_increases_enabled"": true, ""within_maximum_increase"": true, ""within_account_exposure"": true, ""within_expected_loss_ceiling"": false, ""meets_profitability_hurdle"": false, ""payment_history_eligible"": false, ""not_overextended"": true}",
0.0,0.5558762239397533,0.35331162647737174,8.0,1105783.97759741,175.63746311731015,north_america,lending_club_full,276000.0,153400.0,LIQ-000860,No change,0.0,276000.0,0.3443070626398342,Very high,245350.0,245350.0,54909.22958214416,54909.22958214416,0.0,0.0,No reported delinquency in the harmonized source fields | Expected loss exceeds policy ceiling,"{""automatic_increases_enabled"": true, ""within_maximum_increase"": true, ""within_account_exposure"": true, ""within_expected_loss_ceiling"": false, ""meets_profitability_hurdle"": false, ""payment_history_eligible"": true, ""not_overextended"": true}",
2.0,0.9547083673495678,,7.0,,163.91194686507103,undisclosed,fico_heloc,268000.0,255900.0,LIQ-000861,Freeze automatic increases,0.0,268000.0,0.7604099235666547,Very high,264975.0,264975.0,130968.25267309831,130968.25267309831,0.0,0.0,Repeated delinquency,"{""automatic_increases_enabled"": true, ""within_maximum_increase"": true, ""within_account_exposure"": true, ""within_expected_loss_ceiling"": false, ""meets_profitability_hurdle"": false, ""payment_history_eligible"": false, ""not_overextended"": true}",debt_to_income | income_inr
0.0,0.40019775263495083,0.2658021636489297,9.0,,,undisclosed,give_me_some_credit,595000.0,238100.0,LIQ-000862,Increase 30%,0.3,773500.0,0.02903463512822091,Low,505775.0,639650.0,9545.245178284356,12071.802833848229,17624.989604327962,0.13165258341234706,No reported delinquency in the harmonized source fields,"{""automatic_increases_enabled"": true, ""within_maximum_increase"": true, ""within_account_exposure"": true, ""within_expected_loss_ceiling"": true, ""meets_profitability_hurdle"": true, ""payment_history_eligible"": true, ""not_overextended"": true}",income_inr | credit_age_months
0.0,0.9764841625395065,,,,,asia,taiwan_credit,342000.0,334000.0,LIQ-000863,Increase 30%,0.3,444600.0,0.14702484215954204,Moderate,340000.0,416950.0,32492.490117258792,39846.30515997369,28737.553934115997,0.3734574910216504,No reported delinquency in the harmonized source fields | High utilization with low estimated risk,"{""automatic_increases_enabled"": true, ""within_maximum_increase"": true, ""within_account_exposure"": true, ""within_expected_loss_ceiling"": true, ""meets_profitability_hurdle"": true, ""payment_history_eligible"": true, ""not_overextended"": true}",debt_to_income | credit_lines | income_inr | credit_age_months
0.0,0.5502299051143414,,10.0,,77.69088760205747,undisclosed,fico_heloc,666000.0,366500.0,LIQ-000864,No change,0.0,666000.0,0.7510091362294853,Very high,591125.0,591125.0,288561.17917487543,288561.17917487543,0.0,0.0,No reported delinquency in the harmonized source fields | Expected loss exceeds policy ceiling | Incremental return below profitability hurdle,"{""automatic_increases_enabled"": true, ""within_maximum_increase"": true, ""within_account_exposure"": true, ""within_expected_loss_ceiling"": false, ""meets_profitability_hurdle"": false, ""payment_history_eligible"": true, ""not_overextended"": true}",debt_to_income | income_inr
,,0.028119579769240052,,,,undisclosed,home_credit,131000.0,19800.0,LIQ-000865,Manual review,0.0,131000.0,0.07007945771929815,Moderate,103200.0,103200.0,4700.93002381052,4700.93002381052,0.0,0.0,Insufficient behavioral history | Manual review required,"{""automatic_increases_enabled"": true, ""within_maximum_increase"": true, ""within_account_exposure"": true, ""within_expected_loss_ceiling"": true, ""meets_profitability_hurdle"": false, ""payment_history_eligible"": false, ""not_overextended"": true}",delinquency_count | utilization | credit_lines | income_inr | credit_age_months
1.0,0.5445992321224377,0.332316147898867,4.0,1361497.6067465064,126.98384481299874,north_america,lending_club_full,340000.0,185200.0,LIQ-000866,Manual review,0.0,340000.0,0.339283962713135,Very high,301300.0,301300.0,66447.06767755392,66447.06767755392,0.0,0.0,Reported delinquency | Manual review required,"{""automatic_increases_enabled"": true, ""within_maximum_increase"": true, ""within_account_exposure"": true, ""within_expected_loss_ceiling"": false, ""meets_profitability_hurdle"": false, ""payment_history_eligible"": false, ""not_overextended"": true}",
0.0,0.7718864814525953,0.27269932909063416,3.0,,,undisclosed,give_me_some_credit,99000.0,76400.0,LIQ-000867,Increase 30%,0.3,128700.0,0.06000061658514222,Moderate,93350.0,115625.0,3640.6874128449667,4509.421340227094,6924.242922561149,0.3108526564561683,No reported delinquency in the harmonized source fields | High utilization with low estimated risk,"{""automatic_increases_enabled"": true, ""within_maximum_increase"": true, ""within_account_exposure"": true, ""within_expected_loss_ceiling"": true, ""meets_profitability_hurdle"": true, ""payment_history_eligible"": true, ""not_overextended"": true}",income_inr | credit_age_months
0.0,0.7872050062139778,0.4274815087088934,10.0,914507.4959072757,133.95170136522663,north_america,lending_club_full,229000.0,180300.0,LIQ-000868,No change,0.0,229000.0,0.3892025329411383,Very high,216825.0,216825.0,54852.74548322551,54852.74548322551,0.0,0.0,No reported delinquency in the harmonized source fields | Expected loss exceeds policy ceiling,"{""automatic_increases_enabled"": true, ""within_maximum_increase"": true, ""within_account_exposure"": true, ""within_expected_loss_ceiling"": false, ""meets_profitability_hurdle"": false, ""payment_history_eligible"": true, ""not_overextended"": true}",
,,0.6050991492349633,8.0,,,europe,south_german_credit,177000.0,96700.0,LIQ-000869,Manual review,0.0,177000.0,0.22746003142105609,High,156925.0,156925.0,23201.207529987,23201.207529987,0.0,0.0,Insufficient behavioral history | Manual review required,"{""automatic_increases_enabled"": true, ""within_maximum_increase"": true, ""within_account_exposure"": true, ""within_expected_loss_ceiling"": false, ""meets_profitability_hurdle"": false, ""payment_history_eligible"": false, ""not_overextended"": false}",delinquency_count | utilization | income_inr | credit_age_months
,,0.3329106405438167,9.0,,,europe,south_german_credit,805000.0,484800.0,LIQ-000870,Manual review,0.0,805000.0,0.21855476560278386,High,724950.0,724950.0,102986.83026042981,102986.83026042981,0.0,0.0,Insufficient behavioral history | Manual review required,"{""automatic_increases_enabled"": true, ""within_maximum_increase"": true, ""within_account_exposure"": true, ""within_expected_loss_ceiling"": false, ""meets_profitability_hurdle"": false, ""payment_history_eligible"": false, ""not_overextended"": true}",delinquency_count | utilization | income_inr | credit_age_months
0.0,0.27227117437088877,0.4631613836052388,10.0,644873.6753659352,236.8636415912115,north_america,lending_club_full,161000.0,43800.0,LIQ-000871,No change,0.0,161000.0,0.3417082594535518,Very high,131700.0,131700.0,29251.935550521303,29251.935550521303,0.0,0.0,No reported delinquency in the harmonized source fields | Expected loss exceeds policy ceiling | Incremental return below profitability hurdle,"{""automatic_increases_enabled"": true, ""within_maximum_increase"": true, ""within_account_exposure"": true, ""within_expected_loss_ceiling"": false, ""meets_profitability_hurdle"": false, ""payment_history_eligible"": true, ""not_overextended"": true}",
,,0.26443438166241723,,,,undisclosed,home_credit,677000.0,190800.0,LIQ-000872,Manual review,0.0,677000.0,0.0822952082090523,Moderate,555450.0,555450.0,29712.067709816765,29712.067709816765,0.0,0.0,Insufficient behavioral history | Manual review required,"{""automatic_increases_enabled"": true, ""within_maximum_increase"": true, ""within_account_exposure"": true, ""within_expected_loss_ceiling"": true, ""meets_profitability_hurdle"": false, ""payment_history_eligible"": false, ""not_overextended"": true}",delinquency_count | utilization | credit_lines | income_inr | credit_age_months
,,0.20066000869074618,10.0,,,europe,south_german_credit,265000.0,85600.0,LIQ-000873,Manual review,0.0,265000.0,0.19383615673625035,High,220150.0,220150.0,27737.469438565586,27737.469438565586,0.0,0.0,Insufficient behavioral history | Manual review required,"{""automatic_increases_enabled"": true, ""within_maximum_increase"": true, ""within_account_exposure"": true, ""within_expected_loss_ceiling"": false, ""meets_profitability_hurdle"": false, ""payment_history_eligible"": false, ""not_overextended"": true}",delinquency_count | utilization | income_inr | credit_age_months
1.0,0.09749590989495201,,7.0,,89.77335432797742,undisclosed,fico_heloc,180000.0,17500.0,LIQ-000874,Manual review,0.0,180000.0,0.6258571225668912,Very high,139375.0,139375.0,56698.7436975443,56698.7436975443,0.0,0.0,Reported delinquency | Manual review required,"{""automatic_increases_enabled"": true, ""within_maximum_increase"": true, ""within_account_exposure"": true, ""within_expected_loss_ceiling"": false, ""meets_profitability_hurdle"": false, ""payment_history_eligible"": false, ""not_overextended"": true}",debt_to_income | income_inr
,,0.2633454653805759,,,,undisclosed,home_credit,177000.0,44100.0,LIQ-000875,Manual review,0.0,177000.0,0.0822952082090523,Moderate,143775.0,143775.0,7690.795814166721,7690.795814166721,0.0,0.0,Insufficient behavioral history | Manual review required,"{""automatic_increases_enabled"": true, ""within_maximum_increase"": true, ""within_account_exposure"": true, ""within_expected_loss_ceiling"": true, ""meets_profitability_hurdle"": false, ""payment_history_eligible"": false, ""not_overextended"": true}",delinquency_count | utilization | credit_lines | income_inr | credit_age_months
,,0.18422247446113596,8.0,,,europe,south_german_credit,416000.0,236200.0,LIQ-000876,Manual review,0.0,416000.0,0.21129751272196237,High,371050.0,371050.0,50961.2623620647,50961.2623620647,0.0,0.0,Insufficient behavioral history | Manual review required,"{""automatic_increases_enabled"": true, ""within_maximum_increase"": true, ""within_account_exposure"": true, ""within_expected_loss_ceiling"": false, ""meets_profitability_hurdle"": false, ""payment_history_eligible"": false, ""not_overextended"": true}",delinquency_count | utilization | income_inr | credit_age_months
,,0.2116039650844409,8.0,,,europe,south_german_credit,1135000.0,667000.0,LIQ-000877,Manual review,0.0,1135000.0,0.21363458503941868,High,1018000.0,1018000.0,141362.00492058333,141362.00492058333,0.0,0.0,Insufficient behavioral history | Manual review required,"{""automatic_increases_enabled"": true, ""within_maximum_increase"": true, ""within_account_exposure"": true, ""within_expected_loss_ceiling"": false, ""meets_profitability_hurdle"": false, ""payment_history_eligible"": false, ""not_overextended"": true}",delinquency_count | utilization | income_inr | credit_age_months
0.0,0.254516932936782,,,,,asia,taiwan_credit,458000.0,116600.0,LIQ-000878,Increase 30%,0.3,595400.0,0.08153716454782738,Moderate,372650.0,475700.0,19750.135839686118,25211.698964010964,1685.723409931812,0.01635830577323447,No reported delinquency in the harmonized source fields,"{""automatic_increases_enabled"": true, ""within_maximum_increase"": true, ""within_account_exposure"": true, ""within_expected_loss_ceiling"": true, ""meets_profitability_hurdle"": true, ""payment_history_eligible"": true, ""not_overextended"": true}",debt_to_income | credit_lines | income_inr | credit_age_months
1.0,0.9869882232388989,0.39449004745119204,8.0,1354649.9423608186,104.91477315185212,north_america,lending_club_full,339000.0,334600.0,LIQ-000879,Manual review,0.0,339000.0,0.3665599375244697,Very high,337900.0,337900.0,80509.3918781869,80509.3918781869,0.0,0.0,Reported delinquency | Manual review required,"{""automatic_increases_enabled"": true, ""within_maximum_increase"": true, ""within_account_exposure"": true, ""within_expected_loss_ceiling"": false, ""meets_profitability_hurdle"": false, ""payment_history_eligible"": false, ""not_overextended"": true}",
,,0.1505952571686299,8.0,,,europe,south_german_credit,310000.0,209700.0,LIQ-000880,Manual review,0.0,310000.0,0.21483429202017112,High,284925.0,284925.0,39787.579425000724,39787.579425000724,0.0,0.0,Insufficient behavioral history | Manual review required,"{""automatic_increases_enabled"": true, ""within_maximum_increase"": true, ""within_account_exposure"": true, ""within_expected_loss_ceiling"": false, ""meets_profitability_hurdle"": false, ""payment_history_eligible"": false, ""not_overextended"": true}",delinquency_count | utilization | income_inr | credit_age_months
,,0.4163528543384973,,,,undisclosed,home_credit,343000.0,126900.0,LIQ-000881,Manual review,0.0,343000.0,0.0814213387076708,Moderate,288975.0,288975.0,15293.675379481963,15293.675379481963,0.0,0.0,Insufficient behavioral history | Manual review required,"{""automatic_increases_enabled"": true, ""within_maximum_increase"": true, ""within_account_exposure"": true, ""within_expected_loss_ceiling"": true, ""meets_profitability_hurdle"": false, ""payment_history_eligible"": false, ""not_overextended"": true}",delinquency_count | utilization | credit_lines | income_inr | credit_age_months
0.0,0.3952047610036577,,9.0,,140.70740752663838,undisclosed,fico_heloc,1307000.0,516500.0,LIQ-000882,No change,0.0,1307000.0,0.5612989083353436,Very high,1109375.0,1109375.0,404749.13468243915,404749.13468243915,0.0,0.0,No reported delinquency in the harmonized source fields | Expected loss exceeds policy ceiling | Incremental return below profitability hurdle,"{""automatic_increases_enabled"": true, ""within_maximum_increase"": true, ""within_account_exposure"": true, ""within_expected_loss_ceiling"": false, ""meets_profitability_hurdle"": false, ""payment_history_eligible"": true, ""not_overextended"": true}",debt_to_income | income_inr
0.0,0.3819973920714225,,,,,asia,taiwan_credit,780000.0,298000.0,LIQ-000883,Increase 30%,0.3,1014000.0,0.09290775177630602,Moderate,659500.0,835000.0,39827.23049270798,50425.68227659009,14103.824871969511,0.08036367448415675,No reported delinquency in the harmonized source fields,"{""automatic_increases_enabled"": true, ""within_maximum_increase"": true, ""within_account_exposure"": true, ""within_expected_loss_ceiling"": true, ""meets_profitability_hurdle"": true, ""payment_history_eligible"": true, ""not_overextended"": true}",debt_to_income | credit_lines | income_inr | credit_age_months
0.0,0.8605918764832178,0.4983097996909912,10.0,,,undisclosed,give_me_some_credit,414000.0,356300.0,LIQ-000884,Increase 30%,0.3,538200.0,0.08202334340153307,Moderate,399575.0,492725.0,21303.410335783927,26269.71872038825,32776.18711381754,0.35186459596154096,No reported delinquency in the harmonized source fields | High utilization with low estimated risk,"{""automatic_increases_enabled"": true, ""within_maximum_increase"": true, ""within_account_exposure"": true, ""within_expected_loss_ceiling"": true, ""meets_profitability_hurdle"": true, ""payment_history_eligible"": true, ""not_overextended"": true}",income_inr | credit_age_months
0.0,0.8406464966853419,,,,,asia,taiwan_credit,376000.0,316100.0,LIQ-000885,Increase 30%,0.3,488800.0,0.13769992392818073,Moderate,361025.0,445625.0,32313.524773511443,39885.6435903221,25754.08492588445,0.30442180763456794,No reported delinquency in the harmonized source fields | High utilization with low estimated risk,"{""automatic_increases_enabled"": true, ""within_maximum_increase"": true, ""within_account_exposure"": true, ""within_expected_loss_ceiling"": true, ""meets_profitability_hurdle"": true, ""payment_history_eligible"": true, ""not_overextended"": true}",debt_to_income | credit_lines | income_inr | credit_age_months
0.0,0.1593285662087798,0.1159037557186246,11.0,,,undisclosed,give_me_some_credit,425000.0,67700.0,LIQ-000886,Increase 30%,0.3,552500.0,0.013218864243489281,Low,335675.0,431300.0,2884.2074657066223,3705.842496341003,751.3392426409737,0.007857142406702993,No reported delinquency in the harmonized source fields | Low utilization provides no evidence of additional need,"{""automatic_increases_enabled"": true, ""within_maximum_increase"": true, ""within_account_exposure"": true, ""within_expected_loss_ceiling"": true, ""meets_profitability_hurdle"": true, ""payment_history_eligible"": true, ""not_overextended"": true}",income_inr | credit_age_months
1.0,0.7648591053426476,0.23181945816717545,4.0,,,undisclosed,give_me_some_credit,483000.0,369400.0,LIQ-000887,Manual review,0.0,483000.0,0.1610288514069074,High,454600.0,454600.0,47582.41530222707,47582.41530222707,0.0,0.0,Reported delinquency | Manual review required,"{""automatic_increases_enabled"": true, ""within_maximum_increase"": true, ""within_account_exposure"": true, ""within_expected_loss_ceiling"": true, ""meets_profitability_hurdle"": false, ""payment_history_eligible"": false, ""not_overextended"": true}",income_inr | credit_age_months
0.0,0.3411400405627454,0.1299995075662813,7.0,,,undisclosed,give_me_some_credit,268000.0,91400.0,LIQ-000888,Increase 30%,0.3,348400.0,0.0242982436306089,Low,223850.0,284150.0,3535.4551938626714,4487.824852964387,6051.0510617238415,0.10034910550122457,No reported delinquency in the harmonized source fields,"{""automatic_increases_enabled"": true, ""within_maximum_increase"": true, ""within_account_exposure"": true, ""within_expected_loss_ceiling"": true, ""meets_profitability_hurdle"": true, ""payment_history_eligible"": true, ""not_overextended"": true}",income_inr | credit_age_months
2.0,1.1129129459852338,0.16762588838543993,7.0,1117730.108470103,121.87506266038156,north_america,lending_club_full,279000.0,310500.0,LIQ-000889,Freeze automatic increases,0.0,279000.0,0.34258033411352523,Very high,279000.0,279000.0,62126.943591487805,62126.943591487805,0.0,0.0,Repeated delinquency,"{""automatic_increases_enabled"": true, ""within_maximum_increase"": true, ""within_account_exposure"": true, ""within_expected_loss_ceiling"": false, ""meets_profitability_hurdle"": false, ""payment_history_eligible"": false, ""not_overextended"": false}",
,,0.15101181910974565,,,,undisclosed,home_credit,685000.0,175400.0,LIQ-000890,Manual review,0.0,685000.0,0.07856184138633404,Moderate,557600.0,557600.0,28473.953792062908,28473.953792062908,0.0,0.0,Insufficient behavioral history | Manual review required,"{""automatic_increases_enabled"": true, ""within_maximum_increase"": true, ""within_account_exposure"": true, ""within_expected_loss_ceiling"": true, ""meets_profitability_hurdle"": false, ""payment_history_eligible"": false, ""not_overextended"": true}",delinquency_count | utilization | credit_lines | income_inr | credit_age_months
,,0.40527552058860683,,,,undisclosed,home_credit,355000.0,123200.0,LIQ-000891,Manual review,0.0,355000.0,0.0814213387076708,Moderate,297050.0,297050.0,15721.03563102385,15721.03563102385,0.0,0.0,Insufficient behavioral history | Manual review required,"{""automatic_increases_enabled"": true, ""within_maximum_increase"": true, ""within_account_exposure"": true, ""within_expected_loss_ceiling"": true, ""meets_profitability_hurdle"": false, ""payment_history_eligible"": false, ""not_overextended"": true}",delinquency_count | utilization | credit_lines | income_inr | credit_age_months
0.0,0.5070239217410563,,,,,asia,taiwan_credit,648000.0,328600.0,LIQ-000892,Increase 30%,0.3,842400.0,0.1063014666205821,Moderate,568150.0,713950.0,39256.86586931442,49331.05586094698,20523.324279058055,0.14076354100862865,No reported delinquency in the harmonized source fields,"{""automatic_increases_enabled"": true, ""within_maximum_increase"": true, ""within_account_exposure"": true, ""within_expected_loss_ceiling"": true, ""meets_profitability_hurdle"": true, ""payment_history_eligible"": true, ""not_overextended"": true}",debt_to_income | credit_lines | income_inr | credit_age_months
0.0,0.06673825509427093,,,,,asia,taiwan_credit,1020000.0,68100.0,LIQ-000893,No change,0.0,1020000.0,0.08875769772995508,Moderate,782025.0,782025.0,45116.98006872428,45116.98006872428,0.0,0.0,No reported delinquency in the harmonized source fields | Low utilization provides no evidence of additional need | Incremental return below profitability hurdle,"{""automatic_increases_enabled"": true, ""within_maximum_increase"": true, ""within_account_exposure"": true, ""within_expected_loss_ceiling"": true, ""meets_profitability_hurdle"": false, ""payment_history_eligible"": true, ""not_overextended"": true}",debt_to_income | credit_lines | income_inr | credit_age_months
0.0,0.85403387290547,,10.0,,236.95843581734331,undisclosed,fico_heloc,491000.0,419300.0,LIQ-000894,No change,0.0,491000.0,0.62299834526577,Very high,473075.0,473075.0,191571.2124212927,191571.2124212927,0.0,0.0,No reported delinquency in the harmonized source fields | Expected loss exceeds policy ceiling | Incremental return below profitability hurdle,"{""automatic_increases_enabled"": true, ""within_maximum_increase"": true, ""within_account_exposure"": true, ""within_expected_loss_ceiling"": false, ""meets_profitability_hurdle"": false, ""payment_history_eligible"": true, ""not_overextended"": true}",debt_to_income | income_inr
0.0,0.7275020766006026,,4.0,,113.71095776955782,undisclosed,fico_heloc,442000.0,321600.0,LIQ-000895,No change,0.0,442000.0,0.737556767405316,Very high,411900.0,411900.0,197469.76112126227,197469.76112126227,0.0,0.0,No reported delinquency in the harmonized source fields | Expected loss exceeds policy ceiling | Incremental return below profitability hurdle,"{""automatic_increases_enabled"": true, ""within_maximum_increase"": true, ""within_account_exposure"": true, ""within_expected_loss_ceiling"": false, ""meets_profitability_hurdle"": false, ""payment_history_eligible"": true, ""not_overextended"": true}",debt_to_income | income_inr
0.0,1.1094887799853992,,,,,asia,taiwan_credit,2500000.0,2773700.0,LIQ-000896,Manual review,0.0,2500000.0,0.17473900207688672,High,2500000.0,2500000.0,283950.87837494095,283950.87837494095,0.0,0.0,Customer-overextension safeguard | Manual review required,"{""automatic_increases_enabled"": true, ""within_maximum_increase"": true, ""within_account_exposure"": true, ""within_expected_loss_ceiling"": true, ""meets_profitability_hurdle"": false, ""payment_history_eligible"": true, ""not_overextended"": false}",debt_to_income | credit_lines | income_inr | credit_age_months
,,0.3186425958353328,9.0,,,europe,south_german_credit,400000.0,233500.0,LIQ-000897,Manual review,0.0,400000.0,0.21887656508791684,High,358375.0,358375.0,50985.92785869843,50985.92785869843,0.0,0.0,Insufficient behavioral history | Manual review required,"{""automatic_increases_enabled"": true, ""within_maximum_increase"": true, ""within_account_exposure"": true, ""within_expected_loss_ceiling"": false, ""meets_profitability_hurdle"": false, ""payment_history_eligible"": false, ""not_overextended"": true}",delinquency_count | utilization | income_inr | credit_age_months
,,0.14361748590664358,5.0,,,europe,south_german_credit,172000.0,92600.0,LIQ-000898,Manual review,0.0,172000.0,0.22246954634747498,High,152150.0,152150.0,22001.681959899408,22001.681959899408,0.0,0.0,Insufficient behavioral history | Manual review required,"{""automatic_increases_enabled"": true, ""within_maximum_increase"": true, ""within_account_exposure"": true, ""within_expected_loss_ceiling"": false, ""meets_profitability_hurdle"": false, ""payment_history_eligible"": false, ""not_overextended"": true}",delinquency_count | utilization | income_inr | credit_age_months
,,0.29345940630775363,,,,undisclosed,home_credit,292000.0,138800.0,LIQ-000899,Manual review,0.0,292000.0,0.08215167347213541,Moderate,253700.0,253700.0,13547.221713922489,13547.221713922489,0.0,0.0,Insufficient behavioral history | Manual review required,"{""automatic_increases_enabled"": true, ""within_maximum_increase"": true, ""within_account_exposure"": true, ""within_expected_loss_ceiling"": true, ""meets_profitability_hurdle"": false, ""payment_history_eligible"": false, ""not_overextended"": true}",delinquency_count | utilization | credit_lines | income_inr | credit_age_months
,,0.15491955797962983,5.0,,,europe,south_german_credit,960000.0,440700.0,LIQ-000900,Manual review,0.0,960000.0,0.22260743115319545,High,830175.0,830175.0,120122.03070244263,120122.03070244263,0.0,0.0,Insufficient behavioral history | Manual review required,"{""automatic_increases_enabled"": true, ""within_maximum_increase"": true, ""within_account_exposure"": true, ""within_expected_loss_ceiling"": false, ""meets_profitability_hurdle"": false, ""payment_history_eligible"": false, ""not_overextended"": true}",delinquency_count | utilization | income_inr | credit_age_months
,,0.3849899593575623,5.0,,,europe,south_german_credit,151000.0,27100.0,LIQ-000901,Manual review,0.0,151000.0,0.22792680677453478,High,120025.0,120025.0,17781.9947390238,17781.9947390238,0.0,0.0,Insufficient behavioral history | Manual review required,"{""automatic_increases_enabled"": true, ""within_maximum_increase"": true, ""within_account_exposure"": true, ""within_expected_loss_ceiling"": false, ""meets_profitability_hurdle"": false, ""payment_history_eligible"": false, ""not_overextended"": true}",delinquency_count | utilization | income_inr | credit_age_months
,,0.1840239029603452,5.0,,,europe,south_german_credit,215000.0,93500.0,LIQ-000902,Manual review,0.0,215000.0,0.220191064998958,High,184625.0,184625.0,26424.303994031205,26424.303994031205,0.0,0.0,Insufficient behavioral history | Manual review required,"{""automatic_increases_enabled"": true, ""within_maximum_increase"": true, ""within_account_exposure"": true, ""within_expected_loss_ceiling"": false, ""meets_profitability_hurdle"": false, ""payment_history_eligible"": false, ""not_overextended"": true}",delinquency_count | utilization | income_inr | credit_age_months
1.0,0.3181371935873375,,10.0,,149.89538563265995,undisclosed,fico_heloc,718000.0,228400.0,LIQ-000903,Manual review,0.0,718000.0,0.5812984349994781,Very high,595600.0,595600.0,225043.87612569795,225043.87612569795,0.0,0.0,Reported delinquency | Manual review required,"{""automatic_increases_enabled"": true, ""within_maximum_increase"": true, ""within_account_exposure"": true, ""within_expected_loss_ceiling"": false, ""meets_profitability_hurdle"": false, ""payment_history_eligible"": false, ""not_overextended"": true}",debt_to_income | income_inr
,,0.157235465786996,7.0,,,europe,south_german_credit,293000.0,20300.0,LIQ-000904,Manual review,0.0,293000.0,0.21477208833208813,High,224825.0,224825.0,31385.987593520116,31385.987593520116,0.0,0.0,Insufficient behavioral history | Manual review required,"{""automatic_increases_enabled"": true, ""within_maximum_increase"": true, ""within_account_exposure"": true, ""within_expected_loss_ceiling"": false, ""meets_profitability_hurdle"": false, ""payment_history_eligible"": false, ""not_overextended"": true}",delinquency_count | utilization | income_inr | credit_age_months
0.0,0.4530041850031995,0.3037350001890127,10.0,1216834.6827178567,315.9957268216839,north_america,lending_club_full,304000.0,137700.0,LIQ-000905,No change,0.0,304000.0,0.3292385974170087,Very high,262425.0,262425.0,56160.28530265304,56160.28530265304,0.0,0.0,No reported delinquency in the harmonized source fields | Expected loss exceeds policy ceiling | Incremental return below profitability hurdle,"{""automatic_increases_enabled"": true, ""within_maximum_increase"": true, ""within_account_exposure"": true, ""within_expected_loss_ceiling"": false, ""meets_profitability_hurdle"": false, ""payment_history_eligible"": true, ""not_overextended"": true}",
0.0,1.153658640747259,0.13482852582381288,8.0,935273.5624693137,188.2527134314029,north_america,lending_club_full,234000.0,270000.0,LIQ-000906,Manual review,0.0,234000.0,0.3253513315024561,Very high,234000.0,234000.0,49485.93752152357,49485.93752152357,0.0,0.0,Customer-overextension safeguard | Manual review required,"{""automatic_increases_enabled"": true, ""within_maximum_increase"": true, ""within_account_exposure"": true, ""within_expected_loss_ceiling"": false, ""meets_profitability_hurdle"": false, ""payment_history_eligible"": true, ""not_overextended"": false}",
1.0,0.977210786580294,0.4257576715804327,7.0,373772.4004765096,99.51948941269627,north_america,lending_club_full,93000.0,90900.0,LIQ-000907,Manual review,0.0,93000.0,0.4000394301148929,Very high,92475.0,92475.0,24045.87009491857,24045.87009491857,0.0,0.0,Reported delinquency | Manual review required,"{""automatic_increases_enabled"": true, ""within_maximum_increase"": true, ""within_account_exposure"": true, ""within_expected_loss_ceiling"": false, ""meets_profitability_hurdle"": false, ""payment_history_eligible"": false, ""not_overextended"": true}",
,,0.3611392179451356,,,,undisclosed,home_credit,135000.0,31400.0,LIQ-000908,Manual review,0.0,135000.0,0.0814213387076708,Moderate,109100.0,109100.0,5773.994234454476,5773.994234454476,0.0,0.0,Insufficient behavioral history | Manual review required,"{""automatic_increases_enabled"": true, ""within_maximum_increase"": true, ""within_account_exposure"": true, ""within_expected_loss_ceiling"": true, ""meets_profitability_hurdle"": false, ""payment_history_eligible"": false, ""not_overextended"": true}",delinquency_count | utilization | credit_lines | income_inr | credit_age_months
0.0,0.7231868188580727,0.1006278622758038,6.0,,,undisclosed,give_me_some_credit,142000.0,102700.0,LIQ-000909,Increase 30%,0.3,184600.0,0.057666808944279675,Moderate,132175.0,164125.0,4954.371806936609,6151.967261686937,9195.77052262822,0.28781754374423224,No reported delinquency in the harmonized source fields | High utilization with low estimated risk,"{""automatic_increases_enabled"": true, ""within_maximum_increase"": true, ""within_account_exposure"": true, ""within_expected_loss_ceiling"": true, ""meets_profitability_hurdle"": true, ""payment_history_eligible"": true, ""not_overextended"": true}",income_inr | credit_age_months
0.0,0.38781656405264947,,,,,asia,taiwan_credit,511000.0,198200.0,LIQ-000910,Increase 30%,0.3,664300.0,0.09409549680291023,Moderate,432800.0,547775.0,26470.945160594707,33503.0544947892,9459.898385968463,0.08227787245895597,No reported delinquency in the harmonized source fields,"{""automatic_increases_enabled"": true, ""within_maximum_increase"": true, ""within_account_exposure"": true, ""within_expected_loss_ceiling"": true, ""meets_profitability_hurdle"": true, ""payment_history_eligible"": true, ""not_overextended"": true}",debt_to_income | credit_lines | income_inr | credit_age_months
,,0.5684943285586916,,,,undisclosed,home_credit,414000.0,89300.0,LIQ-000911,Manual review,0.0,414000.0,0.08157494490397012,Moderate,332825.0,332825.0,17647.617674481506,17647.617674481506,0.0,0.0,Insufficient behavioral history | Manual review required,"{""automatic_increases_enabled"": true, ""within_maximum_increase"": true, ""within_account_exposure"": true, ""within_expected_loss_ceiling"": true, ""meets_profitability_hurdle"": false, ""payment_history_eligible"": false, ""not_overextended"": true}",delinquency_count | utilization | credit_lines | income_inr | credit_age_months
0.0,0.6427537923111661,0.1028693428997993,6.0,825438.0976669348,106.76509221916106,north_america,lending_club_full,206000.0,132400.0,LIQ-000912,No change,0.0,206000.0,0.21076674550914434,High,187600.0,187600.0,25700.89694738506,25700.89694738506,0.0,0.0,No reported delinquency in the harmonized source fields | Expected loss exceeds policy ceiling,"{""automatic_increases_enabled"": true, ""within_maximum_increase"": true, ""within_account_exposure"": true, ""within_expected_loss_ceiling"": false, ""meets_profitability_hurdle"": false, ""payment_history_eligible"": true, ""not_overextended"": true}",
,,0.36297882476414756,10.0,,,europe,south_german_credit,165000.0,71100.0,LIQ-000913,Manual review,0.0,165000.0,0.20082117546052383,High,141525.0,141525.0,18473.790957082914,18473.790957082914,0.0,0.0,Insufficient behavioral history | Manual review required,"{""automatic_increases_enabled"": true, ""within_maximum_increase"": true, ""within_account_exposure"": true, ""within_expected_loss_ceiling"": false, ""meets_profitability_hurdle"": false, ""payment_history_eligible"": false, ""not_overextended"": true}",delinquency_count | utilization | income_inr | credit_age_months
,,0.2757304598371163,7.0,,,europe,south_german_credit,294000.0,60400.0,LIQ-000914,Manual review,0.0,294000.0,0.22172039610954908,High,235600.0,235600.0,33954.261460216345,33954.261460216345,0.0,0.0,Insufficient behavioral history | Manual review required,"{""automatic_increases_enabled"": true, ""within_maximum_increase"": true, ""within_account_exposure"": true, ""within_expected_loss_ceiling"": false, ""meets_profitability_hurdle"": false, ""payment_history_eligible"": false, ""not_overextended"": true}",delinquency_count | utilization | income_inr | credit_age_months
,,0.574970528632426,11.0,,,europe,south_german_credit,723000.0,368100.0,LIQ-000915,Manual review,0.0,723000.0,0.21212378472323015,High,634275.0,634275.0,87454.12881096243,87454.12881096243,0.0,0.0,Insufficient behavioral history | Manual review required,"{""automatic_increases_enabled"": true, ""within_maximum_increase"": true, ""within_account_exposure"": true, ""within_expected_loss_ceiling"": false, ""meets_profitability_hurdle"": false, ""payment_history_eligible"": false, ""not_overextended"": true}",delinquency_count | utilization | income_inr | credit_age_months
0.0,0.3937007488198193,0.37416455951368466,9.0,,,undisclosed,give_me_some_credit,203000.0,79900.0,LIQ-000916,Increase 30%,0.3,263900.0,0.030264067071727033,Low,172225.0,217900.0,3387.9488184283227,4286.451139704059,5693.624654504467,0.12465516484957782,No reported delinquency in the harmonized source fields,"{""automatic_increases_enabled"": true, ""within_maximum_increase"": true, ""within_account_exposure"": true, ""within_expected_loss_ceiling"": true, ""meets_profitability_hurdle"": true, ""payment_history_eligible"": true, ""not_overextended"": true}",income_inr | credit_age_months
2.0,0.4459428116556,,,,,asia,taiwan_credit,228000.0,101700.0,LIQ-000917,Freeze automatic increases,0.0,228000.0,0.37823639321079244,Very high,196425.0,196425.0,48291.80429867944,48291.80429867944,0.0,0.0,Repeated delinquency,"{""automatic_increases_enabled"": true, ""within_maximum_increase"": true, ""within_account_exposure"": true, ""within_expected_loss_ceiling"": false, ""meets_profitability_hurdle"": false, ""payment_history_eligible"": false, ""not_overextended"": true}",debt_to_income | credit_lines | income_inr | credit_age_months
2.0,0.9320628829628539,,,,,asia,taiwan_credit,161000.0,150100.0,LIQ-000918,Freeze automatic increases,0.0,161000.0,0.4119086285314617,Very high,158275.0,158275.0,42376.644817531116,42376.644817531116,0.0,0.0,Repeated delinquency,"{""automatic_increases_enabled"": true, ""within_maximum_increase"": true, ""within_account_exposure"": true, ""within_expected_loss_ceiling"": false, ""meets_profitability_hurdle"": false, ""payment_history_eligible"": false, ""not_overextended"": true}",debt_to_income | credit_lines | income_inr | credit_age_months
,,0.22951845059405923,11.0,,,europe,south_german_credit,276000.0,27000.0,LIQ-000919,Manual review,0.0,276000.0,0.19562801087882975,High,213750.0,213750.0,27180.06676147741,27180.06676147741,0.0,0.0,Insufficient behavioral history | Manual review required,"{""automatic_increases_enabled"": true, ""within_maximum_increase"": true, ""within_account_exposure"": true, ""within_expected_loss_ceiling"": false, ""meets_profitability_hurdle"": false, ""payment_history_eligible"": false, ""not_overextended"": true}",delinquency_count | utilization | income_inr | credit_age_months
,,0.1165728343045056,5.0,,,europe,south_german_credit,436000.0,185600.0,LIQ-000920,Manual review,0.0,436000.0,0.21799432724499238,High,373400.0,373400.0,52909.4031656321,52909.4031656321,0.0,0.0,Insufficient behavioral history | Manual review required,"{""automatic_increases_enabled"": true, ""within_maximum_increase"": true, ""within_account_exposure"": true, ""within_expected_loss_ceiling"": false, ""meets_profitability_hurdle"": false, ""payment_history_eligible"": false, ""not_overextended"": true}",delinquency_count | utilization | income_inr | credit_age_months
1.0,0.1453132850823433,,7.0,,192.90152746352288,undisclosed,fico_heloc,1384000.0,201100.0,LIQ-000921,Manual review,0.0,1384000.0,0.5046300327331095,Very high,1088275.0,1088275.0,356964.56176720606,356964.56176720606,0.0,0.0,Reported delinquency | Manual review required,"{""automatic_increases_enabled"": true, ""within_maximum_increase"": true, ""within_account_exposure"": true, ""within_expected_loss_ceiling"": false, ""meets_profitability_hurdle"": false, ""payment_history_eligible"": false, ""not_overextended"": true}",debt_to_income | income_inr
0.0,0.45766813347064395,0.22260993453254768,5.0,,,undisclosed,give_me_some_credit,403000.0,184400.0,LIQ-000922,Increase 30%,0.3,523900.0,0.02693037540771022,Low,348350.0,439025.0,6097.7775776293065,7685.020241190487,14892.585092997451,0.16424135751858232,No reported delinquency in the harmonized source fields,"{""automatic_increases_enabled"": true, ""within_maximum_increase"": true, ""within_account_exposure"": true, ""within_expected_loss_ceiling"": true, ""meets_profitability_hurdle"": true, ""payment_history_eligible"": true, ""not_overextended"": true}",income_inr | credit_age_months
0.0,0.46813525856027804,0.6923606639294246,10.0,677299.0183619413,114.78229671895197,north_america,lending_club_full,169000.0,79100.0,LIQ-000923,Manual review,0.0,169000.0,0.3930397741124141,Very high,146525.0,146525.0,37433.59938618396,37433.59938618396,0.0,0.0,Customer-overextension safeguard | Manual review required,"{""automatic_increases_enabled"": true, ""within_maximum_increase"": true, ""within_account_exposure"": true, ""within_expected_loss_ceiling"": false, ""meets_profitability_hurdle"": false, ""payment_history_eligible"": true, ""not_overextended"": false}",
,,0.16155910835644266,,,,undisclosed,home_credit,613000.0,185400.0,LIQ-000924,Manual review,0.0,613000.0,0.0812692028104184,Moderate,506100.0,506100.0,26734.72330252929,26734.72330252929,0.0,0.0,Insufficient behavioral history | Manual review required,"{""automatic_increases_enabled"": true, ""within_maximum_increase"": true, ""within_account_exposure"": true, ""within_expected_loss_ceiling"": true, ""meets_profitability_hurdle"": false, ""payment_history_eligible"": false, ""not_overextended"": true}",delinquency_count | utilization | credit_lines | income_inr | credit_age_months
0.0,0.5771139814251318,,,,,asia,taiwan_credit,550000.0,317400.0,LIQ-000925,Increase 30%,0.3,715000.0,0.11803659568263603,Moderate,491850.0,615600.0,37736.594731227946,47231.163396449985,21256.99025841197,0.1717736586538341,No reported delinquency in the harmonized source fields,"{""automatic_increases_enabled"": true, ""within_maximum_increase"": true, ""within_account_exposure"": true, ""within_expected_loss_ceiling"": true, ""meets_profitability_hurdle"": true, ""payment_history_eligible"": true, ""not_overextended"": true}",debt_to_income | credit_lines | income_inr | credit_age_months
,,0.13399408130921084,12.0,,,europe,south_german_credit,240000.0,42000.0,LIQ-000926,Manual review,0.0,240000.0,0.19242394596627846,High,190500.0,190500.0,23826.89510927443,23826.89510927443,0.0,0.0,Insufficient behavioral history | Manual review required,"{""automatic_increases_enabled"": true, ""within_maximum_increase"": true, ""within_account_exposure"": true, ""within_expected_loss_ceiling"": false, ""meets_profitability_hurdle"": false, ""payment_history_eligible"": false, ""not_overextended"": true}",delinquency_count | utilization | income_inr | credit_age_months
,,0.2052571956773414,,,,undisclosed,home_credit,1563000.0,396100.0,LIQ-000927,Manual review,0.0,1563000.0,0.08224380866383484,Moderate,1271275.0,1271275.0,67960.42360842582,67960.42360842582,0.0,0.0,Insufficient behavioral history | Manual review required,"{""automatic_increases_enabled"": true, ""within_maximum_increase"": true, ""within_account_exposure"": true, ""within_expected_loss_ceiling"": true, ""meets_profitability_hurdle"": false, ""payment_history_eligible"": false, ""not_overextended"": true}",delinquency_count | utilization | credit_lines | income_inr | credit_age_months
0.0,0.670521197082569,,13.0,,127.28236486854954,undisclosed,fico_heloc,344000.0,230700.0,LIQ-000928,No change,0.0,344000.0,0.7238009077370852,Very high,315675.0,315675.0,148515.80350743784,148515.80350743784,0.0,0.0,No reported delinquency in the harmonized source fields | Expected loss exceeds policy ceiling | Incremental return below profitability hurdle,"{""automatic_increases_enabled"": true, ""within_maximum_increase"": true, ""within_account_exposure"": true, ""within_expected_loss_ceiling"": false, ""meets_profitability_hurdle"": false, ""payment_history_eligible"": true, ""not_overextended"": true}",debt_to_income | income_inr
0.0,0.5890584992251005,0.105723826672072,5.0,418297.28764494945,147.99822115501814,north_america,lending_club_full,105000.0,61900.0,LIQ-000929,No change,0.0,105000.0,0.23128808449999858,High,94225.0,94225.0,14165.52784530804,14165.52784530804,0.0,0.0,No reported delinquency in the harmonized source fields | Expected loss exceeds policy ceiling,"{""automatic_increases_enabled"": true, ""within_maximum_increase"": true, ""within_account_exposure"": true, ""within_expected_loss_ceiling"": false, ""meets_profitability_hurdle"": false, ""payment_history_eligible"": true, ""not_overextended"": true}",
,,0.3011254522331656,7.0,,,europe,south_german_credit,501000.0,51300.0,LIQ-000930,Manual review,0.0,501000.0,0.2225239863155323,High,388575.0,388575.0,56203.71768866268,56203.71768866268,0.0,0.0,Insufficient behavioral history | Manual review required,"{""automatic_increases_enabled"": true, ""within_maximum_increase"": true, ""within_account_exposure"": true, ""within_expected_loss_ceiling"": false, ""meets_profitability_hurdle"": false, ""payment_history_eligible"": false, ""not_overextended"": true}",delinquency_count | utilization | income_inr | credit_age_months
2.0,0.4703736200953836,0.24466909674137444,3.0,416171.4963057038,89.21234265407138,north_america,lending_club_full,104000.0,48900.0,LIQ-000931,Freeze automatic increases,0.0,104000.0,0.3120351637135909,Very high,90225.0,90225.0,18299.69221993818,18299.69221993818,0.0,0.0,Repeated delinquency,"{""automatic_increases_enabled"": true, ""within_maximum_increase"": true, ""within_account_exposure"": true, ""within_expected_loss_ceiling"": false, ""meets_profitability_hurdle"": false, ""payment_history_eligible"": false, ""not_overextended"": true}",
,,0.14122952734153082,6.0,,,europe,south_german_credit,943000.0,429700.0,LIQ-000932,Manual review,0.0,943000.0,0.22102835262541243,High,814675.0,814675.0,117043.07756382013,117043.07756382013,0.0,0.0,Insufficient behavioral history | Manual review required,"{""automatic_increases_enabled"": true, ""within_maximum_increase"": true, ""within_account_exposure"": true, ""within_expected_loss_ceiling"": false, ""meets_profitability_hurdle"": false, ""payment_history_eligible"": false, ""not_overextended"": true}",delinquency_count | utilization | income_inr | credit_age_months
1.0,0.6527978839035041,,,,,asia,taiwan_credit,239000.0,156000.0,LIQ-000933,Manual review,0.0,239000.0,0.3102839033107827,Very high,218250.0,218250.0,44017.65023342591,44017.65023342591,0.0,0.0,Reported delinquency | Manual review required,"{""automatic_increases_enabled"": true, ""within_maximum_increase"": true, ""within_account_exposure"": true, ""within_expected_loss_ceiling"": false, ""meets_profitability_hurdle"": false, ""payment_history_eligible"": false, ""not_overextended"": true}",debt_to_income | credit_lines | income_inr | credit_age_months
1.0,0.7583859565550747,0.25140549235037357,10.0,1662021.2488703313,89.98949282195174,north_america,lending_club_full,416000.0,315500.0,LIQ-000934,Manual review,0.0,416000.0,0.278188554871595,High,390875.0,390875.0,70679.01840053256,70679.01840053256,0.0,0.0,Reported delinquency | Manual review required,"{""automatic_increases_enabled"": true, ""within_maximum_increase"": true, ""within_account_exposure"": true, ""within_expected_loss_ceiling"": false, ""meets_profitability_hurdle"": false, ""payment_history_eligible"": false, ""not_overextended"": true}",
0.0,1.0105050067743664,0.05133566785256825,8.0,,,undisclosed,give_me_some_credit,390000.0,394100.0,LIQ-000935,Increase 30%,0.3,507000.0,0.12137139147665575,Moderate,390000.0,478775.0,30767.647739332235,37771.23217025331,35761.819441642365,0.40283660311621927,No reported delinquency in the harmonized source fields | High utilization with low estimated risk,"{""automatic_increases_enabled"": true, ""within_maximum_increase"": true, ""within_account_exposure"": true, ""within_expected_loss_ceiling"": true, ""meets_profitability_hurdle"": true, ""payment_history_eligible"": true, ""not_overextended"": true}",income_inr | credit_age_months
0.0,1.1577849699869345,0.08399984101561103,8.0,1155234.9847867256,132.2802562916656,north_america,lending_club_full,289000.0,334600.0,LIQ-000936,Manual review,0.0,289000.0,0.3234749553675937,Very high,289000.0,289000.0,60764.77036580248,60764.77036580248,0.0,0.0,Customer-overextension safeguard | Manual review required,"{""automatic_increases_enabled"": true, ""within_maximum_increase"": true, ""within_account_exposure"": true, ""within_expected_loss_ceiling"": false, ""meets_profitability_hurdle"": false, ""payment_history_eligible"": true, ""not_overextended"": false}",
0.0,0.5915159328413416,0.24867440508722927,8.0,1604037.7887649527,60.51753275327788,north_america,lending_club_full,401000.0,237200.0,LIQ-000937,No change,0.0,401000.0,0.2665694117046373,High,360050.0,360050.0,62385.90584476554,62385.90584476554,0.0,0.0,No reported delinquency in the harmonized source fields | Expected loss exceeds policy ceiling,"{""automatic_increases_enabled"": true, ""within_maximum_increase"": true, ""within_account_exposure"": true, ""within_expected_loss_ceiling"": false, ""meets_profitability_hurdle"": false, ""payment_history_eligible"": true, ""not_overextended"": true}",
,,0.413977585106381,,,,undisclosed,home_credit,279000.0,144400.0,LIQ-000938,Manual review,0.0,279000.0,0.0814213387076708,Moderate,245350.0,245350.0,12984.871543752572,12984.871543752572,0.0,0.0,Insufficient behavioral history | Manual review required,"{""automatic_increases_enabled"": true, ""within_maximum_increase"": true, ""within_account_exposure"": true, ""within_expected_loss_ceiling"": true, ""meets_profitability_hurdle"": false, ""payment_history_eligible"": false, ""not_overextended"": true}",delinquency_count | utilization | credit_lines | income_inr | credit_age_months
1.0,0.5807939932620738,0.11922607406610672,6.0,2062889.44550958,22.451433895662483,north_america,lending_club_full,516000.0,299700.0,LIQ-000939,Manual review,0.0,516000.0,0.2542708230111404,High,461925.0,461925.0,76345.13244762368,76345.13244762368,0.0,0.0,Reported delinquency | Manual review required,"{""automatic_increases_enabled"": true, ""within_maximum_increase"": true, ""within_account_exposure"": true, ""within_expected_loss_ceiling"": false, ""meets_profitability_hurdle"": false, ""payment_history_eligible"": false, ""not_overextended"": true}",
0.0,0.3178701054849986,,,,,asia,taiwan_credit,442000.0,140500.0,LIQ-000940,Increase 30%,0.3,574600.0,0.08763670963257318,Moderate,366625.0,466075.0,20884.375634877393,26549.431637301004,4719.237693100225,0.04745337046857944,No reported delinquency in the harmonized source fields,"{""automatic_increases_enabled"": true, ""within_maximum_increase"": true, ""within_account_exposure"": true, ""within_expected_loss_ceiling"": true, ""meets_profitability_hurdle"": true, ""payment_history_eligible"": true, ""not_overextended"": true}",debt_to_income | credit_lines | income_inr | credit_age_months
,,0.12374696369801906,,,,undisclosed,home_credit,205000.0,63500.0,LIQ-000941,Manual review,0.0,205000.0,0.07798529906042197,Moderate,169625.0,169625.0,8598.36662953065,8598.36662953065,0.0,0.0,Insufficient behavioral history | Manual review required,"{""automatic_increases_enabled"": true, ""within_maximum_increase"": true, ""within_account_exposure"": true, ""within_expected_loss_ceiling"": true, ""meets_profitability_hurdle"": false, ""payment_history_eligible"": false, ""not_overextended"": true}",delinquency_count | utilization | credit_lines | income_inr | credit_age_months
,,0.05771756195622615,7.0,,,europe,south_german_credit,839000.0,250400.0,LIQ-000942,Manual review,0.0,839000.0,0.19543278814481294,High,691850.0,691850.0,87886.61341069275,87886.61341069275,0.0,0.0,Insufficient behavioral history | Manual review required,"{""automatic_increases_enabled"": true, ""within_maximum_increase"": true, ""within_account_exposure"": true, ""within_expected_loss_ceiling"": false, ""meets_profitability_hurdle"": false, ""payment_history_eligible"": false, ""not_overextended"": true}",delinquency_count | utilization | income_inr | credit_age_months
1.0,0.40338992898476717,0.15931454754071483,6.0,,,undisclosed,give_me_some_credit,563000.0,227100.0,LIQ-000943,Manual review,0.0,563000.0,0.08973884831530887,Moderate,479025.0,479025.0,27941.64867925654,27941.64867925654,0.0,0.0,Reported delinquency | Manual review required,"{""automatic_increases_enabled"": true, ""within_maximum_increase"": true, ""within_account_exposure"": true, ""within_expected_loss_ceiling"": true, ""meets_profitability_hurdle"": false, ""payment_history_eligible"": false, ""not_overextended"": true}",income_inr | credit_age_months
0.0,0.08517962174883774,,,,,asia,taiwan_credit,334000.0,28400.0,LIQ-000944,No change,0.0,334000.0,0.0885269353873747,Moderate,257600.0,257600.0,14822.95006126202,14822.95006126202,0.0,0.0,No reported delinquency in the harmonized source fields | Low utilization provides no evidence of additional need | Incremental return below profitability hurdle,"{""automatic_increases_enabled"": true, ""within_maximum_increase"": true, ""within_account_exposure"": true, ""within_expected_loss_ceiling"": true, ""meets_profitability_hurdle"": false, ""payment_history_eligible"": true, ""not_overextended"": true}",debt_to_income | credit_lines | income_inr | credit_age_months
,,0.15316765233016627,8.0,,,europe,south_german_credit,258000.0,105900.0,LIQ-000945,Manual review,0.0,258000.0,0.21483429202017112,High,219975.0,219975.0,30717.812701639148,30717.812701639148,0.0,0.0,Insufficient behavioral history | Manual review required,"{""automatic_increases_enabled"": true, ""within_maximum_increase"": true, ""within_account_exposure"": true, ""within_expected_loss_ceiling"": false, ""meets_profitability_hurdle"": false, ""payment_history_eligible"": false, ""not_overextended"": true}",delinquency_count | utilization | income_inr | credit_age_months
0.0,1.013019324494462,,9.0,,39.58480555346472,undisclosed,fico_heloc,443000.0,448800.0,LIQ-000946,No change,0.0,443000.0,0.863372413160731,Very high,443000.0,443000.0,248608.08636963248,248608.08636963248,0.0,0.0,No reported delinquency in the harmonized source fields | Expected loss exceeds policy ceiling | Incremental return below profitability hurdle,"{""automatic_increases_enabled"": true, ""within_maximum_increase"": true, ""within_account_exposure"": true, ""within_expected_loss_ceiling"": false, ""meets_profitability_hurdle"": false, ""payment_history_eligible"": true, ""not_overextended"": true}",debt_to_income | income_inr
,,0.3487339609658548,,,,undisclosed,home_credit,538000.0,290900.0,LIQ-000947,Manual review,0.0,538000.0,0.0814213387076708,Moderate,476225.0,476225.0,25203.670066939347,25203.670066939347,0.0,0.0,Insufficient behavioral history | Manual review required,"{""automatic_increases_enabled"": true, ""within_maximum_increase"": true, ""within_account_exposure"": true, ""within_expected_loss_ceiling"": true, ""meets_profitability_hurdle"": false, ""payment_history_eligible"": false, ""not_overextended"": true}",delinquency_count | utilization | credit_lines | income_inr | credit_age_months
1.0,0.6507735626683694,,9.0,,183.74277070318968,undisclosed,fico_heloc,124000.0,80700.0,LIQ-000948,Manual review,0.0,124000.0,0.6712991908649005,Very high,113175.0,113175.0,49383.28585198783,49383.28585198783,0.0,0.0,Reported delinquency | Manual review required,"{""automatic_increases_enabled"": true, ""within_maximum_increase"": true, ""within_account_exposure"": true, ""within_expected_loss_ceiling"": false, ""meets_profitability_hurdle"": false, ""payment_history_eligible"": false, ""not_overextended"": true}",debt_to_income | income_inr
,,0.14504266999652335,,,,undisclosed,home_credit,447000.0,241600.0,LIQ-000949,Manual review,0.0,447000.0,0.07856184138633404,Moderate,395650.0,395650.0,20203.94515392699,20203.94515392699,0.0,0.0,Insufficient behavioral history | Manual review required,"{""automatic_increases_enabled"": true, ""within_maximum_increase"": true, ""within_account_exposure"": true, ""within_expected_loss_ceiling"": true, ""meets_profitability_hurdle"": false, ""payment_history_eligible"": false, ""not_overextended"": true}",delinquency_count | utilization | credit_lines | income_inr | credit_age_months
0.0,0.33276730129645443,0.27297850084133,4.0,651105.03761648,200.71494160828522,north_america,lending_club_full,163000.0,54200.0,LIQ-000950,No change,0.0,163000.0,0.28732103484501814,High,135800.0,135800.0,25361.82774576975,25361.82774576975,0.0,0.0,No reported delinquency in the harmonized source fields | Expected loss exceeds policy ceiling | Incremental return below profitability hurdle,"{""automatic_increases_enabled"": true, ""within_maximum_increase"": true, ""within_account_exposure"": true, ""within_expected_loss_ceiling"": false, ""meets_profitability_hurdle"": false, ""payment_history_eligible"": true, ""not_overextended"": true}",
0.0,0.279252326847327,,13.0,,70.789736397641,undisclosed,fico_heloc,76000.0,21200.0,LIQ-000951,No change,0.0,76000.0,0.6609962007559673,Very high,62300.0,62300.0,26767.041149612898,26767.041149612898,0.0,0.0,No reported delinquency in the harmonized source fields | Expected loss exceeds policy ceiling | Incremental return below profitability hurdle,"{""automatic_increases_enabled"": true, ""within_maximum_increase"": true, ""within_account_exposure"": true, ""within_expected_loss_ceiling"": false, ""meets_profitability_hurdle"": false, ""payment_history_eligible"": true, ""not_overextended"": true}",debt_to_income | income_inr
,,0.2959031122702646,8.0,,,europe,south_german_credit,398000.0,153800.0,LIQ-000952,Manual review,0.0,398000.0,0.22101577455525842,High,336950.0,336950.0,48406.32240365632,48406.32240365632,0.0,0.0,Insufficient behavioral history | Manual review required,"{""automatic_increases_enabled"": true, ""within_maximum_increase"": true, ""within_account_exposure"": true, ""within_expected_loss_ceiling"": false, ""meets_profitability_hurdle"": false, ""payment_history_eligible"": false, ""not_overextended"": true}",delinquency_count | utilization | income_inr | credit_age_months
,,0.12606236820298689,,,,undisclosed,home_credit,550000.0,333100.0,LIQ-000953,Manual review,0.0,550000.0,0.07835554931183984,Moderate,495775.0,495775.0,25250.36959905031,25250.36959905031,0.0,0.0,Insufficient behavioral history | Manual review required,"{""automatic_increases_enabled"": true, ""within_maximum_increase"": true, ""within_account_exposure"": true, ""within_expected_loss_ceiling"": true, ""meets_profitability_hurdle"": false, ""payment_history_eligible"": false, ""not_overextended"": true}",delinquency_count | utilization | credit_lines | income_inr | credit_age_months
,,0.17914514980926807,6.0,,,europe,south_german_credit,511000.0,151000.0,LIQ-000954,Manual review,0.0,511000.0,0.21729422127320377,High,421000.0,421000.0,59462.563651412216,59462.563651412216,0.0,0.0,Insufficient behavioral history | Manual review required,"{""automatic_increases_enabled"": true, ""within_maximum_increase"": true, ""within_account_exposure"": true, ""within_expected_loss_ceiling"": false, ""meets_profitability_hurdle"": false, ""payment_history_eligible"": false, ""not_overextended"": true}",delinquency_count | utilization | income_inr | credit_age_months
0.0,1.119590118001789,0.30755109032147165,7.0,,,undisclosed,give_me_some_credit,590000.0,660600.0,LIQ-000955,Manual review,0.0,590000.0,0.11286189788549822,Moderate,590000.0,590000.0,43282.53783908857,43282.53783908857,0.0,0.0,Customer-overextension safeguard | Manual review required,"{""automatic_increases_enabled"": true, ""within_maximum_increase"": true, ""within_account_exposure"": true, ""within_expected_loss_ceiling"": true, ""meets_profitability_hurdle"": false, ""payment_history_eligible"": true, ""not_overextended"": false}",income_inr | credit_age_months
,,0.03936156122138154,7.0,,,europe,south_german_credit,283000.0,163400.0,LIQ-000956,Manual review,0.0,283000.0,0.19448896955084413,High,253100.0,253100.0,31996.352825657126,31996.352825657126,0.0,0.0,Insufficient behavioral history | Manual review required,"{""automatic_increases_enabled"": true, ""within_maximum_increase"": true, ""within_account_exposure"": true, ""within_expected_loss_ceiling"": false, ""meets_profitability_hurdle"": false, ""payment_history_eligible"": false, ""not_overextended"": true}",delinquency_count | utilization | income_inr | credit_age_months
2.0,0.7770985536269263,,,,,asia,taiwan_credit,178000.0,138300.0,LIQ-000957,Freeze automatic increases,0.0,178000.0,0.40510491158142425,Very high,168075.0,168075.0,44257.20520913112,44257.20520913112,0.0,0.0,Repeated delinquency,"{""automatic_increases_enabled"": true, ""within_maximum_increase"": true, ""within_account_exposure"": true, ""within_expected_loss_ceiling"": false, ""meets_profitability_hurdle"": false, ""payment_history_eligible"": false, ""not_overextended"": true}",debt_to_income | credit_lines | income_inr | credit_age_months
,,0.5472173189803089,8.0,,,europe,south_german_credit,109000.0,26900.0,LIQ-000958,Manual review,0.0,109000.0,0.22661842663483067,High,88475.0,88475.0,13032.54244273582,13032.54244273582,0.0,0.0,Insufficient behavioral history | Manual review required,"{""automatic_increases_enabled"": true, ""within_maximum_increase"": true, ""within_account_exposure"": true, ""within_expected_loss_ceiling"": false, ""meets_profitability_hurdle"": false, ""payment_history_eligible"": false, ""not_overextended"": true}",delinquency_count | utilization | income_inr | credit_age_months
0.0,0.5038890060580538,,7.0,,120.29526572608135,undisclosed,fico_heloc,712000.0,358800.0,LIQ-000959,No change,0.0,712000.0,0.7091298700247508,Very high,623700.0,623700.0,287484.7949573841,287484.7949573841,0.0,0.0,No reported delinquency in the harmonized source fields | Expected loss exceeds policy ceiling | Incremental return below profitability hurdle,"{""automatic_increases_enabled"": true, ""within_maximum_increase"": true, ""within_account_exposure"": true, ""within_expected_loss_ceiling"": false, ""meets_profitability_hurdle"": false, ""payment_history_eligible"": true, ""not_overextended"": true}",debt_to_income | income_inr
0.0,0.29881269416067247,,,,,asia,taiwan_credit,553000.0,165200.0,LIQ-000960,Increase 30%,0.3,718900.0,0.08408864046800017,Moderate,456050.0,580475.0,24926.60591553046,31727.379824180563,4921.940286039957,0.03955748672726508,No reported delinquency in the harmonized source fields,"{""automatic_increases_enabled"": true, ""within_maximum_increase"": true, ""within_account_exposure"": true, ""within_expected_loss_ceiling"": true, ""meets_profitability_hurdle"": true, ""payment_history_eligible"": true, ""not_overextended"": true}",debt_to_income | credit_lines | income_inr | credit_age_months
1.0,0.11058578095016297,0.2545435129272722,10.0,939785.4869305117,123.05227412247811,north_america,lending_club_full,235000.0,26000.0,LIQ-000961,Manual review,0.0,235000.0,0.27805266073881324,High,182750.0,182750.0,33029.18043751178,33029.18043751178,0.0,0.0,Reported delinquency | Manual review required,"{""automatic_increases_enabled"": true, ""within_maximum_increase"": true, ""within_account_exposure"": true, ""within_expected_loss_ceiling"": false, ""meets_profitability_hurdle"": false, ""payment_history_eligible"": false, ""not_overextended"": true}",
,,0.25989020302921584,11.0,,,europe,south_german_credit,218000.0,142000.0,LIQ-000962,Manual review,0.0,218000.0,0.19787882382704206,High,199000.0,199000.0,25595.62586202789,25595.62586202789,0.0,0.0,Insufficient behavioral history | Manual review required,"{""automatic_increases_enabled"": true, ""within_maximum_increase"": true, ""within_account_exposure"": true, ""within_expected_loss_ceiling"": false, ""meets_profitability_hurdle"": false, ""payment_history_eligible"": false, ""not_overextended"": true}",delinquency_count | utilization | income_inr | credit_age_months
1.0,0.9610956943431604,0.06367895796386408,5.0,,,undisclosed,give_me_some_credit,590000.0,567000.0,LIQ-000963,Manual review,0.0,590000.0,0.17924652679431485,High,584250.0,584250.0,68071.109131726,68071.109131726,0.0,0.0,Reported delinquency | Manual review required,"{""automatic_increases_enabled"": true, ""within_maximum_increase"": true, ""within_account_exposure"": true, ""within_expected_loss_ceiling"": true, ""meets_profitability_hurdle"": false, ""payment_history_eligible"": false, ""not_overextended"": true}",income_inr | credit_age_months
0.0,0.9088757722561095,,12.0,,168.3986529360529,undisclosed,fico_heloc,132000.0,120000.0,LIQ-000964,No change,0.0,132000.0,0.6998615389443218,Very high,129000.0,129000.0,58683.39004048138,58683.39004048138,0.0,0.0,No reported delinquency in the harmonized source fields | Expected loss exceeds policy ceiling | Incremental return below profitability hurdle,"{""automatic_increases_enabled"": true, ""within_maximum_increase"": true, ""within_account_exposure"": true, ""within_expected_loss_ceiling"": false, ""meets_profitability_hurdle"": false, ""payment_history_eligible"": true, ""not_overextended"": true}",debt_to_income | income_inr
1.0,1.1057826340471748,,7.0,,328.45785383572604,undisclosed,fico_heloc,199000.0,220100.0,LIQ-000965,Manual review,0.0,199000.0,0.7094848737213911,Very high,199000.0,199000.0,91771.86841586194,91771.86841586194,0.0,0.0,Reported delinquency | Manual review required,"{""automatic_increases_enabled"": true, ""within_maximum_increase"": true, ""within_account_exposure"": true, ""within_expected_loss_ceiling"": false, ""meets_profitability_hurdle"": false, ""payment_history_eligible"": false, ""not_overextended"": false}",debt_to_income | income_inr
,,0.2143955836560013,,,,undisclosed,home_credit,380000.0,12500.0,LIQ-000966,Manual review,0.0,380000.0,0.08224380866383484,Moderate,288125.0,288125.0,15402.723291323819,15402.723291323819,0.0,0.0,Insufficient behavioral history | Manual review required,"{""automatic_increases_enabled"": true, ""within_maximum_increase"": true, ""within_account_exposure"": true, ""within_expected_loss_ceiling"": true, ""meets_profitability_hurdle"": false, ""payment_history_eligible"": false, ""not_overextended"": true}",delinquency_count | utilization | credit_lines | income_inr | credit_age_months
0.0,0.3523268898236533,,8.0,,49.97998706939595,undisclosed,fico_heloc,539000.0,189900.0,LIQ-000967,No change,0.0,539000.0,0.7205913323970922,Very high,451725.0,451725.0,211580.92775759968,211580.92775759968,0.0,0.0,No reported delinquency in the harmonized source fields | Expected loss exceeds policy ceiling | Incremental return below profitability hurdle,"{""automatic_increases_enabled"": true, ""within_maximum_increase"": true, ""within_account_exposure"": true, ""within_expected_loss_ceiling"": false, ""meets_profitability_hurdle"": false, ""payment_history_eligible"": true, ""not_overextended"": true}",debt_to_income | income_inr
0.0,0.2352419133224769,0.2043371146500781,9.0,,,undisclosed,give_me_some_credit,1042000.0,245100.0,LIQ-000968,Increase 30%,0.3,1354600.0,0.01661902292746976,Low,842775.0,1077225.0,9103.963081003914,11636.57753247835,11452.41301962085,0.04884799752450778,No reported delinquency in the harmonized source fields,"{""automatic_increases_enabled"": true, ""within_maximum_increase"": true, ""within_account_exposure"": true, ""within_expected_loss_ceiling"": true, ""meets_profitability_hurdle"": true, ""payment_history_eligible"": true, ""not_overextended"": true}",income_inr | credit_age_months
1.0,0.6676803216305702,0.4770538082529993,8.0,2080994.1065277718,52.11831572419445,north_america,lending_club_full,520000.0,347200.0,LIQ-000969,Manual review,0.0,520000.0,0.3872276378104054,Very high,476800.0,476800.0,120009.58951020085,120009.58951020085,0.0,0.0,Reported delinquency | Manual review required,"{""automatic_increases_enabled"": true, ""within_maximum_increase"": true, ""within_account_exposure"": true, ""within_expected_loss_ceiling"": false, ""meets_profitability_hurdle"": false, ""payment_history_eligible"": false, ""not_overextended"": true}",
,,0.5369871732012245,,,,undisclosed,home_credit,199000.0,14000.0,LIQ-000970,Manual review,0.0,199000.0,0.08193958085166873,Moderate,152750.0,152750.0,8135.57613381006,8135.57613381006,0.0,0.0,Insufficient behavioral history | Manual review required,"{""automatic_increases_enabled"": true, ""within_maximum_increase"": true, ""within_account_exposure"": true, ""within_expected_loss_ceiling"": true, ""meets_profitability_hurdle"": false, ""payment_history_eligible"": false, ""not_overextended"": true}",delinquency_count | utilization | credit_lines | income_inr | credit_age_months
0.0,0.6129950103725008,0.12671154185009392,11.0,1496748.6338652056,66.74358352674554,north_america,lending_club_full,374000.0,229300.0,LIQ-000971,No change,0.0,374000.0,0.22505364351943127,High,337825.0,337825.0,49418.685629268715,49418.685629268715,0.0,0.0,No reported delinquency in the harmonized source fields | Expected loss exceeds policy ceiling,"{""automatic_increases_enabled"": true, ""within_maximum_increase"": true, ""within_account_exposure"": true, ""within_expected_loss_ceiling"": false, ""meets_profitability_hurdle"": false, ""payment_history_eligible"": true, ""not_overextended"": true}",
0.0,0.2327800390581576,,,,,asia,taiwan_credit,224000.0,52100.0,LIQ-000972,No change,0.0,224000.0,0.08127839211953607,Moderate,181025.0,181025.0,9563.723606735362,9563.723606735362,0.0,0.0,No reported delinquency in the harmonized source fields | Incremental return below profitability hurdle,"{""automatic_increases_enabled"": true, ""within_maximum_increase"": true, ""within_account_exposure"": true, ""within_expected_loss_ceiling"": true, ""meets_profitability_hurdle"": false, ""payment_history_eligible"": true, ""not_overextended"": true}",debt_to_income | credit_lines | income_inr | credit_age_months
0.0,0.6350087662215023,0.30452527707974053,9.0,987742.9749650352,105.76945386723602,north_america,lending_club_full,247000.0,156800.0,LIQ-000973,No change,0.0,247000.0,0.29619052738758045,High,224450.0,224450.0,43211.97651689258,43211.97651689258,0.0,0.0,No reported delinquency in the harmonized source fields | Expected loss exceeds policy ceiling,"{""automatic_increases_enabled"": true, ""within_maximum_increase"": true, ""within_account_exposure"": true, ""within_expected_loss_ceiling"": false, ""meets_profitability_hurdle"": false, ""payment_history_eligible"": true, ""not_overextended"": true}",
0.0,0.27094805259157634,0.1304506140270061,9.0,,,undisclosed,give_me_some_credit,572000.0,155000.0,LIQ-000974,Increase 30%,0.3,743600.0,0.02056958118052453,Low,467750.0,596450.0,6253.924038173726,7974.672351830506,8422.74205225951,0.06544477119082757,No reported delinquency in the harmonized source fields,"{""automatic_increases_enabled"": true, ""within_maximum_increase"": true, ""within_account_exposure"": true, ""within_expected_loss_ceiling"": true, ""meets_profitability_hurdle"": true, ""payment_history_eligible"": true, ""not_overextended"": true}",income_inr | credit_age_months
,,0.02408747578188035,,,,undisclosed,home_credit,721000.0,519700.0,LIQ-000975,Manual review,0.0,721000.0,0.0713420623864554,Moderate,670675.0,670675.0,31100.769499173384,31100.769499173384,0.0,0.0,Insufficient behavioral history | Manual review required,"{""automatic_increases_enabled"": true, ""within_maximum_increase"": true, ""within_account_exposure"": true, ""within_expected_loss_ceiling"": true, ""meets_profitability_hurdle"": false, ""payment_history_eligible"": false, ""not_overextended"": true}",delinquency_count | utilization | credit_lines | income_inr | credit_age_months
2.0,0.4000494934980034,0.11126148141709973,9.0,,,undisclosed,give_me_some_credit,300000.0,120000.0,LIQ-000976,Freeze automatic increases,0.0,300000.0,0.1769001827149346,High,255000.0,255000.0,29321.20528500041,29321.20528500041,0.0,0.0,Repeated delinquency,"{""automatic_increases_enabled"": true, ""within_maximum_increase"": true, ""within_account_exposure"": true, ""within_expected_loss_ceiling"": true, ""meets_profitability_hurdle"": false, ""payment_history_eligible"": false, ""not_overextended"": true}",income_inr | credit_age_months
0.0,0.2892242981132321,,9.0,,125.42127229947691,undisclosed,fico_heloc,350000.0,101200.0,LIQ-000977,No change,0.0,350000.0,0.5783887066598155,Very high,287800.0,287800.0,108199.17535485169,108199.17535485169,0.0,0.0,No reported delinquency in the harmonized source fields | Expected loss exceeds policy ceiling | Incremental return below profitability hurdle,"{""automatic_increases_enabled"": true, ""within_maximum_increase"": true, ""within_account_exposure"": true, ""within_expected_loss_ceiling"": false, ""meets_profitability_hurdle"": false, ""payment_history_eligible"": true, ""not_overextended"": true}",debt_to_income | income_inr
1.0,0.7692213825994667,,8.0,,88.73830077742768,undisclosed,fico_heloc,551000.0,423800.0,LIQ-000978,Manual review,0.0,551000.0,0.783104021788163,Very high,519200.0,519200.0,264281.94527306926,264281.94527306926,0.0,0.0,Reported delinquency | Manual review required,"{""automatic_increases_enabled"": true, ""within_maximum_increase"": true, ""within_account_exposure"": true, ""within_expected_loss_ceiling"": false, ""meets_profitability_hurdle"": false, ""payment_history_eligible"": false, ""not_overextended"": true}",debt_to_income | income_inr
1.0,0.2121750938606368,0.18086868169909515,6.0,476635.8571413608,182.5441762019144,north_america,lending_club_full,119000.0,25200.0,LIQ-000979,Manual review,0.0,119000.0,0.23941603161900463,High,95550.0,95550.0,14869.53118377733,14869.53118377733,0.0,0.0,Reported delinquency | Manual review required,"{""automatic_increases_enabled"": true, ""within_maximum_increase"": true, ""within_account_exposure"": true, ""within_expected_loss_ceiling"": false, ""meets_profitability_hurdle"": false, ""payment_history_eligible"": false, ""not_overextended"": true}",
1.0,0.5217394288119688,,4.0,,197.3101360578947,undisclosed,fico_heloc,290000.0,151300.0,LIQ-000980,Manual review,0.0,290000.0,0.637855256468471,Very high,255325.0,255325.0,105859.25568257803,105859.25568257803,0.0,0.0,Reported delinquency | Manual review required,"{""automatic_increases_enabled"": true, ""within_maximum_increase"": true, ""within_account_exposure"": true, ""within_expected_loss_ceiling"": false, ""meets_profitability_hurdle"": false, ""payment_history_eligible"": false, ""not_overextended"": true}",debt_to_income | income_inr
,,0.17463163905941742,9.0,,,europe,south_german_credit,226000.0,106000.0,LIQ-000981,Manual review,0.0,226000.0,0.21111021006115036,High,196000.0,196000.0,26895.440761790553,26895.440761790553,0.0,0.0,Insufficient behavioral history | Manual review required,"{""automatic_increases_enabled"": true, ""within_maximum_increase"": true, ""within_account_exposure"": true, ""within_expected_loss_ceiling"": false, ""meets_profitability_hurdle"": false, ""payment_history_eligible"": false, ""not_overextended"": true}",delinquency_count | utilization | income_inr | credit_age_months
,,0.3124720705471105,,,,undisclosed,home_credit,262000.0,77200.0,LIQ-000982,Manual review,0.0,262000.0,0.08203099212858951,Moderate,215800.0,215800.0,11506.487265877251,11506.487265877251,0.0,0.0,Insufficient behavioral history | Manual review required,"{""automatic_increases_enabled"": true, ""within_maximum_increase"": true, ""within_account_exposure"": true, ""within_expected_loss_ceiling"": true, ""meets_profitability_hurdle"": false, ""payment_history_eligible"": false, ""not_overextended"": true}",delinquency_count | utilization | credit_lines | income_inr | credit_age_months
0.0,1.1050103100747022,,10.0,,192.5287474250512,undisclosed,fico_heloc,361000.0,398900.0,LIQ-000983,Manual review,0.0,361000.0,0.7389623226484511,Very high,361000.0,361000.0,173397.50900945906,173397.50900945906,0.0,0.0,Customer-overextension safeguard | Manual review required,"{""automatic_increases_enabled"": true, ""within_maximum_increase"": true, ""within_account_exposure"": true, ""within_expected_loss_ceiling"": false, ""meets_profitability_hurdle"": false, ""payment_history_eligible"": true, ""not_overextended"": false}",debt_to_income | income_inr
,,0.1983755815247558,12.0,,,europe,south_german_credit,205000.0,46800.0,LIQ-000984,Manual review,0.0,205000.0,0.19121033171004398,High,165450.0,165450.0,20563.237097927406,20563.237097927406,0.0,0.0,Insufficient behavioral history | Manual review required,"{""automatic_increases_enabled"": true, ""within_maximum_increase"": true, ""within_account_exposure"": true, ""within_expected_loss_ceiling"": false, ""meets_profitability_hurdle"": false, ""payment_history_eligible"": false, ""not_overextended"": true}",delinquency_count | utilization | income_inr | credit_age_months
0.0,0.5673519179219806,,7.0,,22.75813474452187,undisclosed,fico_heloc,421000.0,238900.0,LIQ-000985,No change,0.0,421000.0,0.7996578865084389,Very high,375475.0,375475.0,195163.50420889148,195163.50420889148,0.0,0.0,No reported delinquency in the harmonized source fields | Expected loss exceeds policy ceiling | Incremental return below profitability hurdle,"{""automatic_increases_enabled"": true, ""within_maximum_increase"": true, ""within_account_exposure"": true, ""within_expected_loss_ceiling"": false, ""meets_profitability_hurdle"": false, ""payment_history_eligible"": true, ""not_overextended"": true}",debt_to_income | income_inr
0.0,0.3183731166337123,,,,,asia,taiwan_credit,421000.0,134000.0,LIQ-000986,Increase 30%,0.3,547300.0,0.08763670963257318,Moderate,349250.0,443975.0,19894.62854546452,25290.530303429092,4512.884383537814,0.04764195707086634,No reported delinquency in the harmonized source fields,"{""automatic_increases_enabled"": true, ""within_maximum_increase"": true, ""within_account_exposure"": true, ""within_expected_loss_ceiling"": true, ""meets_profitability_hurdle"": true, ""payment_history_eligible"": true, ""not_overextended"": true}",debt_to_income | credit_lines | income_inr | credit_age_months
1.0,0.6707881592491892,0.12016257889307685,12.0,,,undisclosed,give_me_some_credit,312000.0,209300.0,LIQ-000987,Manual review,0.0,312000.0,0.13512418304967508,Moderate,286325.0,286325.0,25148.130612603843,25148.130612603843,0.0,0.0,Reported delinquency | Manual review required,"{""automatic_increases_enabled"": true, ""within_maximum_increase"": true, ""within_account_exposure"": true, ""within_expected_loss_ceiling"": true, ""meets_profitability_hurdle"": false, ""payment_history_eligible"": false, ""not_overextended"": true}",income_inr | credit_age_months
0.0,0.677815149167706,,7.0,,45.84776936354765,undisclosed,fico_heloc,204000.0,138300.0,LIQ-000988,No change,0.0,204000.0,0.7995401943695928,Very high,187575.0,187575.0,97482.93877326965,97482.93877326965,0.0,0.0,No reported delinquency in the harmonized source fields | Expected loss exceeds policy ceiling | Incremental return below profitability hurdle,"{""automatic_increases_enabled"": true, ""within_maximum_increase"": true, ""within_account_exposure"": true, ""within_expected_loss_ceiling"": false, ""meets_profitability_hurdle"": false, ""payment_history_eligible"": true, ""not_overextended"": true}",debt_to_income | income_inr
0.0,1.0231153888994617,,8.0,,137.97652253303661,undisclosed,fico_heloc,375000.0,383700.0,LIQ-000989,No change,0.0,375000.0,0.7575540539678616,Very high,375000.0,375000.0,184653.80065466627,184653.80065466627,0.0,0.0,No reported delinquency in the harmonized source fields | Expected loss exceeds policy ceiling | Incremental return below profitability hurdle,"{""automatic_increases_enabled"": true, ""within_maximum_increase"": true, ""within_account_exposure"": true, ""within_expected_loss_ceiling"": false, ""meets_profitability_hurdle"": false, ""payment_history_eligible"": true, ""not_overextended"": true}",debt_to_income | income_inr
0.0,0.9655118315820026,,10.0,,77.09107178857562,undisclosed,fico_heloc,252000.0,243300.0,LIQ-000990,No change,0.0,252000.0,0.8012997052031853,Very high,249825.0,249825.0,130120.05425405076,130120.05425405076,0.0,0.0,No reported delinquency in the harmonized source fields | Expected loss exceeds policy ceiling | Incremental return below profitability hurdle,"{""automatic_increases_enabled"": true, ""within_maximum_increase"": true, ""within_account_exposure"": true, ""within_expected_loss_ceiling"": false, ""meets_profitability_hurdle"": false, ""payment_history_eligible"": true, ""not_overextended"": true}",debt_to_income | income_inr
0.0,0.6501525599706368,0.17288639945548362,6.0,466896.33827327425,206.3998338386854,north_america,lending_club_full,117000.0,76100.0,LIQ-000991,No change,0.0,117000.0,0.2740790309120247,High,106775.0,106775.0,19022.112541660434,19022.112541660434,0.0,0.0,No reported delinquency in the harmonized source fields | Expected loss exceeds policy ceiling,"{""automatic_increases_enabled"": true, ""within_maximum_increase"": true, ""within_account_exposure"": true, ""within_expected_loss_ceiling"": false, ""meets_profitability_hurdle"": false, ""payment_history_eligible"": true, ""not_overextended"": true}",
1.0,0.8377389627587467,,8.0,,118.14784199426904,undisclosed,fico_heloc,715000.0,599000.0,LIQ-000992,Manual review,0.0,715000.0,0.7587829579544865,Very high,686000.0,686000.0,338341.3209519055,338341.3209519055,0.0,0.0,Reported delinquency | Manual review required,"{""automatic_increases_enabled"": true, ""within_maximum_increase"": true, ""within_account_exposure"": true, ""within_expected_loss_ceiling"": false, ""meets_profitability_hurdle"": false, ""payment_history_eligible"": false, ""not_overextended"": true}",debt_to_income | income_inr
2.0,0.3676405147506857,0.22340778109994758,7.0,,,undisclosed,give_me_some_credit,155000.0,57000.0,LIQ-000993,Freeze automatic increases,0.0,155000.0,0.1916996753064557,High,130500.0,130500.0,16260.924957870106,16260.924957870106,0.0,0.0,Repeated delinquency,"{""automatic_increases_enabled"": true, ""within_maximum_increase"": true, ""within_account_exposure"": true, ""within_expected_loss_ceiling"": false, ""meets_profitability_hurdle"": false, ""payment_history_eligible"": false, ""not_overextended"": true}",income_inr | credit_age_months
1.0,0.8319394792227128,0.11241566654203752,5.0,1323019.2854058077,62.422336952507635,north_america,lending_club_full,331000.0,275400.0,LIQ-000994,Manual review,0.0,331000.0,0.24062113764740425,High,317100.0,317100.0,49595.62578619473,49595.62578619473,0.0,0.0,Reported delinquency | Manual review required,"{""automatic_increases_enabled"": true, ""within_maximum_increase"": true, ""within_account_exposure"": true, ""within_expected_loss_ceiling"": false, ""meets_profitability_hurdle"": false, ""payment_history_eligible"": false, ""not_overextended"": true}",
,,0.5580200795609309,9.0,,,europe,south_german_credit,334000.0,214400.0,LIQ-000995,Manual review,0.0,334000.0,0.22808457001875318,High,304100.0,304100.0,45084.33653275685,45084.33653275685,0.0,0.0,Insufficient behavioral history | Manual review required,"{""automatic_increases_enabled"": true, ""within_maximum_increase"": true, ""within_account_exposure"": true, ""within_expected_loss_ceiling"": false, ""meets_profitability_hurdle"": false, ""payment_history_eligible"": false, ""not_overextended"": true}",delinquency_count | utilization | income_inr | credit_age_months
0.0,0.43509693496598123,0.27155894034561956,5.0,,,undisclosed,give_me_some_credit,457000.0,198800.0,LIQ-000996,Increase 30%,0.3,594100.0,0.026772819269242534,Low,392450.0,495275.0,6829.545399439251,8618.940241323164,15636.069350235102,0.15206486117418042,No reported delinquency in the harmonized source fields,"{""automatic_increases_enabled"": true, ""within_maximum_increase"": true, ""within_account_exposure"": true, ""within_expected_loss_ceiling"": true, ""meets_profitability_hurdle"": true, ""payment_history_eligible"": true, ""not_overextended"": true}",income_inr | credit_age_months
0.0,0.9815207152975379,0.2690044184459725,8.0,,,undisclosed,give_me_some_credit,215000.0,211000.0,LIQ-000997,Increase 30%,0.3,279500.0,0.08260578722013444,Moderate,214000.0,262375.0,11490.465002320701,14087.900724223802,20159.816493733102,0.4167403926353096,No reported delinquency in the harmonized source fields | High utilization with low estimated risk,"{""automatic_increases_enabled"": true, ""within_maximum_increase"": true, ""within_account_exposure"": true, ""within_expected_loss_ceiling"": true, ""meets_profitability_hurdle"": true, ""payment_history_eligible"": true, ""not_overextended"": true}",income_inr | credit_age_months
0.0,0.6220877716463277,0.35762041270795497,6.0,682084.9675223085,116.88962655462372,north_america,lending_club_full,171000.0,106400.0,LIQ-000998,No change,0.0,171000.0,0.3206732914414414,Very high,154850.0,154850.0,32276.56846680968,32276.56846680968,0.0,0.0,No reported delinquency in the harmonized source fields | Expected loss exceeds policy ceiling,"{""automatic_increases_enabled"": true, ""within_maximum_increase"": true, ""within_account_exposure"": true, ""within_expected_loss_ceiling"": false, ""meets_profitability_hurdle"": false, ""payment_history_eligible"": true, ""not_overextended"": true}",
0.0,1.067667007531719,,7.0,,159.80674749970044,undisclosed,fico_heloc,323000.0,344900.0,LIQ-000999,No change,0.0,323000.0,0.7350579842429544,Very high,323000.0,323000.0,154325.42379180828,154325.42379180828,0.0,0.0,No reported delinquency in the harmonized source fields | Expected loss exceeds policy ceiling | Incremental return below profitability hurdle,"{""automatic_increases_enabled"": true, ""within_maximum_increase"": true, ""within_account_exposure"": true, ""within_expected_loss_ceiling"": false, ""meets_profitability_hurdle"": false, ""payment_history_eligible"": true, ""not_overextended"": true}",debt_to_income | income_inr
,,0.03910711270510737,6.0,,,europe,south_german_credit,271000.0,28200.0,LIQ-001000,Manual review,0.0,271000.0,0.1976060092618099,High,210300.0,210300.0,27011.753436043105,27011.753436043105,0.0,0.0,Insufficient behavioral history | Manual review required,"{""automatic_increases_enabled"": true, ""within_maximum_increase"": true, ""within_account_exposure"": true, ""within_expected_loss_ceiling"": false, ""meets_profitability_hurdle"": false, ""payment_history_eligible"": false, ""not_overextended"": true}",delinquency_count | utilization | income_inr | credit_age_months
,,0.009227193357085382,4.0,,,europe,south_german_credit,241000.0,112100.0,LIQ-001001,Manual review,0.0,241000.0,0.19806737030337682,High,208775.0,208775.0,26878.484902806875,26878.484902806875,0.0,0.0,Insufficient behavioral history | Manual review required,"{""automatic_increases_enabled"": true, ""within_maximum_increase"": true, ""within_account_exposure"": true, ""within_expected_loss_ceiling"": false, ""meets_profitability_hurdle"": false, ""payment_history_eligible"": false, ""not_overextended"": true}",delinquency_count | utilization | income_inr | credit_age_months
,,0.5114387435739747,7.0,,,europe,south_german_credit,294000.0,133800.0,LIQ-001002,Manual review,0.0,294000.0,0.2220794225033181,High,253950.0,253950.0,36658.09507406646,36658.09507406646,0.0,0.0,Insufficient behavioral history | Manual review required,"{""automatic_increases_enabled"": true, ""within_maximum_increase"": true, ""within_account_exposure"": true, ""within_expected_loss_ceiling"": false, ""meets_profitability_hurdle"": false, ""payment_history_eligible"": false, ""not_overextended"": true}",delinquency_count | utilization | income_inr | credit_age_months
0.0,1.2411168644775592,,,,,asia,taiwan_credit,459000.0,569700.0,LIQ-001003,Manual review,0.0,459000.0,0.17473900207688672,High,459000.0,459000.0,52133.381269639154,52133.381269639154,0.0,0.0,Customer-overextension safeguard | Manual review required,"{""automatic_increases_enabled"": true, ""within_maximum_increase"": true, ""within_account_exposure"": true, ""within_expected_loss_ceiling"": true, ""meets_profitability_hurdle"": false, ""payment_history_eligible"": true, ""not_overextended"": false}",debt_to_income | credit_lines | income_inr | credit_age_months
1.0,0.22870564065319612,,,,,asia,taiwan_credit,392000.0,89700.0,LIQ-001004,Manual review,0.0,392000.0,0.25458906672922343,High,316425.0,316425.0,52362.92453586645,52362.92453586645,0.0,0.0,Reported delinquency | Manual review required,"{""automatic_increases_enabled"": true, ""within_maximum_increase"": true, ""within_account_exposure"": true, ""within_expected_loss_ceiling"": false, ""meets_profitability_hurdle"": false, ""payment_history_eligible"": false, ""not_overextended"": true}",debt_to_income | credit_lines | income_inr | credit_age_months
0.0,0.8064890592365815,,,,,asia,taiwan_credit,341000.0,275000.0,LIQ-001005,Increase 30%,0.3,443300.0,0.1367418770886859,Moderate,324500.0,401225.0,28842.280424931072,35661.7687626902,21934.85449220825,0.28588927327739655,No reported delinquency in the harmonized source fields | High utilization with low estimated risk,"{""automatic_increases_enabled"": true, ""within_maximum_increase"": true, ""within_account_exposure"": true, ""within_expected_loss_ceiling"": true, ""meets_profitability_hurdle"": true, ""payment_history_eligible"": true, ""not_overextended"": true}",debt_to_income | credit_lines | income_inr | credit_age_months
0.0,0.7708062106924755,,,,,asia,taiwan_credit,220000.0,169600.0,LIQ-001006,Increase 30%,0.3,286000.0,0.13160944696817375,Moderate,207400.0,256900.0,17742.269545779505,21976.803501980496,13273.546722590472,0.2681524590422318,No reported delinquency in the harmonized source fields | High utilization with low estimated risk,"{""automatic_increases_enabled"": true, ""within_maximum_increase"": true, ""within_account_exposure"": true, ""within_expected_loss_ceiling"": true, ""meets_profitability_hurdle"": true, ""payment_history_eligible"": true, ""not_overextended"": true}",debt_to_income | credit_lines | income_inr | credit_age_months
,,0.34447563167268763,,,,undisclosed,home_credit,212000.0,24300.0,LIQ-001007,Manual review,0.0,212000.0,0.0814213387076708,Moderate,165075.0,165075.0,8736.407866659694,8736.407866659694,0.0,0.0,Insufficient behavioral history | Manual review required,"{""automatic_increases_enabled"": true, ""within_maximum_increase"": true, ""within_account_exposure"": true, ""within_expected_loss_ceiling"": true, ""meets_profitability_hurdle"": false, ""payment_history_eligible"": false, ""not_overextended"": true}",delinquency_count | utilization | credit_lines | income_inr | credit_age_months
0.0,0.302664818700378,0.10621120284209633,11.0,,,undisclosed,give_me_some_credit,259000.0,78400.0,LIQ-001008,Increase 30%,0.3,336700.0,0.025809488084510643,Low,213850.0,272125.0,3587.5833674671903,4565.214514248348,4541.510909752298,0.07793240514375457,No reported delinquency in the harmonized source fields,"{""automatic_increases_enabled"": true, ""within_maximum_increase"": true, ""within_account_exposure"": true, ""within_expected_loss_ceiling"": true, ""meets_profitability_hurdle"": true, ""payment_history_eligible"": true, ""not_overextended"": true}",income_inr | credit_age_months
0.0,0.545597227677478,,10.0,,165.50453420234857,undisclosed,fico_heloc,472000.0,257500.0,LIQ-001009,No change,0.0,472000.0,0.5928875485312443,Very high,418375.0,418375.0,161232.06327589354,161232.06327589354,0.0,0.0,No reported delinquency in the harmonized source fields | Expected loss exceeds policy ceiling | Incremental return below profitability hurdle,"{""automatic_increases_enabled"": true, ""within_maximum_increase"": true, ""within_account_exposure"": true, ""within_expected_loss_ceiling"": false, ""meets_profitability_hurdle"": false, ""payment_history_eligible"": true, ""not_overextended"": true}",debt_to_income | income_inr
1.0,0.12008210908949692,,,,,asia,taiwan_credit,538000.0,64600.0,LIQ-001010,Manual review,0.0,538000.0,0.2653582194628629,High,419650.0,419650.0,72382.42491843378,72382.42491843378,0.0,0.0,Reported delinquency | Manual review required,"{""automatic_increases_enabled"": true, ""within_maximum_increase"": true, ""within_account_exposure"": true, ""within_expected_loss_ceiling"": false, ""meets_profitability_hurdle"": false, ""payment_history_eligible"": false, ""not_overextended"": true}",debt_to_income | credit_lines | income_inr | credit_age_months
,,0.2959607389504927,6.0,,,europe,south_german_credit,588000.0,210100.0,LIQ-001011,Manual review,0.0,588000.0,0.22835628239000907,High,493525.0,493525.0,73254.697273244,73254.697273244,0.0,0.0,Insufficient behavioral history | Manual review required,"{""automatic_increases_enabled"": true, ""within_maximum_increase"": true, ""within_account_exposure"": true, ""within_expected_loss_ceiling"": false, ""meets_profitability_hurdle"": false, ""payment_history_eligible"": false, ""not_overextended"": true}",delinquency_count | utilization | income_inr | credit_age_months
0.0,0.7325689126165831,0.19214248720462443,7.0,1109457.6803113334,146.84132592126764,north_america,lending_club_full,277000.0,202900.0,LIQ-001012,No change,0.0,277000.0,0.27595179557278343,High,258475.0,258475.0,46362.31623443888,46362.31623443888,0.0,0.0,No reported delinquency in the harmonized source fields | Expected loss exceeds policy ceiling,"{""automatic_increases_enabled"": true, ""within_maximum_increase"": true, ""within_account_exposure"": true, ""within_expected_loss_ceiling"": false, ""meets_profitability_hurdle"": false, ""payment_history_eligible"": true, ""not_overextended"": true}",
1.0,0.38733108189695914,,,,,asia,taiwan_credit,449000.0,173900.0,LIQ-001013,Manual review,0.0,449000.0,0.27466681970595164,High,380225.0,380225.0,67882.87448975205,67882.87448975205,0.0,0.0,Reported delinquency | Manual review required,"{""automatic_increases_enabled"": true, ""within_maximum_increase"": true, ""within_account_exposure"": true, ""within_expected_loss_ceiling"": false, ""meets_profitability_hurdle"": false, ""payment_history_eligible"": false, ""not_overextended"": true}",debt_to_income | credit_lines | income_inr | credit_age_months
0.0,0.4273736210654745,,9.0,,335.40042815613566,undisclosed,fico_heloc,314000.0,134200.0,LIQ-001014,No change,0.0,314000.0,0.3896562314754455,Very high,269050.0,269050.0,68144.0559010046,68144.0559010046,0.0,0.0,No reported delinquency in the harmonized source fields | Expected loss exceeds policy ceiling | Incremental return below profitability hurdle,"{""automatic_increases_enabled"": true, ""within_maximum_increase"": true, ""within_account_exposure"": true, ""within_expected_loss_ceiling"": false, ""meets_profitability_hurdle"": false, ""payment_history_eligible"": true, ""not_overextended"": true}",debt_to_income | income_inr
0.0,0.5123720268879398,0.38778609095282635,5.0,2861892.680843257,124.52015041188164,north_america,lending_club_full,715000.0,366300.0,LIQ-001015,No change,0.0,715000.0,0.3302205241107903,Very high,627825.0,627825.0,134758.455357407,134758.455357407,0.0,0.0,No reported delinquency in the harmonized source fields | Expected loss exceeds policy ceiling | Incremental return below profitability hurdle,"{""automatic_increases_enabled"": true, ""within_maximum_increase"": true, ""within_account_exposure"": true, ""within_expected_loss_ceiling"": false, ""meets_profitability_hurdle"": false, ""payment_history_eligible"": true, ""not_overextended"": true}",
0.0,0.8403482747357348,0.18377837276160747,7.0,,,undisclosed,give_me_some_credit,304000.0,255500.0,LIQ-001016,Increase 30%,0.3,395200.0,0.07036231371924942,Moderate,291875.0,360275.0,13349.050205923852,16477.35867388168,23770.50484436498,0.34752200064861083,No reported delinquency in the harmonized source fields | High utilization with low estimated risk,"{""automatic_increases_enabled"": true, ""within_maximum_increase"": true, ""within_account_exposure"": true, ""within_expected_loss_ceiling"": true, ""meets_profitability_hurdle"": true, ""payment_history_eligible"": true, ""not_overextended"": true}",income_inr | credit_age_months
,,0.44317997861418773,10.0,,,europe,south_german_credit,274000.0,56800.0,LIQ-001017,Manual review,0.0,274000.0,0.20137156743838688,High,219700.0,219700.0,28756.86668803884,28756.86668803884,0.0,0.0,Insufficient behavioral history | Manual review required,"{""automatic_increases_enabled"": true, ""within_maximum_increase"": true, ""within_account_exposure"": true, ""within_expected_loss_ceiling"": false, ""meets_profitability_hurdle"": false, ""payment_history_eligible"": false, ""not_overextended"": true}",delinquency_count | utilization | income_inr | credit_age_months
0.0,0.6689921957429761,0.31555317787058723,11.0,,,undisclosed,give_me_some_credit,178000.0,119100.0,LIQ-001018,Increase 30%,0.3,231400.0,0.06777307519929213,Moderate,163275.0,203325.0,7192.6717545568745,8956.974334682447,10106.31281633666,0.25234239241789413,No reported delinquency in the harmonized source fields | High utilization with low estimated risk,"{""automatic_increases_enabled"": true, ""within_maximum_increase"": true, ""within_account_exposure"": true, ""within_expected_loss_ceiling"": true, ""meets_profitability_hurdle"": true, ""payment_history_eligible"": true, ""not_overextended"": true}",income_inr | credit_age_months
0.0,0.48729533803624486,,5.0,,139.4236960664906,undisclosed,fico_heloc,242000.0,117900.0,LIQ-001019,No change,0.0,242000.0,0.6289633194306506,Very high,210975.0,210975.0,86252.09860597299,86252.09860597299,0.0,0.0,No reported delinquency in the harmonized source fields | Expected loss exceeds policy ceiling | Incremental return below profitability hurdle,"{""automatic_increases_enabled"": true, ""within_maximum_increase"": true, ""within_account_exposure"": true, ""within_expected_loss_ceiling"": false, ""meets_profitability_hurdle"": false, ""payment_history_eligible"": true, ""not_overextended"": true}",debt_to_income | income_inr
0.0,0.5735751168778269,0.19918095044329873,10.0,5872868.877795849,91.78674878813983,north_america,lending_club_full,1468000.0,842000.0,LIQ-001020,No change,0.0,1468000.0,0.22731329405805292,High,1311500.0,1311500.0,193778.90035213868,193778.90035213868,0.0,0.0,No reported delinquency in the harmonized source fields | Expected loss exceeds policy ceiling,"{""automatic_increases_enabled"": true, ""within_maximum_increase"": true, ""within_account_exposure"": true, ""within_expected_loss_ceiling"": false, ""meets_profitability_hurdle"": false, ""payment_history_eligible"": true, ""not_overextended"": true}",
1.0,0.9290446715096811,0.3141647645687604,5.0,2236693.353079456,255.79006607982615,north_america,lending_club_full,559000.0,519300.0,LIQ-001021,Manual review,0.0,559000.0,0.3281131592743025,Very high,549075.0,549075.0,117103.17640354947,117103.17640354947,0.0,0.0,Reported delinquency | Manual review required,"{""automatic_increases_enabled"": true, ""within_maximum_increase"": true, ""within_account_exposure"": true, ""within_expected_loss_ceiling"": false, ""meets_profitability_hurdle"": false, ""payment_history_eligible"": false, ""not_overextended"": true}",
0.0,0.6438597746699658,,,,,asia,taiwan_credit,221000.0,142300.0,LIQ-001022,Increase 30%,0.3,287300.0,0.12377322456871219,Moderate,201325.0,251050.0,16197.118883592388,20197.624218183875,10088.374758013784,0.20288335360510376,No reported delinquency in the harmonized source fields,"{""automatic_increases_enabled"": true, ""within_maximum_increase"": true, ""within_account_exposure"": true, ""within_expected_loss_ceiling"": true, ""meets_profitability_hurdle"": true, ""payment_history_eligible"": true, ""not_overextended"": true}",debt_to_income | credit_lines | income_inr | credit_age_months
0.0,0.27953851680303854,,8.0,,199.03763987439856,undisclosed,fico_heloc,957000.0,267500.0,LIQ-001023,No change,0.0,957000.0,0.4073365937101976,Very high,784625.0,784625.0,207744.20864591148,207744.20864591148,0.0,0.0,No reported delinquency in the harmonized source fields | Expected loss exceeds policy ceiling | Incremental return below profitability hurdle,"{""automatic_increases_enabled"": true, ""within_maximum_increase"": true, ""within_account_exposure"": true, ""within_expected_loss_ceiling"": false, ""meets_profitability_hurdle"": false, ""payment_history_eligible"": true, ""not_overextended"": true}",debt_to_income | income_inr
0.0,0.5023995624592608,,,,,asia,taiwan_credit,123000.0,61800.0,LIQ-001024,Increase 30%,0.3,159900.0,0.1063014666205821,Moderate,107700.0,135375.0,7441.63417077385,9353.864678444847,3678.8460271326912,0.1329302990833854,No reported delinquency in the harmonized source fields,"{""automatic_increases_enabled"": true, ""within_maximum_increase"": true, ""within_account_exposure"": true, ""within_expected_loss_ceiling"": true, ""meets_profitability_hurdle"": true, ""payment_history_eligible"": true, ""not_overextended"": true}",debt_to_income | credit_lines | income_inr | credit_age_months
0.0,0.6907399351105586,0.01014274023178271,2.0,,,undisclosed,give_me_some_credit,311000.0,214800.0,LIQ-001025,Increase 30%,0.3,404300.0,0.06372012458825616,Moderate,286950.0,356925.0,11884.918337890069,14783.148554631165,18820.18152952882,0.26895579177604606,No reported delinquency in the harmonized source fields | High utilization with low estimated risk,"{""automatic_increases_enabled"": true, ""within_maximum_increase"": true, ""within_account_exposure"": true, ""within_expected_loss_ceiling"": true, ""meets_profitability_hurdle"": true, ""payment_history_eligible"": true, ""not_overextended"": true}",income_inr | credit_age_months
0.0,0.17763286829490832,0.26692501820633013,8.0,504336.8772785393,285.13587945638835,north_america,lending_club_full,126000.0,22400.0,LIQ-001026,No change,0.0,126000.0,0.24150435067242096,High,100100.0,100100.0,15713.48057650107,15713.48057650107,0.0,0.0,No reported delinquency in the harmonized source fields | Low utilization provides no evidence of additional need | Expected loss exceeds policy ceiling | Incremental return below profitability hurdle,"{""automatic_increases_enabled"": true, ""within_maximum_increase"": true, ""within_account_exposure"": true, ""within_expected_loss_ceiling"": false, ""meets_profitability_hurdle"": false, ""payment_history_eligible"": true, ""not_overextended"": true}",
,,0.611355700693896,6.0,,,europe,south_german_credit,215000.0,122700.0,LIQ-001027,Manual review,0.0,215000.0,0.23438147468836168,High,191925.0,191925.0,29239.381944216482,29239.381944216482,0.0,0.0,Insufficient behavioral history | Manual review required,"{""automatic_increases_enabled"": true, ""within_maximum_increase"": true, ""within_account_exposure"": true, ""within_expected_loss_ceiling"": false, ""meets_profitability_hurdle"": false, ""payment_history_eligible"": false, ""not_overextended"": false}",delinquency_count | utilization | income_inr | credit_age_months
0.0,0.9635829781760793,,,,,asia,taiwan_credit,308000.0,296800.0,LIQ-001028,Increase 30%,0.3,400400.0,0.1463696758228925,Moderate,305200.0,374500.0,29036.816289745417,35630.03833718761,25396.558887444517,0.3664727112185356,No reported delinquency in the harmonized source fields | High utilization with low estimated risk,"{""automatic_increases_enabled"": true, ""within_maximum_increase"": true, ""within_account_exposure"": true, ""within_expected_loss_ceiling"": true, ""meets_profitability_hurdle"": true, ""payment_history_eligible"": true, ""not_overextended"": true}",debt_to_income | credit_lines | income_inr | credit_age_months
,,0.11876432660833397,,,,undisclosed,home_credit,184000.0,94300.0,LIQ-001029,Manual review,0.0,184000.0,0.07639291007214889,Moderate,161575.0,161575.0,8023.069889189848,8023.069889189848,0.0,0.0,Insufficient behavioral history | Manual review required,"{""automatic_increases_enabled"": true, ""within_maximum_increase"": true, ""within_account_exposure"": true, ""within_expected_loss_ceiling"": true, ""meets_profitability_hurdle"": false, ""payment_history_eligible"": false, ""not_overextended"": true}",delinquency_count | utilization | credit_lines | income_inr | credit_age_months
0.0,0.741014969212378,,9.0,,95.43338667591895,undisclosed,fico_heloc,508000.0,376400.0,LIQ-001030,No change,0.0,508000.0,0.7653845913788585,Very high,475100.0,475100.0,236362.24258666218,236362.24258666218,0.0,0.0,No reported delinquency in the harmonized source fields | Expected loss exceeds policy ceiling | Incremental return below profitability hurdle,"{""automatic_increases_enabled"": true, ""within_maximum_increase"": true, ""within_account_exposure"": true, ""within_expected_loss_ceiling"": false, ""meets_profitability_hurdle"": false, ""payment_history_eligible"": true, ""not_overextended"": true}",debt_to_income | income_inr
3.0,0.4804162704854362,,,,,asia,taiwan_credit,842000.0,404500.0,LIQ-001031,Freeze automatic increases,0.0,842000.0,0.523746505298271,Very high,732625.0,732625.0,249411.3592386948,249411.3592386948,0.0,0.0,Repeated delinquency,"{""automatic_increases_enabled"": true, ""within_maximum_increase"": true, ""within_account_exposure"": true, ""within_expected_loss_ceiling"": false, ""meets_profitability_hurdle"": false, ""payment_history_eligible"": false, ""not_overextended"": true}",debt_to_income | credit_lines | income_inr | credit_age_months
,,0.49025426676194656,,,,undisclosed,home_credit,605000.0,166700.0,LIQ-001032,Manual review,0.0,605000.0,0.0816667968826516,Moderate,495425.0,495425.0,26298.852349631987,26298.852349631987,0.0,0.0,Insufficient behavioral history | Manual review required,"{""automatic_increases_enabled"": true, ""within_maximum_increase"": true, ""within_account_exposure"": true, ""within_expected_loss_ceiling"": true, ""meets_profitability_hurdle"": false, ""payment_history_eligible"": false, ""not_overextended"": true}",delinquency_count | utilization | credit_lines | income_inr | credit_age_months
0.0,0.6246918576229873,0.43255229555479274,10.0,,,undisclosed,give_me_some_credit,681000.0,425400.0,LIQ-001033,Increase 30%,0.3,885300.0,0.06473486767075597,Moderate,617100.0,770325.0,25966.12644575528,32413.47651000881,35713.18637559253,0.23307675885522944,No reported delinquency in the harmonized source fields,"{""automatic_increases_enabled"": true, ""within_maximum_increase"": true, ""within_account_exposure"": true, ""within_expected_loss_ceiling"": true, ""meets_profitability_hurdle"": true, ""payment_history_eligible"": true, ""not_overextended"": true}",income_inr | credit_age_months
0.0,0.16049016295655216,0.19155067755200722,9.0,635938.4172140822,91.39234881459471,north_america,lending_club_full,159000.0,25500.0,LIQ-001034,No change,0.0,159000.0,0.1869971509718158,High,125625.0,125625.0,15269.486109042335,15269.486109042335,0.0,0.0,No reported delinquency in the harmonized source fields | Low utilization provides no evidence of additional need | Expected loss exceeds policy ceiling | Incremental return below profitability hurdle,"{""automatic_increases_enabled"": true, ""within_maximum_increase"": true, ""within_account_exposure"": true, ""within_expected_loss_ceiling"": false, ""meets_profitability_hurdle"": false, ""payment_history_eligible"": true, ""not_overextended"": true}",
,,0.33188745088181043,,,,undisclosed,home_credit,299000.0,204100.0,LIQ-001035,Manual review,0.0,299000.0,0.081723070315302,Moderate,275275.0,275275.0,14622.606817679094,14622.606817679094,0.0,0.0,Insufficient behavioral history | Manual review required,"{""automatic_increases_enabled"": true, ""within_maximum_increase"": true, ""within_account_exposure"": true, ""within_expected_loss_ceiling"": true, ""meets_profitability_hurdle"": false, ""payment_history_eligible"": false, ""not_overextended"": true}",delinquency_count | utilization | credit_lines | income_inr | credit_age_months
1.0,0.23968578110750366,0.27500585982478293,7.0,2982673.0178174726,268.2288456269121,north_america,lending_club_full,746000.0,178800.0,LIQ-001036,Manual review,0.0,746000.0,0.24478261545263094,High,604200.0,604200.0,96133.47656671176,96133.47656671176,0.0,0.0,Reported delinquency | Manual review required,"{""automatic_increases_enabled"": true, ""within_maximum_increase"": true, ""within_account_exposure"": true, ""within_expected_loss_ceiling"": false, ""meets_profitability_hurdle"": false, ""payment_history_eligible"": false, ""not_overextended"": true}",
0.0,0.5303880251059044,,4.0,,111.80763952332984,undisclosed,fico_heloc,617000.0,327200.0,LIQ-001037,No change,0.0,617000.0,0.7111238439653139,Very high,544550.0,544550.0,251707.6180003526,251707.6180003526,0.0,0.0,No reported delinquency in the harmonized source fields | Expected loss exceeds policy ceiling | Incremental return below profitability hurdle,"{""automatic_increases_enabled"": true, ""within_maximum_increase"": true, ""within_account_exposure"": true, ""within_expected_loss_ceiling"": false, ""meets_profitability_hurdle"": false, ""payment_history_eligible"": true, ""not_overextended"": true}",debt_to_income | income_inr
0.0,0.5984237689737009,,,,,asia,taiwan_credit,1094000.0,654700.0,LIQ-001038,Increase 30%,0.3,1422200.0,0.12081084008725751,Moderate,984175.0,1230325.0,77284.35555286983,96613.78793973081,44924.30236344572,0.18250783003634255,No reported delinquency in the harmonized source fields,"{""automatic_increases_enabled"": true, ""within_maximum_increase"": true, ""within_account_exposure"": true, ""within_expected_loss_ceiling"": true, ""meets_profitability_hurdle"": true, ""payment_history_eligible"": true, ""not_overextended"": true}",debt_to_income | credit_lines | income_inr | credit_age_months
1.0,0.34170955875292824,0.2756834634840527,10.0,500424.08856364555,144.25750938058374,north_america,lending_club_full,125000.0,42700.0,LIQ-001039,Manual review,0.0,125000.0,0.2980344269393997,High,104425.0,104425.0,20229.459271545427,20229.459271545427,0.0,0.0,Reported delinquency | Manual review required,"{""automatic_increases_enabled"": true, ""within_maximum_increase"": true, ""within_account_exposure"": true, ""within_expected_loss_ceiling"": false, ""meets_profitability_hurdle"": false, ""payment_history_eligible"": false, ""not_overextended"": true}",
0.0,0.3521202372680216,,,,,asia,taiwan_credit,627000.0,220800.0,LIQ-001040,Increase 30%,0.3,815100.0,0.09146594794651138,Moderate,525450.0,666525.0,31239.508526521364,39626.82162078152,9097.457860541606,0.06448667631076807,No reported delinquency in the harmonized source fields,"{""automatic_increases_enabled"": true, ""within_maximum_increase"": true, ""within_account_exposure"": true, ""within_expected_loss_ceiling"": true, ""meets_profitability_hurdle"": true, ""payment_history_eligible"": true, ""not_overextended"": true}",debt_to_income | credit_lines | income_inr | credit_age_months
,,0.22076249137122889,7.0,,,europe,south_german_credit,1939000.0,298500.0,LIQ-001041,Manual review,0.0,1939000.0,0.21654302959688598,High,1528875.0,1528875.0,215193.6958437104,215193.6958437104,0.0,0.0,Insufficient behavioral history | Manual review required,"{""automatic_increases_enabled"": true, ""within_maximum_increase"": true, ""within_account_exposure"": true, ""within_expected_loss_ceiling"": false, ""meets_profitability_hurdle"": false, ""payment_history_eligible"": false, ""not_overextended"": true}",delinquency_count | utilization | income_inr | credit_age_months
0.0,0.3080106977430314,,4.0,,36.53818840503092,undisclosed,fico_heloc,373000.0,114900.0,LIQ-001042,No change,0.0,373000.0,0.7064570741676407,Very high,308475.0,308475.0,141650.82487001093,141650.82487001093,0.0,0.0,No reported delinquency in the harmonized source fields | Expected loss exceeds policy ceiling | Incremental return below profitability hurdle,"{""automatic_increases_enabled"": true, ""within_maximum_increase"": true, ""within_account_exposure"": true, ""within_expected_loss_ceiling"": false, ""meets_profitability_hurdle"": false, ""payment_history_eligible"": true, ""not_overextended"": true}",debt_to_income | income_inr
0.0,0.36190539818156536,,,,,asia,taiwan_credit,290000.0,105000.0,LIQ-001043,Increase 30%,0.3,377000.0,0.09183520785920245,Moderate,243750.0,309000.0,14550.140745192388,18445.101498520813,4449.322263730426,0.068188846953723,No reported delinquency in the harmonized source fields,"{""automatic_increases_enabled"": true, ""within_maximum_increase"": true, ""within_account_exposure"": true, ""within_expected_loss_ceiling"": true, ""meets_profitability_hurdle"": true, ""payment_history_eligible"": true, ""not_overextended"": true}",debt_to_income | credit_lines | income_inr | credit_age_months
0.0,1.0152843875264117,,5.0,,212.53055788018082,undisclosed,fico_heloc,393000.0,399000.0,LIQ-001044,No change,0.0,393000.0,0.7097299895550965,Very high,393000.0,393000.0,181300.5258318494,181300.5258318494,0.0,0.0,No reported delinquency in the harmonized source fields | Expected loss exceeds policy ceiling,"{""automatic_increases_enabled"": true, ""within_maximum_increase"": true, ""within_account_exposure"": true, ""within_expected_loss_ceiling"": false, ""meets_profitability_hurdle"": false, ""payment_history_eligible"": true, ""not_overextended"": true}",debt_to_income | income_inr
0.0,0.6182647050557889,,,,,asia,taiwan_credit,193000.0,119300.0,LIQ-001045,Increase 30%,0.3,250900.0,0.12266991346734986,Moderate,174575.0,218000.0,13919.81509331569,17382.326738323474,8202.349841563424,0.1888854310089447,No reported delinquency in the harmonized source fields,"{""automatic_increases_enabled"": true, ""within_maximum_increase"": true, ""within_account_exposure"": true, ""within_expected_loss_ceiling"": true, ""meets_profitability_hurdle"": true, ""payment_history_eligible"": true, ""not_overextended"": true}",debt_to_income | credit_lines | income_inr | credit_age_months
,,0.42320756490324135,,,,undisclosed,home_credit,366000.0,146500.0,LIQ-001046,Manual review,0.0,366000.0,0.0816667968826516,Moderate,311125.0,311125.0,16515.57841707474,16515.57841707474,0.0,0.0,Insufficient behavioral history | Manual review required,"{""automatic_increases_enabled"": true, ""within_maximum_increase"": true, ""within_account_exposure"": true, ""within_expected_loss_ceiling"": true, ""meets_profitability_hurdle"": false, ""payment_history_eligible"": false, ""not_overextended"": true}",delinquency_count | utilization | credit_lines | income_inr | credit_age_months
0.0,0.9203084901860026,0.19851693871059126,12.0,806673.4965119454,158.4317951493507,north_america,lending_club_full,202000.0,185900.0,LIQ-001047,No change,0.0,202000.0,0.29930248372650786,High,197975.0,197975.0,38515.36599024101,38515.36599024101,0.0,0.0,No reported delinquency in the harmonized source fields | Expected loss exceeds policy ceiling,"{""automatic_increases_enabled"": true, ""within_maximum_increase"": true, ""within_account_exposure"": true, ""within_expected_loss_ceiling"": false, ""meets_profitability_hurdle"": false, ""payment_history_eligible"": true, ""not_overextended"": true}",
1.0,0.6402504937238807,,,,,asia,taiwan_credit,248000.0,158800.0,LIQ-001048,Manual review,0.0,248000.0,0.3094527105682379,Very high,225700.0,225700.0,45398.25990391335,45398.25990391335,0.0,0.0,Reported delinquency | Manual review required,"{""automatic_increases_enabled"": true, ""within_maximum_increase"": true, ""within_account_exposure"": true, ""within_expected_loss_ceiling"": false, ""meets_profitability_hurdle"": false, ""payment_history_eligible"": false, ""not_overextended"": true}",debt_to_income | credit_lines | income_inr | credit_age_months
0.0,0.604867411875925,0.09829784839809835,9.0,,,undisclosed,give_me_some_credit,325000.0,196600.0,LIQ-001049,Increase 30%,0.3,422500.0,0.0614541964463407,Moderate,292900.0,366025.0,11699.957190436575,14620.951965276707,16301.8825363158,0.2229317269923528,No reported delinquency in the harmonized source fields,"{""automatic_increases_enabled"": true, ""within_maximum_increase"": true, ""within_account_exposure"": true, ""within_expected_loss_ceiling"": true, ""meets_profitability_hurdle"": true, ""payment_history_eligible"": true, ""not_overextended"": true}",income_inr | credit_age_months
1.0,0.6219872386808301,,,,,asia,taiwan_credit,649000.0,403700.0,LIQ-001050,Manual review,0.0,649000.0,0.3072620853709774,Very high,587675.0,587675.0,117370.65991325295,117370.65991325295,0.0,0.0,Reported delinquency | Manual review required,"{""automatic_increases_enabled"": true, ""within_maximum_increase"": true, ""within_account_exposure"": true, ""within_expected_loss_ceiling"": false, ""meets_profitability_hurdle"": false, ""payment_history_eligible"": false, ""not_overextended"": true}",debt_to_income | credit_lines | income_inr | credit_age_months
,,0.3947828448949364,11.0,,,europe,south_german_credit,721000.0,179200.0,LIQ-001051,Manual review,0.0,721000.0,0.20024470227546684,High,585550.0,585550.0,76214.63552130976,76214.63552130976,0.0,0.0,Insufficient behavioral history | Manual review required,"{""automatic_increases_enabled"": true, ""within_maximum_increase"": true, ""within_account_exposure"": true, ""within_expected_loss_ceiling"": false, ""meets_profitability_hurdle"": false, ""payment_history_eligible"": false, ""not_overextended"": true}",delinquency_count | utilization | income_inr | credit_age_months
1.0,0.4874691097784796,,,,,asia,taiwan_credit,187000.0,91200.0,LIQ-001052,Manual review,0.0,187000.0,0.2930804786836551,High,163050.0,163050.0,31061.40183209048,31061.40183209048,0.0,0.0,Reported delinquency | Manual review required,"{""automatic_increases_enabled"": true, ""within_maximum_increase"": true, ""within_account_exposure"": true, ""within_expected_loss_ceiling"": false, ""meets_profitability_hurdle"": false, ""payment_history_eligible"": false, ""not_overextended"": true}",debt_to_income | credit_lines | income_inr | credit_age_months
,,0.4577327652985793,,,,undisclosed,home_credit,1349000.0,264800.0,LIQ-001053,Manual review,0.0,1349000.0,0.0816667968826516,Moderate,1077950.0,1077950.0,57221.2704047753,57221.2704047753,0.0,0.0,Insufficient behavioral history | Manual review required,"{""automatic_increases_enabled"": true, ""within_maximum_increase"": true, ""within_account_exposure"": true, ""within_expected_loss_ceiling"": true, ""meets_profitability_hurdle"": false, ""payment_history_eligible"": false, ""not_overextended"": true}",delinquency_count | utilization | credit_lines | income_inr | credit_age_months
1.0,0.8457251718376757,,6.0,,335.1222323431677,undisclosed,fico_heloc,385000.0,325600.0,LIQ-001054,Manual review,0.0,385000.0,0.6077225447186358,Very high,370150.0,370150.0,146216.52495294198,146216.52495294198,0.0,0.0,Reported delinquency | Manual review required,"{""automatic_increases_enabled"": true, ""within_maximum_increase"": true, ""within_account_exposure"": true, ""within_expected_loss_ceiling"": false, ""meets_profitability_hurdle"": false, ""payment_history_eligible"": false, ""not_overextended"": true}",debt_to_income | income_inr
,,0.4602811103098881,,,,undisclosed,home_credit,409000.0,227700.0,LIQ-001055,Manual review,0.0,409000.0,0.0816667968826516,Moderate,363675.0,363675.0,19305.11203159391,19305.11203159391,0.0,0.0,Insufficient behavioral history | Manual review required,"{""automatic_increases_enabled"": true, ""within_maximum_increase"": true, ""within_account_exposure"": true, ""within_expected_loss_ceiling"": true, ""meets_profitability_hurdle"": false, ""payment_history_eligible"": false, ""not_overextended"": true}",delinquency_count | utilization | credit_lines | income_inr | credit_age_months
1.0,0.39730018531310624,,,,,asia,taiwan_credit,122000.0,48500.0,LIQ-001056,Manual review,0.0,122000.0,0.27571318574663045,High,103625.0,103625.0,18571.00626744648,18571.00626744648,0.0,0.0,Reported delinquency | Manual review required,"{""automatic_increases_enabled"": true, ""within_maximum_increase"": true, ""within_account_exposure"": true, ""within_expected_loss_ceiling"": false, ""meets_profitability_hurdle"": false, ""payment_history_eligible"": false, ""not_overextended"": true}",debt_to_income | credit_lines | income_inr | credit_age_months
,,0.15937669374944025,,,,undisclosed,home_credit,234000.0,84900.0,LIQ-001057,Manual review,0.0,234000.0,0.0812692028104184,Moderate,196725.0,196725.0,10391.994549871715,10391.994549871715,0.0,0.0,Insufficient behavioral history | Manual review required,"{""automatic_increases_enabled"": true, ""within_maximum_increase"": true, ""within_account_exposure"": true, ""within_expected_loss_ceiling"": true, ""meets_profitability_hurdle"": false, ""payment_history_eligible"": false, ""not_overextended"": true}",delinquency_count | utilization | credit_lines | income_inr | credit_age_months
0.0,0.0791658808021478,0.18848504619470688,6.0,,,undisclosed,give_me_some_credit,693000.0,54900.0,LIQ-001058,No change,0.0,693000.0,0.00844979437943715,Low,533475.0,533475.0,2930.040136770652,2930.040136770652,0.0,0.0,No reported delinquency in the harmonized source fields | Low utilization provides no evidence of additional need | Incremental return below profitability hurdle,"{""automatic_increases_enabled"": true, ""within_maximum_increase"": true, ""within_account_exposure"": true, ""within_expected_loss_ceiling"": true, ""meets_profitability_hurdle"": false, ""payment_history_eligible"": true, ""not_overextended"": true}",income_inr | credit_age_months
,,0.18683375461385002,7.0,,,europe,south_german_credit,391000.0,181100.0,LIQ-001059,Manual review,0.0,391000.0,0.21393694654883652,High,338525.0,338525.0,47074.95313978918,47074.95313978918,0.0,0.0,Insufficient behavioral history | Manual review required,"{""automatic_increases_enabled"": true, ""within_maximum_increase"": true, ""within_account_exposure"": true, ""within_expected_loss_ceiling"": false, ""meets_profitability_hurdle"": false, ""payment_history_eligible"": false, ""not_overextended"": true}",delinquency_count | utilization | income_inr | credit_age_months
1.0,0.8019050806559116,0.25456837982429775,9.0,,,undisclosed,give_me_some_credit,375000.0,300700.0,LIQ-001060,Manual review,0.0,375000.0,0.16249890378132292,High,356425.0,356425.0,37647.13665716771,37647.13665716771,0.0,0.0,Reported delinquency | Manual review required,"{""automatic_increases_enabled"": true, ""within_maximum_increase"": true, ""within_account_exposure"": true, ""within_expected_loss_ceiling"": true, ""meets_profitability_hurdle"": false, ""payment_history_eligible"": false, ""not_overextended"": true}",income_inr | credit_age_months
,,0.21583383033119513,9.0,,,europe,south_german_credit,406000.0,138200.0,LIQ-001061,Manual review,0.0,406000.0,0.21296859798515408,High,339050.0,339050.0,46934.55204546322,46934.55204546322,0.0,0.0,Insufficient behavioral history | Manual review required,"{""automatic_increases_enabled"": true, ""within_maximum_increase"": true, ""within_account_exposure"": true, ""within_expected_loss_ceiling"": false, ""meets_profitability_hurdle"": false, ""payment_history_eligible"": false, ""not_overextended"": true}",delinquency_count | utilization | income_inr | credit_age_months
0.0,0.39585750187117213,0.36579519364618773,13.0,515712.7819819261,98.7568104851832,north_america,lending_club_full,129000.0,51100.0,LIQ-001062,No change,0.0,129000.0,0.32472486653881516,Very high,109525.0,109525.0,23117.569154981426,23117.569154981426,0.0,0.0,No reported delinquency in the harmonized source fields | Expected loss exceeds policy ceiling | Incremental return below profitability hurdle,"{""automatic_increases_enabled"": true, ""within_maximum_increase"": true, ""within_account_exposure"": true, ""within_expected_loss_ceiling"": false, ""meets_profitability_hurdle"": false, ""payment_history_eligible"": true, ""not_overextended"": true}",
0.0,0.5999783782126048,0.27577480460787157,6.0,1240273.9185011254,233.994226239343,north_america,lending_club_full,310000.0,186000.0,LIQ-001063,No change,0.0,310000.0,0.3068405473874935,Very high,279000.0,279000.0,55645.53326872195,55645.53326872195,0.0,0.0,No reported delinquency in the harmonized source fields | Expected loss exceeds policy ceiling,"{""automatic_increases_enabled"": true, ""within_maximum_increase"": true, ""within_account_exposure"": true, ""within_expected_loss_ceiling"": false, ""meets_profitability_hurdle"": false, ""payment_history_eligible"": true, ""not_overextended"": true}",
0.0,0.7425623641332834,,2.0,,238.19165284013366,undisclosed,fico_heloc,874000.0,649000.0,LIQ-001064,No change,0.0,874000.0,0.5773100871248986,Very high,817750.0,817750.0,306861.9604351508,306861.9604351508,0.0,0.0,No reported delinquency in the harmonized source fields | Expected loss exceeds policy ceiling | Incremental return below profitability hurdle,"{""automatic_increases_enabled"": true, ""within_maximum_increase"": true, ""within_account_exposure"": true, ""within_expected_loss_ceiling"": false, ""meets_profitability_hurdle"": false, ""payment_history_eligible"": true, ""not_overextended"": true}",debt_to_income | income_inr
0.0,0.8768747517150798,0.2849323027928061,2.0,,,undisclosed,give_me_some_credit,709000.0,621700.0,LIQ-001065,Increase 30%,0.3,921700.0,0.0780872995837762,Moderate,687175.0,846700.0,34878.76605946292,42975.735762429154,58107.66207605155,0.3642542678329513,No reported delinquency in the harmonized source fields | High utilization with low estimated risk,"{""automatic_increases_enabled"": true, ""within_maximum_increase"": true, ""within_account_exposure"": true, ""within_expected_loss_ceiling"": true, ""meets_profitability_hurdle"": true, ""payment_history_eligible"": true, ""not_overextended"": true}",income_inr | credit_age_months
0.0,0.6381811539524079,0.29433028139675144,7.0,,,undisclosed,give_me_some_credit,323000.0,206100.0,LIQ-001066,Increase 30%,0.3,419900.0,0.05243022767594022,Moderate,293775.0,366450.0,10011.74858807457,12488.487005701392,17968.981219892725,0.24725120357609529,No reported delinquency in the harmonized source fields,"{""automatic_increases_enabled"": true, ""within_maximum_increase"": true, ""within_account_exposure"": true, ""within_expected_loss_ceiling"": true, ""meets_profitability_hurdle"": true, ""payment_history_eligible"": true, ""not_overextended"": true}",income_inr | credit_age_months
0.0,0.45340541265184975,0.2454538471847291,6.0,,,undisclosed,give_me_some_credit,967000.0,438400.0,LIQ-001067,Increase 30%,0.3,1257100.0,0.026800035056427963,Low,834850.0,1052425.0,14543.106023458276,18333.26748126978,35490.9726076319,0.16312063705679375,No reported delinquency in the harmonized source fields,"{""automatic_increases_enabled"": true, ""within_maximum_increase"": true, ""within_account_exposure"": true, ""within_expected_loss_ceiling"": true, ""meets_profitability_hurdle"": true, ""payment_history_eligible"": true, ""not_overextended"": true}",income_inr | credit_age_months
0.0,0.5852644480506551,0.7328807932229028,7.0,965124.3196309807,33.698350377516505,north_america,lending_club_full,241000.0,141000.0,LIQ-001068,Manual review,0.0,241000.0,0.37907099156084056,Very high,216000.0,216000.0,53221.56721514202,53221.56721514202,0.0,0.0,Customer-overextension safeguard | Manual review required,"{""automatic_increases_enabled"": true, ""within_maximum_increase"": true, ""within_account_exposure"": true, ""within_expected_loss_ceiling"": false, ""meets_profitability_hurdle"": false, ""payment_history_eligible"": true, ""not_overextended"": false}",
0.0,0.894199246106241,0.08998364366258013,8.0,405295.7822896073,131.75106389628297,north_america,lending_club_full,101000.0,90300.0,LIQ-001069,No change,0.0,101000.0,0.25836598486811696,High,98325.0,98325.0,16512.49305040244,16512.49305040244,0.0,0.0,No reported delinquency in the harmonized source fields | Expected loss exceeds policy ceiling,"{""automatic_increases_enabled"": true, ""within_maximum_increase"": true, ""within_account_exposure"": true, ""within_expected_loss_ceiling"": false, ""meets_profitability_hurdle"": false, ""payment_history_eligible"": true, ""not_overextended"": true}",
0.0,0.9466528381568095,0.4826716450748151,9.0,2094056.2042255495,137.9683732986686,north_america,lending_club_full,524000.0,496000.0,LIQ-001070,No change,0.0,524000.0,0.39149357294125425,Very high,517000.0,517000.0,131561.4151869085,131561.4151869085,0.0,0.0,No reported delinquency in the harmonized source fields | Expected loss exceeds policy ceiling,"{""automatic_increases_enabled"": true, ""within_maximum_increase"": true, ""within_account_exposure"": true, ""within_expected_loss_ceiling"": false, ""meets_profitability_hurdle"": false, ""payment_history_eligible"": true, ""not_overextended"": true}",
,,0.055283447987598544,10.0,,,europe,south_german_credit,510000.0,402400.0,LIQ-001071,Manual review,0.0,510000.0,0.17764692650620695,High,483100.0,483100.0,55783.79962684657,55783.79962684657,0.0,0.0,Insufficient behavioral history | Manual review required,"{""automatic_increases_enabled"": true, ""within_maximum_increase"": true, ""within_account_exposure"": true, ""within_expected_loss_ceiling"": true, ""meets_profitability_hurdle"": false, ""payment_history_eligible"": false, ""not_overextended"": true}",delinquency_count | utilization | income_inr | credit_age_months
0.0,0.8799484596897631,0.0023646941810625127,5.0,,,undisclosed,give_me_some_credit,290000.0,255200.0,LIQ-001072,Increase 30%,0.3,377000.0,0.0782759549578249,Moderate,281300.0,346550.0,14312.366984263494,17632.245923912244,23764.40461024455,0.36420543463976324,No reported delinquency in the harmonized source fields | High utilization with low estimated risk,"{""automatic_increases_enabled"": true, ""within_maximum_increase"": true, ""within_account_exposure"": true, ""within_expected_loss_ceiling"": true, ""meets_profitability_hurdle"": true, ""payment_history_eligible"": true, ""not_overextended"": true}",income_inr | credit_age_months
0.0,0.18537431895685952,,7.0,,168.7462510447783,undisclosed,fico_heloc,338000.0,62700.0,LIQ-001073,No change,0.0,338000.0,0.3311044528384075,Very high,269175.0,269175.0,57931.27671030592,57931.27671030592,0.0,0.0,No reported delinquency in the harmonized source fields | Low utilization provides no evidence of additional need | Expected loss exceeds policy ceiling | Incremental return below profitability hurdle,"{""automatic_increases_enabled"": true, ""within_maximum_increase"": true, ""within_account_exposure"": true, ""within_expected_loss_ceiling"": false, ""meets_profitability_hurdle"": false, ""payment_history_eligible"": true, ""not_overextended"": true}",debt_to_income | income_inr
1.0,0.30345046854565083,,6.0,,180.11841914006533,undisclosed,fico_heloc,207000.0,62800.0,LIQ-001074,Manual review,0.0,207000.0,0.5423671814476468,Very high,170950.0,170950.0,60266.4852845089,60266.4852845089,0.0,0.0,Reported delinquency | Manual review required,"{""automatic_increases_enabled"": true, ""within_maximum_increase"": true, ""within_account_exposure"": true, ""within_expected_loss_ceiling"": false, ""meets_profitability_hurdle"": false, ""payment_history_eligible"": false, ""not_overextended"": true}",debt_to_income | income_inr
0.0,0.7705790895125977,0.2961042517366174,6.0,596391.991564561,219.2878959366947,north_america,lending_club_full,149000.0,114800.0,LIQ-001075,No change,0.0,149000.0,0.32523268076256834,Very high,140450.0,140450.0,29691.304508516772,29691.304508516772,0.0,0.0,No reported delinquency in the harmonized source fields | Expected loss exceeds policy ceiling,"{""automatic_increases_enabled"": true, ""within_maximum_increase"": true, ""within_account_exposure"": true, ""within_expected_loss_ceiling"": false, ""meets_profitability_hurdle"": false, ""payment_history_eligible"": true, ""not_overextended"": true}",
,,0.2262823136731805,3.0,,,europe,south_german_credit,398000.0,202300.0,LIQ-001076,Manual review,0.0,398000.0,0.23380519076150322,High,349075.0,349075.0,53050.10552729663,53050.10552729663,0.0,0.0,Insufficient behavioral history | Manual review required,"{""automatic_increases_enabled"": true, ""within_maximum_increase"": true, ""within_account_exposure"": true, ""within_expected_loss_ceiling"": false, ""meets_profitability_hurdle"": false, ""payment_history_eligible"": false, ""not_overextended"": true}",delinquency_count | utilization | income_inr | credit_age_months
0.0,0.39470997562359067,0.14232778844637728,6.0,,,undisclosed,give_me_some_credit,355000.0,140100.0,LIQ-001077,Increase 30%,0.3,461500.0,0.026148442686575207,Low,301275.0,381150.0,5120.616845758665,6478.211304492291,10349.978978813153,0.12957720161268424,No reported delinquency in the harmonized source fields,"{""automatic_increases_enabled"": true, ""within_maximum_increase"": true, ""within_account_exposure"": true, ""within_expected_loss_ceiling"": true, ""meets_profitability_hurdle"": true, ""payment_history_eligible"": true, ""not_overextended"": true}",income_inr | credit_age_months
1.0,0.40917538211028043,,,,,asia,taiwan_credit,165000.0,67500.0,LIQ-001078,Manual review,0.0,165000.0,0.2763525453734571,High,140625.0,140625.0,25260.349850542567,25260.349850542567,0.0,0.0,Reported delinquency | Manual review required,"{""automatic_increases_enabled"": true, ""within_maximum_increase"": true, ""within_account_exposure"": true, ""within_expected_loss_ceiling"": false, ""meets_profitability_hurdle"": false, ""payment_history_eligible"": false, ""not_overextended"": true}",debt_to_income | credit_lines | income_inr | credit_age_months
0.0,0.24955519420182895,,6.0,,141.83693708952654,undisclosed,fico_heloc,416000.0,103800.0,LIQ-001079,No change,0.0,416000.0,0.48209375656022635,Very high,337950.0,337950.0,105900.33026919352,105900.33026919352,0.0,0.0,No reported delinquency in the harmonized source fields | Expected loss exceeds policy ceiling | Incremental return below profitability hurdle,"{""automatic_increases_enabled"": true, ""within_maximum_increase"": true, ""within_account_exposure"": true, ""within_expected_loss_ceiling"": false, ""meets_profitability_hurdle"": false, ""payment_history_eligible"": true, ""not_overextended"": true}",debt_to_income | income_inr
1.0,0.4504518365878973,,,,,asia,taiwan_credit,248000.0,111700.0,LIQ-001080,Manual review,0.0,248000.0,0.28052264911105484,High,213925.0,213925.0,39007.025012203565,39007.025012203565,0.0,0.0,Reported delinquency | Manual review required,"{""automatic_increases_enabled"": true, ""within_maximum_increase"": true, ""within_account_exposure"": true, ""within_expected_loss_ceiling"": false, ""meets_profitability_hurdle"": false, ""payment_history_eligible"": false, ""not_overextended"": true}",debt_to_income | credit_lines | income_inr | credit_age_months
0.0,0.5051284750607128,0.45674259491724295,6.0,,,undisclosed,give_me_some_credit,184000.0,92900.0,LIQ-001081,Increase 30%,0.3,239200.0,0.03332504046225989,Low,161225.0,202625.0,3492.339271543103,4389.116110382517,7619.0127413100745,0.1840341241862337,No reported delinquency in the harmonized source fields,"{""automatic_increases_enabled"": true, ""within_maximum_increase"": true, ""within_account_exposure"": true, ""within_expected_loss_ceiling"": true, ""meets_profitability_hurdle"": true, ""payment_history_eligible"": true, ""not_overextended"": true}",income_inr | credit_age_months
0.0,0.5416779994683208,0.28743228154119294,8.0,,,undisclosed,give_me_some_credit,797000.0,431700.0,LIQ-001082,Increase 30%,0.3,1036100.0,0.03840946543647085,Low,705675.0,885000.0,17617.98968922302,22095.04499232986,36642.6188788748,0.20433636625609813,No reported delinquency in the harmonized source fields,"{""automatic_increases_enabled"": true, ""within_maximum_increase"": true, ""within_account_exposure"": true, ""within_expected_loss_ceiling"": true, ""meets_profitability_hurdle"": true, ""payment_history_eligible"": true, ""not_overextended"": true}",income_inr | credit_age_months
0.0,0.5925629965453766,0.11000177574288122,8.0,553136.2561074535,104.9454079473325,north_america,lending_club_full,138000.0,81800.0,LIQ-001083,No change,0.0,138000.0,0.21317395390332985,High,123950.0,123950.0,17174.89253110653,17174.89253110653,0.0,0.0,No reported delinquency in the harmonized source fields | Expected loss exceeds policy ceiling,"{""automatic_increases_enabled"": true, ""within_maximum_increase"": true, ""within_account_exposure"": true, ""within_expected_loss_ceiling"": false, ""meets_profitability_hurdle"": false, ""payment_history_eligible"": true, ""not_overextended"": true}",
1.0,0.7733475984452177,,7.0,,132.38756405727204,undisclosed,fico_heloc,1237000.0,956600.0,LIQ-001084,Manual review,0.0,1237000.0,0.7496483756051351,Very high,1166900.0,1166900.0,568597.048170861,568597.048170861,0.0,0.0,Reported delinquency | Manual review required,"{""automatic_increases_enabled"": true, ""within_maximum_increase"": true, ""within_account_exposure"": true, ""within_expected_loss_ceiling"": false, ""meets_profitability_hurdle"": false, ""payment_history_eligible"": false, ""not_overextended"": true}",debt_to_income | income_inr
,,0.2512525169052596,,,,undisclosed,home_credit,534000.0,36500.0,LIQ-001085,Manual review,0.0,534000.0,0.0822952082090523,Moderate,409625.0,409625.0,21911.613530711482,21911.613530711482,0.0,0.0,Insufficient behavioral history | Manual review required,"{""automatic_increases_enabled"": true, ""within_maximum_increase"": true, ""within_account_exposure"": true, ""within_expected_loss_ceiling"": true, ""meets_profitability_hurdle"": false, ""payment_history_eligible"": false, ""not_overextended"": true}",delinquency_count | utilization | credit_lines | income_inr | credit_age_months
1.0,0.799922151147479,,,,,asia,taiwan_credit,295000.0,236000.0,LIQ-001086,Manual review,0.0,295000.0,0.32338209528979994,Very high,280250.0,280250.0,58908.09093322818,58908.09093322818,0.0,0.0,Reported delinquency | Manual review required,"{""automatic_increases_enabled"": true, ""within_maximum_increase"": true, ""within_account_exposure"": true, ""within_expected_loss_ceiling"": false, ""meets_profitability_hurdle"": false, ""payment_history_eligible"": false, ""not_overextended"": true}",debt_to_income | credit_lines | income_inr | credit_age_months
2.0,0.6483360103061269,0.18366560043843572,12.0,375296.2584040064,104.84656911012934,north_america,lending_club_full,94000.0,60900.0,LIQ-001087,Freeze automatic increases,0.0,94000.0,0.2643730810812049,High,85725.0,85725.0,14731.198544196088,14731.198544196088,0.0,0.0,Repeated delinquency,"{""automatic_increases_enabled"": true, ""within_maximum_increase"": true, ""within_account_exposure"": true, ""within_expected_loss_ceiling"": false, ""meets_profitability_hurdle"": false, ""payment_history_eligible"": false, ""not_overextended"": true}",
,,0.48528688869527714,,,,undisclosed,home_credit,456000.0,182100.0,LIQ-001088,Manual review,0.0,456000.0,0.0816667968826516,Moderate,387525.0,387525.0,20571.15155026722,20571.15155026722,0.0,0.0,Insufficient behavioral history | Manual review required,"{""automatic_increases_enabled"": true, ""within_maximum_increase"": true, ""within_account_exposure"": true, ""within_expected_loss_ceiling"": true, ""meets_profitability_hurdle"": false, ""payment_history_eligible"": false, ""not_overextended"": true}",delinquency_count | utilization | credit_lines | income_inr | credit_age_months
0.0,0.7292514817096426,0.45901308079770003,8.0,1089746.7267120332,47.049962483617726,north_america,lending_club_full,272000.0,198400.0,LIQ-001089,No change,0.0,272000.0,0.38801458273749906,Very high,253600.0,253600.0,63960.323818449346,63960.323818449346,0.0,0.0,No reported delinquency in the harmonized source fields | Expected loss exceeds policy ceiling,"{""automatic_increases_enabled"": true, ""within_maximum_increase"": true, ""within_account_exposure"": true, ""within_expected_loss_ceiling"": false, ""meets_profitability_hurdle"": false, ""payment_history_eligible"": true, ""not_overextended"": true}",
,,0.13154242369966168,,,,undisclosed,home_credit,825000.0,122100.0,LIQ-001090,Manual review,0.0,825000.0,0.07856184138633404,Moderate,649275.0,649275.0,33155.35571797282,33155.35571797282,0.0,0.0,Insufficient behavioral history | Manual review required,"{""automatic_increases_enabled"": true, ""within_maximum_increase"": true, ""within_account_exposure"": true, ""within_expected_loss_ceiling"": true, ""meets_profitability_hurdle"": false, ""payment_history_eligible"": false, ""not_overextended"": true}",delinquency_count | utilization | credit_lines | income_inr | credit_age_months
,,0.06574740759428292,5.0,,,europe,south_german_credit,93000.0,21400.0,LIQ-001091,Manual review,0.0,93000.0,0.19993725168403845,High,75100.0,75100.0,9759.936940956339,9759.936940956339,0.0,0.0,Insufficient behavioral history | Manual review required,"{""automatic_increases_enabled"": true, ""within_maximum_increase"": true, ""within_account_exposure"": true, ""within_expected_loss_ceiling"": false, ""meets_profitability_hurdle"": false, ""payment_history_eligible"": false, ""not_overextended"": true}",delinquency_count | utilization | income_inr | credit_age_months
,,0.3659801367569179,,,,undisclosed,home_credit,289000.0,60800.0,LIQ-001092,Manual review,0.0,289000.0,0.0814213387076708,Moderate,231950.0,231950.0,12275.69168360876,12275.69168360876,0.0,0.0,Insufficient behavioral history | Manual review required,"{""automatic_increases_enabled"": true, ""within_maximum_increase"": true, ""within_account_exposure"": true, ""within_expected_loss_ceiling"": true, ""meets_profitability_hurdle"": false, ""payment_history_eligible"": false, ""not_overextended"": true}",delinquency_count | utilization | credit_lines | income_inr | credit_age_months
1.0,0.4919644176676953,,,,,asia,taiwan_credit,589000.0,289800.0,LIQ-001093,Manual review,0.0,589000.0,0.2930804786836551,High,514200.0,514200.0,97956.28839043804,97956.28839043804,0.0,0.0,Reported delinquency | Manual review required,"{""automatic_increases_enabled"": true, ""within_maximum_increase"": true, ""within_account_exposure"": true, ""within_expected_loss_ceiling"": false, ""meets_profitability_hurdle"": false, ""payment_history_eligible"": false, ""not_overextended"": true}",debt_to_income | credit_lines | income_inr | credit_age_months
,,0.14323452203907897,9.0,,,europe,south_german_credit,202000.0,18800.0,LIQ-001094,Manual review,0.0,202000.0,0.2136223785824758,High,156200.0,156200.0,21689.08009747877,21689.08009747877,0.0,0.0,Insufficient behavioral history | Manual review required,"{""automatic_increases_enabled"": true, ""within_maximum_increase"": true, ""within_account_exposure"": true, ""within_expected_loss_ceiling"": false, ""meets_profitability_hurdle"": false, ""payment_history_eligible"": false, ""not_overextended"": true}",delinquency_count | utilization | income_inr | credit_age_months
1.0,0.6649943859060837,,,,,asia,taiwan_credit,299000.0,198800.0,LIQ-001095,Manual review,0.0,299000.0,0.3105961556437897,Very high,273950.0,273950.0,55307.08094510052,55307.08094510052,0.0,0.0,Reported delinquency | Manual review required,"{""automatic_increases_enabled"": true, ""within_maximum_increase"": true, ""within_account_exposure"": true, ""within_expected_loss_ceiling"": false, ""meets_profitability_hurdle"": false, ""payment_history_eligible"": false, ""not_overextended"": true}",debt_to_income | credit_lines | income_inr | credit_age_months
2.0,1.1298155572068906,,10.0,,46.292041244603894,undisclosed,fico_heloc,515000.0,581900.0,LIQ-001096,Freeze automatic increases,0.0,515000.0,0.8819484843530531,Very high,515000.0,515000.0,295232.2551371845,295232.2551371845,0.0,0.0,Repeated delinquency,"{""automatic_increases_enabled"": true, ""within_maximum_increase"": true, ""within_account_exposure"": true, ""within_expected_loss_ceiling"": false, ""meets_profitability_hurdle"": false, ""payment_history_eligible"": false, ""not_overextended"": false}",debt_to_income | income_inr
,,0.525610223601528,4.0,,,europe,south_german_credit,939000.0,288400.0,LIQ-001097,Manual review,0.0,939000.0,0.23300759357181877,High,776350.0,776350.0,117582.03942516298,117582.03942516298,0.0,0.0,Insufficient behavioral history | Manual review required,"{""automatic_increases_enabled"": true, ""within_maximum_increase"": true, ""within_account_exposure"": true, ""within_expected_loss_ceiling"": false, ""meets_profitability_hurdle"": false, ""payment_history_eligible"": false, ""not_overextended"": true}",delinquency_count | utilization | income_inr | credit_age_months
,,0.48600161578258744,8.0,,,europe,south_german_credit,151000.0,31500.0,LIQ-001098,Manual review,0.0,151000.0,0.22024897728856177,High,121125.0,121125.0,17340.477293150077,17340.477293150077,0.0,0.0,Insufficient behavioral history | Manual review required,"{""automatic_increases_enabled"": true, ""within_maximum_increase"": true, ""within_account_exposure"": true, ""within_expected_loss_ceiling"": false, ""meets_profitability_hurdle"": false, ""payment_history_eligible"": false, ""not_overextended"": true}",delinquency_count | utilization | income_inr | credit_age_months
,,0.1689657274508211,,,,undisclosed,home_credit,144000.0,113100.0,LIQ-001099,Manual review,0.0,144000.0,0.08146932578450834,Moderate,136275.0,136275.0,7216.451041334518,7216.451041334518,0.0,0.0,Insufficient behavioral history | Manual review required,"{""automatic_increases_enabled"": true, ""within_maximum_increase"": true, ""within_account_exposure"": true, ""within_expected_loss_ceiling"": true, ""meets_profitability_hurdle"": false, ""payment_history_eligible"": false, ""not_overextended"": true}",delinquency_count | utilization | credit_lines | income_inr | credit_age_months
0.0,0.5189197855580318,,6.0,,149.59407735263898,undisclosed,fico_heloc,189000.0,98100.0,LIQ-001100,No change,0.0,189000.0,0.6150350213506334,Very high,166275.0,166275.0,66472.21631379977,66472.21631379977,0.0,0.0,No reported delinquency in the harmonized source fields | Expected loss exceeds policy ceiling | Incremental return below profitability hurdle,"{""automatic_increases_enabled"": true, ""within_maximum_increase"": true, ""within_account_exposure"": true, ""within_expected_loss_ceiling"": false, ""meets_profitability_hurdle"": false, ""payment_history_eligible"": true, ""not_overextended"": true}",debt_to_income | income_inr
0.0,0.8770561130586157,0.3382717590361735,6.0,1039192.5636420358,77.07283171540814,north_america,lending_club_full,260000.0,228000.0,LIQ-001101,No change,0.0,260000.0,0.317196551496481,Very high,252000.0,252000.0,51956.79513512359,51956.79513512359,0.0,0.0,No reported delinquency in the harmonized source fields | Expected loss exceeds policy ceiling,"{""automatic_increases_enabled"": true, ""within_maximum_increase"": true, ""within_account_exposure"": true, ""within_expected_loss_ceiling"": false, ""meets_profitability_hurdle"": false, ""payment_history_eligible"": true, ""not_overextended"": true}",
,,0.085286863569647,8.0,,,europe,south_german_credit,135000.0,65200.0,LIQ-001102,Manual review,0.0,135000.0,0.19630393938878646,High,117550.0,117550.0,14999.093248848703,14999.093248848703,0.0,0.0,Insufficient behavioral history | Manual review required,"{""automatic_increases_enabled"": true, ""within_maximum_increase"": true, ""within_account_exposure"": true, ""within_expected_loss_ceiling"": false, ""meets_profitability_hurdle"": false, ""payment_history_eligible"": false, ""not_overextended"": true}",delinquency_count | utilization | income_inr | credit_age_months
0.0,0.6598161889216863,0.3774448592466893,5.0,,,undisclosed,give_me_some_credit,186000.0,122700.0,LIQ-001103,Increase 30%,0.3,241800.0,0.05152008305717465,Moderate,170175.0,212025.0,5698.829587265553,7100.304646628346,10797.842622170163,0.25801296588220224,No reported delinquency in the harmonized source fields | High utilization with low estimated risk,"{""automatic_increases_enabled"": true, ""within_maximum_increase"": true, ""within_account_exposure"": true, ""within_expected_loss_ceiling"": true, ""meets_profitability_hurdle"": true, ""payment_history_eligible"": true, ""not_overextended"": true}",income_inr | credit_age_months
,,0.15524187220065033,7.0,,,europe,south_german_credit,780000.0,644900.0,LIQ-001104,Manual review,0.0,780000.0,0.21542611570757575,High,746225.0,746225.0,104491.62957602572,104491.62957602572,0.0,0.0,Insufficient behavioral history | Manual review required,"{""automatic_increases_enabled"": true, ""within_maximum_increase"": true, ""within_account_exposure"": true, ""within_expected_loss_ceiling"": false, ""meets_profitability_hurdle"": false, ""payment_history_eligible"": false, ""not_overextended"": true}",delinquency_count | utilization | income_inr | credit_age_months
3.0,0.2715783140424826,,,,,asia,taiwan_credit,286000.0,77700.0,LIQ-001105,Freeze automatic increases,0.0,286000.0,0.5022919055710081,Very high,233925.0,233925.0,76374.11210695375,76374.11210695375,0.0,0.0,Repeated delinquency,"{""automatic_increases_enabled"": true, ""within_maximum_increase"": true, ""within_account_exposure"": true, ""within_expected_loss_ceiling"": false, ""meets_profitability_hurdle"": false, ""payment_history_eligible"": false, ""not_overextended"": true}",debt_to_income | credit_lines | income_inr | credit_age_months
1.0,0.83785375926857,0.017278457975064294,4.0,,,undisclosed,give_me_some_credit,357000.0,299100.0,LIQ-001106,Manual review,0.0,357000.0,0.15524487633227949,High,342525.0,342525.0,34563.91332271412,34563.91332271412,0.0,0.0,Reported delinquency | Manual review required,"{""automatic_increases_enabled"": true, ""within_maximum_increase"": true, ""within_account_exposure"": true, ""within_expected_loss_ceiling"": true, ""meets_profitability_hurdle"": false, ""payment_history_eligible"": false, ""not_overextended"": true}",income_inr | credit_age_months
,,0.20536521360410528,8.0,,,europe,south_german_credit,188000.0,49200.0,LIQ-001107,Manual review,0.0,188000.0,0.21363458503941868,High,153300.0,153300.0,21287.618226252875,21287.618226252875,0.0,0.0,Insufficient behavioral history | Manual review required,"{""automatic_increases_enabled"": true, ""within_maximum_increase"": true, ""within_account_exposure"": true, ""within_expected_loss_ceiling"": false, ""meets_profitability_hurdle"": false, ""payment_history_eligible"": false, ""not_overextended"": true}",delinquency_count | utilization | income_inr | credit_age_months
0.0,0.7026565207130512,,5.0,,94.51811375436657,undisclosed,fico_heloc,528000.0,371000.0,LIQ-001108,No change,0.0,528000.0,0.7425037293070957,Very high,488750.0,488750.0,235884.15350424798,235884.15350424798,0.0,0.0,No reported delinquency in the harmonized source fields | Expected loss exceeds policy ceiling | Incremental return below profitability hurdle,"{""automatic_increases_enabled"": true, ""within_maximum_increase"": true, ""within_account_exposure"": true, ""within_expected_loss_ceiling"": false, ""meets_profitability_hurdle"": false, ""payment_history_eligible"": true, ""not_overextended"": true}",debt_to_income | income_inr
,,0.2888132559951797,5.0,,,europe,south_german_credit,1185000.0,188600.0,LIQ-001109,Manual review,0.0,1185000.0,0.2287730600505562,High,935900.0,935900.0,139170.6594858551,139170.6594858551,0.0,0.0,Insufficient behavioral history | Manual review required,"{""automatic_increases_enabled"": true, ""within_maximum_increase"": true, ""within_account_exposure"": true, ""within_expected_loss_ceiling"": false, ""meets_profitability_hurdle"": false, ""payment_history_eligible"": false, ""not_overextended"": true}",delinquency_count | utilization | income_inr | credit_age_months
0.0,0.5786962160309093,0.23886630540091314,13.0,,,undisclosed,give_me_some_credit,197000.0,114000.0,LIQ-001110,Increase 30%,0.3,256100.0,0.05966728961584866,Moderate,176250.0,220575.0,6835.633866615663,8554.723064560283,9218.914301631416,0.20798453021165067,No reported delinquency in the harmonized source fields,"{""automatic_increases_enabled"": true, ""within_maximum_increase"": true, ""within_account_exposure"": true, ""within_expected_loss_ceiling"": true, ""meets_profitability_hurdle"": true, ""payment_history_eligible"": true, ""not_overextended"": true}",income_inr | credit_age_months
,,0.14911218008015656,,,,undisclosed,home_credit,1074000.0,223600.0,LIQ-001111,Manual review,0.0,1074000.0,0.07856184138633404,Moderate,861400.0,861400.0,43987.56061062229,43987.56061062229,0.0,0.0,Insufficient behavioral history | Manual review required,"{""automatic_increases_enabled"": true, ""within_maximum_increase"": true, ""within_account_exposure"": true, ""within_expected_loss_ceiling"": true, ""meets_profitability_hurdle"": false, ""payment_history_eligible"": false, ""not_overextended"": true}",delinquency_count | utilization | credit_lines | income_inr | credit_age_months
1.0,0.2692005377191819,,4.0,,86.76459135109823,undisclosed,fico_heloc,444000.0,119500.0,LIQ-001112,Manual review,0.0,444000.0,0.6779580354145335,Very high,362875.0,362875.0,159909.11436568174,159909.11436568174,0.0,0.0,Reported delinquency | Manual review required,"{""automatic_increases_enabled"": true, ""within_maximum_increase"": true, ""within_account_exposure"": true, ""within_expected_loss_ceiling"": false, ""meets_profitability_hurdle"": false, ""payment_history_eligible"": false, ""not_overextended"": true}",debt_to_income | income_inr
0.0,1.0887426791109047,,7.0,,78.56376992372097,undisclosed,fico_heloc,354000.0,385400.0,LIQ-001113,No change,0.0,354000.0,0.819836345199862,Very high,354000.0,354000.0,188644.34303048826,188644.34303048826,0.0,0.0,No reported delinquency in the harmonized source fields | Expected loss exceeds policy ceiling | Incremental return below profitability hurdle,"{""automatic_increases_enabled"": true, ""within_maximum_increase"": true, ""within_account_exposure"": true, ""within_expected_loss_ceiling"": false, ""meets_profitability_hurdle"": false, ""payment_history_eligible"": true, ""not_overextended"": true}",debt_to_income | income_inr
2.0,0.4703057742966094,,,,,asia,taiwan_credit,454000.0,213500.0,LIQ-001114,Freeze automatic increases,0.0,454000.0,0.3791112445565615,Very high,393875.0,393875.0,97059.58694231517,97059.58694231517,0.0,0.0,Repeated delinquency,"{""automatic_increases_enabled"": true, ""within_maximum_increase"": true, ""within_account_exposure"": true, ""within_expected_loss_ceiling"": false, ""meets_profitability_hurdle"": false, ""payment_history_eligible"": false, ""not_overextended"": true}",debt_to_income | credit_lines | income_inr | credit_age_months
1.0,0.4535126041974555,,7.0,,131.88241166995945,undisclosed,fico_heloc,451000.0,204500.0,LIQ-001115,Manual review,0.0,451000.0,0.7051834612577409,Very high,389375.0,389375.0,178477.52664770136,178477.52664770136,0.0,0.0,Reported delinquency | Manual review required,"{""automatic_increases_enabled"": true, ""within_maximum_increase"": true, ""within_account_exposure"": true, ""within_expected_loss_ceiling"": false, ""meets_profitability_hurdle"": false, ""payment_history_eligible"": false, ""not_overextended"": true}",debt_to_income | income_inr
0.0,0.9902245016452901,0.34980437920984375,6.0,3212018.1267127865,78.59442070844351,north_america,lending_club_full,803000.0,795200.0,LIQ-001116,No change,0.0,803000.0,0.38147966080417195,Very high,801050.0,801050.0,198629.78348666828,198629.78348666828,0.0,0.0,No reported delinquency in the harmonized source fields | Expected loss exceeds policy ceiling,"{""automatic_increases_enabled"": true, ""within_maximum_increase"": true, ""within_account_exposure"": true, ""within_expected_loss_ceiling"": false, ""meets_profitability_hurdle"": false, ""payment_history_eligible"": true, ""not_overextended"": true}",
0.0,0.7095118175345518,0.2826259215622199,4.0,,,undisclosed,give_me_some_credit,491000.0,348400.0,LIQ-001117,Increase 30%,0.3,638300.0,0.052476395312599185,Moderate,455350.0,565825.0,15531.832293634827,19300.096645538433,31774.19717065304,0.2876143667857256,No reported delinquency in the harmonized source fields | High utilization with low estimated risk,"{""automatic_increases_enabled"": true, ""within_maximum_increase"": true, ""within_account_exposure"": true, ""within_expected_loss_ceiling"": true, ""meets_profitability_hurdle"": true, ""payment_history_eligible"": true, ""not_overextended"": true}",income_inr | credit_age_months
,,0.14572140556509564,7.0,,,europe,south_german_credit,498000.0,221200.0,LIQ-001118,Manual review,0.0,498000.0,0.2152896374289136,High,428800.0,428800.0,60005.52774418681,60005.52774418681,0.0,0.0,Insufficient behavioral history | Manual review required,"{""automatic_increases_enabled"": true, ""within_maximum_increase"": true, ""within_account_exposure"": true, ""within_expected_loss_ceiling"": false, ""meets_profitability_hurdle"": false, ""payment_history_eligible"": false, ""not_overextended"": true}",delinquency_count | utilization | income_inr | credit_age_months
0.0,0.6857746835191431,,11.0,,105.32087024915847,undisclosed,fico_heloc,266000.0,182400.0,LIQ-001119,No change,0.0,266000.0,0.7442892316317581,Very high,245100.0,245100.0,118576.43893741354,118576.43893741354,0.0,0.0,No reported delinquency in the harmonized source fields | Expected loss exceeds policy ceiling | Incremental return below profitability hurdle,"{""automatic_increases_enabled"": true, ""within_maximum_increase"": true, ""within_account_exposure"": true, ""within_expected_loss_ceiling"": false, ""meets_profitability_hurdle"": false, ""payment_history_eligible"": true, ""not_overextended"": true}",debt_to_income | income_inr
0.0,0.9046193906271753,0.44306068637180784,10.0,600366.7505352296,268.6174087943398,north_america,lending_club_full,150000.0,135700.0,LIQ-001120,No change,0.0,150000.0,0.38610865366727976,Very high,146425.0,146425.0,36748.37374860043,36748.37374860043,0.0,0.0,No reported delinquency in the harmonized source fields | Expected loss exceeds policy ceiling,"{""automatic_increases_enabled"": true, ""within_maximum_increase"": true, ""within_account_exposure"": true, ""within_expected_loss_ceiling"": false, ""meets_profitability_hurdle"": false, ""payment_history_eligible"": true, ""not_overextended"": true}",
1.0,0.5584554773440312,,7.0,,182.9866084676754,undisclosed,fico_heloc,188000.0,105000.0,LIQ-001121,Manual review,0.0,188000.0,0.6525020552665223,Very high,167250.0,167250.0,70935.12968316181,70935.12968316181,0.0,0.0,Reported delinquency | Manual review required,"{""automatic_increases_enabled"": true, ""within_maximum_increase"": true, ""within_account_exposure"": true, ""within_expected_loss_ceiling"": false, ""meets_profitability_hurdle"": false, ""payment_history_eligible"": false, ""not_overextended"": true}",debt_to_income | income_inr
0.0,0.8279824382922383,0.08093630682163501,13.0,321343.50335541664,315.24015074035646,north_america,lending_club_full,80000.0,66200.0,LIQ-001122,No change,0.0,80000.0,0.2752244468085994,High,76550.0,76550.0,13694.480412078885,13694.480412078885,0.0,0.0,No reported delinquency in the harmonized source fields | Expected loss exceeds policy ceiling,"{""automatic_increases_enabled"": true, ""within_maximum_increase"": true, ""within_account_exposure"": true, ""within_expected_loss_ceiling"": false, ""meets_profitability_hurdle"": false, ""payment_history_eligible"": true, ""not_overextended"": true}",
0.0,0.6655130845589907,0.18933186383172154,7.0,,,undisclosed,give_me_some_credit,2280000.0,1517400.0,LIQ-001123,Increase 30%,0.3,2964000.0,0.055005394572979344,Moderate,2089350.0,2602350.0,74701.58874818536,93043.13756854531,134845.16412242578,0.2628560704140853,No reported delinquency in the harmonized source fields | High utilization with low estimated risk,"{""automatic_increases_enabled"": true, ""within_maximum_increase"": true, ""within_account_exposure"": true, ""within_expected_loss_ceiling"": true, ""meets_profitability_hurdle"": true, ""payment_history_eligible"": true, ""not_overextended"": true}",income_inr | credit_age_months
0.0,1.1191007755622693,0.35149825723537365,14.0,,,undisclosed,give_me_some_credit,69000.0,77200.0,LIQ-001124,Manual review,0.0,69000.0,0.13154224480324145,Moderate,69000.0,69000.0,5899.6696794253785,5899.6696794253785,0.0,0.0,Customer-overextension safeguard | Manual review required,"{""automatic_increases_enabled"": true, ""within_maximum_increase"": true, ""within_account_exposure"": true, ""within_expected_loss_ceiling"": true, ""meets_profitability_hurdle"": false, ""payment_history_eligible"": true, ""not_overextended"": false}",income_inr | credit_age_months
3.0,0.8858590518206363,0.2874989265822697,8.0,2714485.243947307,204.07344755502317,north_america,lending_club_full,679000.0,601500.0,LIQ-001125,Freeze automatic increases,0.0,679000.0,0.31579743239805774,Very high,659625.0,659625.0,135400.12287461976,135400.12287461976,0.0,0.0,Repeated delinquency,"{""automatic_increases_enabled"": true, ""within_maximum_increase"": true, ""within_account_exposure"": true, ""within_expected_loss_ceiling"": false, ""meets_profitability_hurdle"": false, ""payment_history_eligible"": false, ""not_overextended"": true}",
0.0,0.5369610110519168,0.008938547764043774,8.0,,,undisclosed,give_me_some_credit,418000.0,224400.0,LIQ-001126,Increase 30%,0.3,543400.0,0.042571214658618295,Low,369600.0,463650.0,10227.30860958646,12829.793389704442,18631.87112466355,0.19810601940099468,No reported delinquency in the harmonized source fields,"{""automatic_increases_enabled"": true, ""within_maximum_increase"": true, ""within_account_exposure"": true, ""within_expected_loss_ceiling"": true, ""meets_profitability_hurdle"": true, ""payment_history_eligible"": true, ""not_overextended"": true}",income_inr | credit_age_months
0.0,0.19675947554611223,0.022540822334514644,8.0,,,undisclosed,give_me_some_credit,302000.0,59400.0,LIQ-001127,Increase 30%,0.3,392600.0,0.015647849968598044,Low,241350.0,309300.0,2454.7955834487398,3145.921996936794,1784.5942343578008,0.026263344140659322,No reported delinquency in the harmonized source fields | Low utilization provides no evidence of additional need,"{""automatic_increases_enabled"": true, ""within_maximum_increase"": true, ""within_account_exposure"": true, ""within_expected_loss_ceiling"": true, ""meets_profitability_hurdle"": true, ""payment_history_eligible"": true, ""not_overextended"": true}",income_inr | credit_age_months
0.0,0.5646118145643089,0.1427963533264907,6.0,956102.3025965173,140.8852812130534,north_america,lending_club_full,239000.0,134900.0,LIQ-001128,No change,0.0,239000.0,0.2460909517091113,High,212975.0,212975.0,34067.293286161184,34067.293286161184,0.0,0.0,No reported delinquency in the harmonized source fields | Expected loss exceeds policy ceiling,"{""automatic_increases_enabled"": true, ""within_maximum_increase"": true, ""within_account_exposure"": true, ""within_expected_loss_ceiling"": false, ""meets_profitability_hurdle"": false, ""payment_history_eligible"": true, ""not_overextended"": true}",
0.0,0.5117883221743574,,,,,asia,taiwan_credit,371000.0,189900.0,LIQ-001129,Increase 30%,0.3,482300.0,0.1063014666205821,Moderate,325725.0,409200.0,22506.27938974292,28274.064091742428,11893.781637279382,0.1424831582782795,No reported delinquency in the harmonized source fields,"{""automatic_increases_enabled"": true, ""within_maximum_increase"": true, ""within_account_exposure"": true, ""within_expected_loss_ceiling"": true, ""meets_profitability_hurdle"": true, ""payment_history_eligible"": true, ""not_overextended"": true}",debt_to_income | credit_lines | income_inr | credit_age_months
0.0,0.5598466035341967,,11.0,,93.21101455628654,undisclosed,fico_heloc,297000.0,166300.0,LIQ-001130,No change,0.0,297000.0,0.7432503526207564,Very high,264325.0,264325.0,127698.77214671294,127698.77214671294,0.0,0.0,No reported delinquency in the harmonized source fields | Expected loss exceeds policy ceiling | Incremental return below profitability hurdle,"{""automatic_increases_enabled"": true, ""within_maximum_increase"": true, ""within_account_exposure"": true, ""within_expected_loss_ceiling"": false, ""meets_profitability_hurdle"": false, ""payment_history_eligible"": true, ""not_overextended"": true}",debt_to_income | income_inr
0.0,0.8059939149277319,,5.0,,135.2806189145598,undisclosed,fico_heloc,404000.0,325600.0,LIQ-001131,No change,0.0,404000.0,0.7078633927317369,Very high,384400.0,384400.0,176866.7473079518,176866.7473079518,0.0,0.0,No reported delinquency in the harmonized source fields | Expected loss exceeds policy ceiling | Incremental return below profitability hurdle,"{""automatic_increases_enabled"": true, ""within_maximum_increase"": true, ""within_account_exposure"": true, ""within_expected_loss_ceiling"": false, ""meets_profitability_hurdle"": false, ""payment_history_eligible"": true, ""not_overextended"": true}",debt_to_income | income_inr
0.0,0.704591964541018,0.16326498964467698,5.0,,,undisclosed,give_me_some_credit,255000.0,179700.0,LIQ-001132,Increase 30%,0.3,331500.0,0.0547766812027009,Moderate,236175.0,293550.0,8408.973743981127,10451.801598584352,16173.076567892655,0.28188368745782405,No reported delinquency in the harmonized source fields | High utilization with low estimated risk,"{""automatic_increases_enabled"": true, ""within_maximum_increase"": true, ""within_account_exposure"": true, ""within_expected_loss_ceiling"": true, ""meets_profitability_hurdle"": true, ""payment_history_eligible"": true, ""not_overextended"": true}",income_inr | credit_age_months
,,0.3218994355362697,4.0,,,europe,south_german_credit,1303000.0,411800.0,LIQ-001133,Manual review,0.0,1303000.0,0.23369784256668122,High,1080200.0,1080200.0,164086.26620134388,164086.26620134388,0.0,0.0,Insufficient behavioral history | Manual review required,"{""automatic_increases_enabled"": true, ""within_maximum_increase"": true, ""within_account_exposure"": true, ""within_expected_loss_ceiling"": false, ""meets_profitability_hurdle"": false, ""payment_history_eligible"": false, ""not_overextended"": true}",delinquency_count | utilization | income_inr | credit_age_months
1.0,0.7590215318012691,0.32217908240828036,8.0,1422419.371838485,70.56599172223967,north_america,lending_club_full,356000.0,270200.0,LIQ-001134,Manual review,0.0,356000.0,0.31100682001330054,Very high,334550.0,334550.0,67630.76556304231,67630.76556304231,0.0,0.0,Reported delinquency | Manual review required,"{""automatic_increases_enabled"": true, ""within_maximum_increase"": true, ""within_account_exposure"": true, ""within_expected_loss_ceiling"": false, ""meets_profitability_hurdle"": false, ""payment_history_eligible"": false, ""not_overextended"": true}",
0.0,0.5416400182110465,0.365224526946495,9.0,,,undisclosed,give_me_some_credit,507000.0,274600.0,LIQ-001135,Increase 30%,0.3,659100.0,0.04334141997480436,Low,448900.0,562975.0,12646.37622734829,15860.088341705065,22876.07505256771,0.20053539384236432,No reported delinquency in the harmonized source fields,"{""automatic_increases_enabled"": true, ""within_maximum_increase"": true, ""within_account_exposure"": true, ""within_expected_loss_ceiling"": true, ""meets_profitability_hurdle"": true, ""payment_history_eligible"": true, ""not_overextended"": true}",income_inr | credit_age_months
1.0,0.8887108510151039,0.1691616294134924,7.0,,,undisclosed,give_me_some_credit,227000.0,201700.0,LIQ-001136,Manual review,0.0,227000.0,0.17646369741727774,High,220675.0,220675.0,25311.73217791255,25311.73217791255,0.0,0.0,Reported delinquency | Manual review required,"{""automatic_increases_enabled"": true, ""within_maximum_increase"": true, ""within_account_exposure"": true, ""within_expected_loss_ceiling"": true, ""meets_profitability_hurdle"": false, ""payment_history_eligible"": false, ""not_overextended"": true}",income_inr | credit_age_months
1.0,0.5021894993984496,0.19543126085248907,7.0,1185047.072291346,199.32073047804545,north_america,lending_club_full,296000.0,148600.0,LIQ-001137,Manual review,0.0,296000.0,0.2727175477174286,High,259150.0,259150.0,45938.58911913156,45938.58911913156,0.0,0.0,Reported delinquency | Manual review required,"{""automatic_increases_enabled"": true, ""within_maximum_increase"": true, ""within_account_exposure"": true, ""within_expected_loss_ceiling"": false, ""meets_profitability_hurdle"": false, ""payment_history_eligible"": false, ""not_overextended"": true}",
,,0.11802040957539223,,,,undisclosed,home_credit,564000.0,167000.0,LIQ-001138,Manual review,0.0,564000.0,0.07639291007214889,Moderate,464750.0,464750.0,23077.34322142028,23077.34322142028,0.0,0.0,Insufficient behavioral history | Manual review required,"{""automatic_increases_enabled"": true, ""within_maximum_increase"": true, ""within_account_exposure"": true, ""within_expected_loss_ceiling"": true, ""meets_profitability_hurdle"": false, ""payment_history_eligible"": false, ""not_overextended"": true}",delinquency_count | utilization | credit_lines | income_inr | credit_age_months
0.0,0.37178757857836187,,4.0,,123.92945924254889,undisclosed,fico_heloc,460000.0,171000.0,LIQ-001139,No change,0.0,460000.0,0.6301983690454254,Very high,387750.0,387750.0,158833.62143828638,158833.62143828638,0.0,0.0,No reported delinquency in the harmonized source fields | Expected loss exceeds policy ceiling | Incremental return below profitability hurdle,"{""automatic_increases_enabled"": true, ""within_maximum_increase"": true, ""within_account_exposure"": true, ""within_expected_loss_ceiling"": false, ""meets_profitability_hurdle"": false, ""payment_history_eligible"": true, ""not_overextended"": true}",debt_to_income | income_inr
,,0.34298144100844996,7.0,,,europe,south_german_credit,179000.0,38200.0,LIQ-001140,Manual review,0.0,179000.0,0.22147550243241296,High,143800.0,143800.0,20701.31521235764,20701.31521235764,0.0,0.0,Insufficient behavioral history | Manual review required,"{""automatic_increases_enabled"": true, ""within_maximum_increase"": true, ""within_account_exposure"": true, ""within_expected_loss_ceiling"": false, ""meets_profitability_hurdle"": false, ""payment_history_eligible"": false, ""not_overextended"": true}",delinquency_count | utilization | income_inr | credit_age_months
,,0.3505125751131936,,,,undisclosed,home_credit,215000.0,89900.0,LIQ-001141,Manual review,0.0,215000.0,0.0814213387076708,Moderate,183725.0,183725.0,9723.438045143434,9723.438045143434,0.0,0.0,Insufficient behavioral history | Manual review required,"{""automatic_increases_enabled"": true, ""within_maximum_increase"": true, ""within_account_exposure"": true, ""within_expected_loss_ceiling"": true, ""meets_profitability_hurdle"": false, ""payment_history_eligible"": false, ""not_overextended"": true}",delinquency_count | utilization | credit_lines | income_inr | credit_age_months
1.0,0.8797174368805768,0.2007513032720592,7.0,,,undisclosed,give_me_some_credit,1047000.0,921100.0,LIQ-001142,Manual review,0.0,1047000.0,0.176131385238074,High,1015525.0,1015525.0,116262.78624603183,116262.78624603183,0.0,0.0,Reported delinquency | Manual review required,"{""automatic_increases_enabled"": true, ""within_maximum_increase"": true, ""within_account_exposure"": true, ""within_expected_loss_ceiling"": true, ""meets_profitability_hurdle"": false, ""payment_history_eligible"": false, ""not_overextended"": true}",income_inr | credit_age_months
1.0,0.5851120738536089,0.49405041221551144,7.0,,,undisclosed,give_me_some_credit,213000.0,124600.0,LIQ-001143,Manual review,0.0,213000.0,0.12372838972370641,Moderate,190900.0,190900.0,15352.83723886611,15352.83723886611,0.0,0.0,Reported delinquency | Manual review required,"{""automatic_increases_enabled"": true, ""within_maximum_increase"": true, ""within_account_exposure"": true, ""within_expected_loss_ceiling"": true, ""meets_profitability_hurdle"": false, ""payment_history_eligible"": false, ""not_overextended"": true}",income_inr | credit_age_months
,,0.5856967137725627,,,,undisclosed,home_credit,531000.0,98700.0,LIQ-001144,Manual review,0.0,531000.0,0.08157494490397012,Moderate,422925.0,422925.0,22425.054322782515,22425.054322782515,0.0,0.0,Insufficient behavioral history | Manual review required,"{""automatic_increases_enabled"": true, ""within_maximum_increase"": true, ""within_account_exposure"": true, ""within_expected_loss_ceiling"": true, ""meets_profitability_hurdle"": false, ""payment_history_eligible"": false, ""not_overextended"": true}",delinquency_count | utilization | credit_lines | income_inr | credit_age_months
0.0,0.6594158866278599,,5.0,,180.70475451984535,undisclosed,fico_heloc,189000.0,124600.0,LIQ-001145,No change,0.0,189000.0,0.6018199868688487,Very high,172900.0,172900.0,67635.53922425557,67635.53922425557,0.0,0.0,No reported delinquency in the harmonized source fields | Expected loss exceeds policy ceiling | Incremental return below profitability hurdle,"{""automatic_increases_enabled"": true, ""within_maximum_increase"": true, ""within_account_exposure"": true, ""within_expected_loss_ceiling"": false, ""meets_profitability_hurdle"": false, ""payment_history_eligible"": true, ""not_overextended"": true}",debt_to_income | income_inr
0.0,0.4152272218591624,0.6261722076878848,9.0,,,undisclosed,give_me_some_credit,674000.0,279900.0,LIQ-001146,Manual review,0.0,674000.0,0.03567516634581821,Low,575475.0,575475.0,13344.608129358829,13344.608129358829,0.0,0.0,Customer-overextension safeguard | Manual review required,"{""automatic_increases_enabled"": true, ""within_maximum_increase"": true, ""within_account_exposure"": true, ""within_expected_loss_ceiling"": true, ""meets_profitability_hurdle"": false, ""payment_history_eligible"": true, ""not_overextended"": false}",income_inr | credit_age_months
0.0,0.42237973028759956,0.31885834826278714,7.0,,,undisclosed,give_me_some_credit,224000.0,94600.0,LIQ-001147,Increase 30%,0.3,291200.0,0.026880811907014083,Low,191650.0,242050.0,3348.609941286512,4229.225339360293,7213.417654487055,0.14312336616045745,No reported delinquency in the harmonized source fields,"{""automatic_increases_enabled"": true, ""within_maximum_increase"": true, ""within_account_exposure"": true, ""within_expected_loss_ceiling"": true, ""meets_profitability_hurdle"": true, ""payment_history_eligible"": true, ""not_overextended"": true}",income_inr | credit_age_months
,,0.15353869510663395,,,,undisclosed,home_credit,187000.0,33000.0,LIQ-001148,Manual review,0.0,187000.0,0.07894941959898016,Moderate,148500.0,148500.0,7620.59272679156,7620.59272679156,0.0,0.0,Insufficient behavioral history | Manual review required,"{""automatic_increases_enabled"": true, ""within_maximum_increase"": true, ""within_account_exposure"": true, ""within_expected_loss_ceiling"": true, ""meets_profitability_hurdle"": false, ""payment_history_eligible"": false, ""not_overextended"": true}",delinquency_count | utilization | credit_lines | income_inr | credit_age_months
,,0.20911286898189477,,,,undisclosed,home_credit,220000.0,97800.0,LIQ-001149,Manual review,0.0,220000.0,0.08224380866383484,Moderate,189450.0,189450.0,10127.708208386282,10127.708208386282,0.0,0.0,Insufficient behavioral history | Manual review required,"{""automatic_increases_enabled"": true, ""within_maximum_increase"": true, ""within_account_exposure"": true, ""within_expected_loss_ceiling"": true, ""meets_profitability_hurdle"": false, ""payment_history_eligible"": false, ""not_overextended"": true}",delinquency_count | utilization | credit_lines | income_inr | credit_age_months
,,0.381826709562198,9.0,,,europe,south_german_credit,244000.0,107100.0,LIQ-001150,Manual review,0.0,244000.0,0.2181627924024088,High,209775.0,209775.0,29747.31485453995,29747.31485453995,0.0,0.0,Insufficient behavioral history | Manual review required,"{""automatic_increases_enabled"": true, ""within_maximum_increase"": true, ""within_account_exposure"": true, ""within_expected_loss_ceiling"": false, ""meets_profitability_hurdle"": false, ""payment_history_eligible"": false, ""not_overextended"": true}",delinquency_count | utilization | income_inr | credit_age_months
,,0.3028279765619597,,,,undisclosed,home_credit,455000.0,138800.0,LIQ-001151,Manual review,0.0,455000.0,0.08203099212858951,Moderate,375950.0,375950.0,20045.7084689831,20045.7084689831,0.0,0.0,Insufficient behavioral history | Manual review required,"{""automatic_increases_enabled"": true, ""within_maximum_increase"": true, ""within_account_exposure"": true, ""within_expected_loss_ceiling"": true, ""meets_profitability_hurdle"": false, ""payment_history_eligible"": false, ""not_overextended"": true}",delinquency_count | utilization | credit_lines | income_inr | credit_age_months
0.0,0.3444963750681446,,5.0,,144.89429787494691,undisclosed,fico_heloc,366000.0,126100.0,LIQ-001152,No change,0.0,366000.0,0.5226079907436213,Very high,306025.0,306025.0,103955.22173875586,103955.22173875586,0.0,0.0,No reported delinquency in the harmonized source fields | Expected loss exceeds policy ceiling | Incremental return below profitability hurdle,"{""automatic_increases_enabled"": true, ""within_maximum_increase"": true, ""within_account_exposure"": true, ""within_expected_loss_ceiling"": false, ""meets_profitability_hurdle"": false, ""payment_history_eligible"": true, ""not_overextended"": true}",debt_to_income | income_inr
3.0,0.6831762985503662,,,,,asia,taiwan_credit,172000.0,117500.0,LIQ-001153,Freeze automatic increases,0.0,172000.0,0.5106500060963896,Very high,158375.0,158375.0,52568.226565085206,52568.226565085206,0.0,0.0,Repeated delinquency,"{""automatic_increases_enabled"": true, ""within_maximum_increase"": true, ""within_account_exposure"": true, ""within_expected_loss_ceiling"": false, ""meets_profitability_hurdle"": false, ""payment_history_eligible"": false, ""not_overextended"": true}",debt_to_income | credit_lines | income_inr | credit_age_months
0.0,0.4309097935048114,,5.0,,144.7081767677046,undisclosed,fico_heloc,344000.0,148200.0,LIQ-001154,No change,0.0,344000.0,0.5882116977032611,Very high,295050.0,295050.0,112808.70991477567,112808.70991477567,0.0,0.0,No reported delinquency in the harmonized source fields | Expected loss exceeds policy ceiling | Incremental return below profitability hurdle,"{""automatic_increases_enabled"": true, ""within_maximum_increase"": true, ""within_account_exposure"": true, ""within_expected_loss_ceiling"": false, ""meets_profitability_hurdle"": false, ""payment_history_eligible"": true, ""not_overextended"": true}",debt_to_income | income_inr
2.0,0.5719501585947839,0.19868865863755486,8.0,1215268.016247181,156.94048566534767,north_america,lending_club_full,304000.0,173900.0,LIQ-001155,Freeze automatic increases,0.0,304000.0,0.287754646803267,High,271475.0,271475.0,50776.825281596,50776.825281596,0.0,0.0,Repeated delinquency,"{""automatic_increases_enabled"": true, ""within_maximum_increase"": true, ""within_account_exposure"": true, ""within_expected_loss_ceiling"": false, ""meets_profitability_hurdle"": false, ""payment_history_eligible"": false, ""not_overextended"": true}",
,,0.432712208695149,,,,undisclosed,home_credit,532000.0,55700.0,LIQ-001156,Manual review,0.0,532000.0,0.0816667968826516,Moderate,412925.0,412925.0,21919.470366799796,21919.470366799796,0.0,0.0,Insufficient behavioral history | Manual review required,"{""automatic_increases_enabled"": true, ""within_maximum_increase"": true, ""within_account_exposure"": true, ""within_expected_loss_ceiling"": true, ""meets_profitability_hurdle"": false, ""payment_history_eligible"": false, ""not_overextended"": true}",delinquency_count | utilization | credit_lines | income_inr | credit_age_months
,,0.20151395222135923,9.0,,,europe,south_german_credit,599000.0,210400.0,LIQ-001157,Manual review,0.0,599000.0,0.21220835640823935,High,501850.0,501850.0,69222.89638125869,69222.89638125869,0.0,0.0,Insufficient behavioral history | Manual review required,"{""automatic_increases_enabled"": true, ""within_maximum_increase"": true, ""within_account_exposure"": true, ""within_expected_loss_ceiling"": false, ""meets_profitability_hurdle"": false, ""payment_history_eligible"": false, ""not_overextended"": true}",delinquency_count | utilization | income_inr | credit_age_months
0.0,0.846852611717513,0.24390260094330238,5.0,,,undisclosed,give_me_some_credit,345000.0,292200.0,LIQ-001158,Increase 30%,0.3,448500.0,0.0665131473153857,Moderate,331800.0,409425.0,14344.890481509234,17700.894470741165,27474.802211814756,0.35394270160147834,No reported delinquency in the harmonized source fields | High utilization with low estimated risk,"{""automatic_increases_enabled"": true, ""within_maximum_increase"": true, ""within_account_exposure"": true, ""within_expected_loss_ceiling"": true, ""meets_profitability_hurdle"": true, ""payment_history_eligible"": true, ""not_overextended"": true}",income_inr | credit_age_months
0.0,0.5440996166855335,0.48095168370140756,10.0,,,undisclosed,give_me_some_credit,418000.0,227400.0,LIQ-001159,Increase 30%,0.3,543400.0,0.046955830856333834,Low,370350.0,464400.0,11303.559772468103,14174.087102292931,18736.044895652914,0.19921366183575667,No reported delinquency in the harmonized source fields,"{""automatic_increases_enabled"": true, ""within_maximum_increase"": true, ""within_account_exposure"": true, ""within_expected_loss_ceiling"": true, ""meets_profitability_hurdle"": true, ""payment_history_eligible"": true, ""not_overextended"": true}",income_inr | credit_age_months
0.0,0.6929885404413194,,,,,asia,taiwan_credit,1093000.0,757400.0,LIQ-001160,Increase 30%,0.3,1420900.0,0.12517232622067112,Moderate,1009100.0,1255025.0,82102.4063530315,102111.35916481356,57078.92304259057,0.23209890431062546,No reported delinquency in the harmonized source fields | High utilization with low estimated risk,"{""automatic_increases_enabled"": true, ""within_maximum_increase"": true, ""within_account_exposure"": true, ""within_expected_loss_ceiling"": true, ""meets_profitability_hurdle"": true, ""payment_history_eligible"": true, ""not_overextended"": true}",debt_to_income | credit_lines | income_inr | credit_age_months
2.0,0.8033068590051622,0.11043462872936038,8.0,,,undisclosed,give_me_some_credit,316000.0,253800.0,LIQ-001161,Freeze automatic increases,0.0,316000.0,0.23363361638719216,High,300450.0,300450.0,45626.89302829572,45626.89302829572,0.0,0.0,Repeated delinquency,"{""automatic_increases_enabled"": true, ""within_maximum_increase"": true, ""within_account_exposure"": true, ""within_expected_loss_ceiling"": false, ""meets_profitability_hurdle"": false, ""payment_history_eligible"": false, ""not_overextended"": true}",income_inr | credit_age_months
0.0,0.44145523310857054,,7.0,,112.70847514306291,undisclosed,fico_heloc,189000.0,83400.0,LIQ-001162,No change,0.0,189000.0,0.6886470283079227,Very high,162600.0,162600.0,72783.10442186435,72783.10442186435,0.0,0.0,No reported delinquency in the harmonized source fields | Expected loss exceeds policy ceiling | Incremental return below profitability hurdle,"{""automatic_increases_enabled"": true, ""within_maximum_increase"": true, ""within_account_exposure"": true, ""within_expected_loss_ceiling"": false, ""meets_profitability_hurdle"": false, ""payment_history_eligible"": true, ""not_overextended"": true}",debt_to_income | income_inr
0.0,0.6328960257344097,,,,,asia,taiwan_credit,510000.0,322800.0,LIQ-001163,Increase 30%,0.3,663000.0,0.12377322456871219,Moderate,463200.0,577950.0,37265.64245314786,46497.57784066669,22818.764240037417,0.19885633324651344,No reported delinquency in the harmonized source fields,"{""automatic_increases_enabled"": true, ""within_maximum_increase"": true, ""within_account_exposure"": true, ""within_expected_loss_ceiling"": true, ""meets_profitability_hurdle"": true, ""payment_history_eligible"": true, ""not_overextended"": true}",debt_to_income | credit_lines | income_inr | credit_age_months
0.0,0.4441262358497463,,,,,asia,taiwan_credit,168000.0,74600.0,LIQ-001164,Increase 30%,0.3,218400.0,0.09848858739201523,Moderate,144650.0,182450.0,9260.143208065752,11680.007800287567,4061.38692664094,0.10744409858838466,No reported delinquency in the harmonized source fields,"{""automatic_increases_enabled"": true, ""within_maximum_increase"": true, ""within_account_exposure"": true, ""within_expected_loss_ceiling"": true, ""meets_profitability_hurdle"": true, ""payment_history_eligible"": true, ""not_overextended"": true}",debt_to_income | credit_lines | income_inr | credit_age_months
,,0.31198232566728973,6.0,,,europe,south_german_credit,305000.0,147600.0,LIQ-001165,Manual review,0.0,305000.0,0.22805282657620232,High,265650.0,265650.0,39378.4516969793,39378.4516969793,0.0,0.0,Insufficient behavioral history | Manual review required,"{""automatic_increases_enabled"": true, ""within_maximum_increase"": true, ""within_account_exposure"": true, ""within_expected_loss_ceiling"": false, ""meets_profitability_hurdle"": false, ""payment_history_eligible"": false, ""not_overextended"": true}",delinquency_count | utilization | income_inr | credit_age_months
0.0,0.4079909562708922,0.3285257313076708,10.0,,,undisclosed,give_me_some_credit,237000.0,96700.0,LIQ-001166,Increase 30%,0.3,308100.0,0.032390471111238835,Low,201925.0,255250.0,4251.289821438987,5373.984038243414,7026.1474599953435,0.1317608525081171,No reported delinquency in the harmonized source fields,"{""automatic_increases_enabled"": true, ""within_maximum_increase"": true, ""within_account_exposure"": true, ""within_expected_loss_ceiling"": true, ""meets_profitability_hurdle"": true, ""payment_history_eligible"": true, ""not_overextended"": true}",income_inr | credit_age_months
0.0,0.752735615156963,,,,,asia,taiwan_credit,222000.0,167100.0,LIQ-001167,Increase 30%,0.3,288600.0,0.12922918817640072,Moderate,208275.0,258225.0,17494.88595883591,21690.6346259532,12972.716753781573,0.2597140491247562,No reported delinquency in the harmonized source fields | High utilization with low estimated risk,"{""automatic_increases_enabled"": true, ""within_maximum_increase"": true, ""within_account_exposure"": true, ""within_expected_loss_ceiling"": true, ""meets_profitability_hurdle"": true, ""payment_history_eligible"": true, ""not_overextended"": true}",debt_to_income | credit_lines | income_inr | credit_age_months
,,0.40118430893982526,,,,undisclosed,home_credit,297000.0,192800.0,LIQ-001168,Manual review,0.0,297000.0,0.0814213387076708,Moderate,270950.0,270950.0,14339.722619848215,14339.722619848215,0.0,0.0,Insufficient behavioral history | Manual review required,"{""automatic_increases_enabled"": true, ""within_maximum_increase"": true, ""within_account_exposure"": true, ""within_expected_loss_ceiling"": true, ""meets_profitability_hurdle"": false, ""payment_history_eligible"": false, ""not_overextended"": true}",delinquency_count | utilization | credit_lines | income_inr | credit_age_months
,,0.2591876771595089,,,,undisclosed,home_credit,628000.0,431200.0,LIQ-001169,Manual review,0.0,628000.0,0.0822952082090523,Moderate,578800.0,578800.0,30961.103232409656,30961.103232409656,0.0,0.0,Insufficient behavioral history | Manual review required,"{""automatic_increases_enabled"": true, ""within_maximum_increase"": true, ""within_account_exposure"": true, ""within_expected_loss_ceiling"": true, ""meets_profitability_hurdle"": false, ""payment_history_eligible"": false, ""not_overextended"": true}",delinquency_count | utilization | credit_lines | income_inr | credit_age_months
0.0,1.033322574150013,,5.0,,416.8435996363,undisclosed,fico_heloc,718000.0,741900.0,LIQ-001170,No change,0.0,718000.0,0.6594733396200857,Very high,718000.0,718000.0,307776.20760069403,307776.20760069403,0.0,0.0,No reported delinquency in the harmonized source fields | Expected loss exceeds policy ceiling,"{""automatic_increases_enabled"": true, ""within_maximum_increase"": true, ""within_account_exposure"": true, ""within_expected_loss_ceiling"": false, ""meets_profitability_hurdle"": false, ""payment_history_eligible"": true, ""not_overextended"": true}",debt_to_income | income_inr
0.0,1.0531605706399827,,,,,asia,taiwan_credit,639000.0,673000.0,LIQ-001171,Increase 30%,0.3,830700.0,0.17473900207688672,High,639000.0,791275.0,72577.84451263491,89873.29251445255,55811.530480844856,0.36651801333669254,No reported delinquency in the harmonized source fields,"{""automatic_increases_enabled"": true, ""within_maximum_increase"": true, ""within_account_exposure"": true, ""within_expected_loss_ceiling"": true, ""meets_profitability_hurdle"": true, ""payment_history_eligible"": true, ""not_overextended"": true}",debt_to_income | credit_lines | income_inr | credit_age_months
,,0.0292791719097521,8.0,,,europe,south_german_credit,436000.0,126500.0,LIQ-001172,Manual review,0.0,436000.0,0.1921311521039185,High,358625.0,358625.0,44786.97237512406,44786.97237512406,0.0,0.0,Insufficient behavioral history | Manual review required,"{""automatic_increases_enabled"": true, ""within_maximum_increase"": true, ""within_account_exposure"": true, ""within_expected_loss_ceiling"": false, ""meets_profitability_hurdle"": false, ""payment_history_eligible"": false, ""not_overextended"": true}",delinquency_count | utilization | income_inr | credit_age_months
0.0,0.8029897438908874,0.6248099567092212,12.0,,,undisclosed,give_me_some_credit,296000.0,237700.0,LIQ-001173,Manual review,0.0,296000.0,0.10005266892731975,Moderate,281425.0,281425.0,18302.259529366125,18302.259529366125,0.0,0.0,Customer-overextension safeguard | Manual review required,"{""automatic_increases_enabled"": true, ""within_maximum_increase"": true, ""within_account_exposure"": true, ""within_expected_loss_ceiling"": true, ""meets_profitability_hurdle"": false, ""payment_history_eligible"": true, ""not_overextended"": false}",income_inr | credit_age_months
1.0,0.5874647226039462,,,,,asia,taiwan_credit,76000.0,44600.0,LIQ-001174,Manual review,0.0,76000.0,0.30732361094308636,Very high,68150.0,68150.0,13613.667655751367,13613.667655751367,0.0,0.0,Reported delinquency | Manual review required,"{""automatic_increases_enabled"": true, ""within_maximum_increase"": true, ""within_account_exposure"": true, ""within_expected_loss_ceiling"": false, ""meets_profitability_hurdle"": false, ""payment_history_eligible"": false, ""not_overextended"": true}",debt_to_income | credit_lines | income_inr | credit_age_months
0.0,1.0732436786969717,,6.0,,65.92992357779815,undisclosed,fico_heloc,444000.0,476500.0,LIQ-001175,No change,0.0,444000.0,0.8381998649446348,Very high,444000.0,444000.0,241904.48102302162,241904.48102302162,0.0,0.0,No reported delinquency in the harmonized source fields | Expected loss exceeds policy ceiling | Incremental return below profitability hurdle,"{""automatic_increases_enabled"": true, ""within_maximum_increase"": true, ""within_account_exposure"": true, ""within_expected_loss_ceiling"": false, ""meets_profitability_hurdle"": false, ""payment_history_eligible"": true, ""not_overextended"": true}",debt_to_income | income_inr
0.0,0.7129376449138889,,,,,asia,taiwan_credit,80000.0,57000.0,LIQ-001176,Increase 30%,0.3,104000.0,0.1261043924226988,Moderate,74250.0,92250.0,6086.113239300501,7561.534630646077,4199.125954779102,0.23328477526550567,No reported delinquency in the harmonized source fields | High utilization with low estimated risk,"{""automatic_increases_enabled"": true, ""within_maximum_increase"": true, ""within_account_exposure"": true, ""within_expected_loss_ceiling"": true, ""meets_profitability_hurdle"": true, ""payment_history_eligible"": true, ""not_overextended"": true}",debt_to_income | credit_lines | income_inr | credit_age_months
,,0.106016981221673,11.0,,,europe,south_german_credit,100000.0,3400.0,LIQ-001177,Manual review,0.0,100000.0,0.18486607709795033,High,75850.0,75850.0,9114.359766121697,9114.359766121697,0.0,0.0,Insufficient behavioral history | Manual review required,"{""automatic_increases_enabled"": true, ""within_maximum_increase"": true, ""within_account_exposure"": true, ""within_expected_loss_ceiling"": false, ""meets_profitability_hurdle"": false, ""payment_history_eligible"": false, ""not_overextended"": true}",delinquency_count | utilization | income_inr | credit_age_months
1.0,0.7147105020732534,,,,,asia,taiwan_credit,315000.0,225100.0,LIQ-001178,Manual review,0.0,315000.0,0.3214240119572888,Very high,292525.0,292525.0,61115.963413573845,61115.963413573845,0.0,0.0,Reported delinquency | Manual review required,"{""automatic_increases_enabled"": true, ""within_maximum_increase"": true, ""within_account_exposure"": true, ""within_expected_loss_ceiling"": false, ""meets_profitability_hurdle"": false, ""payment_history_eligible"": false, ""not_overextended"": true}",debt_to_income | credit_lines | income_inr | credit_age_months
,,0.2695830569082416,6.0,,,europe,south_german_credit,416000.0,112100.0,LIQ-001179,Manual review,0.0,416000.0,0.22608877890290416,High,340025.0,340025.0,49969.29408019899,49969.29408019899,0.0,0.0,Insufficient behavioral history | Manual review required,"{""automatic_increases_enabled"": true, ""within_maximum_increase"": true, ""within_account_exposure"": true, ""within_expected_loss_ceiling"": false, ""meets_profitability_hurdle"": false, ""payment_history_eligible"": false, ""not_overextended"": true}",delinquency_count | utilization | income_inr | credit_age_months
0.0,0.845095359397501,,,,,asia,taiwan_credit,261000.0,220600.0,LIQ-001180,Increase 30%,0.3,339300.0,0.13769992392818073,Moderate,250900.0,309625.0,22456.792093827353,27712.970315070925,17966.95970801118,0.3059507825970401,No reported delinquency in the harmonized source fields | High utilization with low estimated risk,"{""automatic_increases_enabled"": true, ""within_maximum_increase"": true, ""within_account_exposure"": true, ""within_expected_loss_ceiling"": true, ""meets_profitability_hurdle"": true, ""payment_history_eligible"": true, ""not_overextended"": true}",debt_to_income | credit_lines | income_inr | credit_age_months
,,0.14013961311132245,,,,undisclosed,home_credit,950000.0,439900.0,LIQ-001181,Manual review,0.0,950000.0,0.07856184138633404,Moderate,822475.0,822475.0,41999.84782124631,41999.84782124631,0.0,0.0,Insufficient behavioral history | Manual review required,"{""automatic_increases_enabled"": true, ""within_maximum_increase"": true, ""within_account_exposure"": true, ""within_expected_loss_ceiling"": true, ""meets_profitability_hurdle"": false, ""payment_history_eligible"": false, ""not_overextended"": true}",delinquency_count | utilization | credit_lines | income_inr | credit_age_months
,,0.17495496443703215,,,,undisclosed,home_credit,473000.0,148900.0,LIQ-001182,Manual review,0.0,473000.0,0.0811639070073911,Moderate,391975.0,391975.0,20679.244591994382,20679.244591994382,0.0,0.0,Insufficient behavioral history | Manual review required,"{""automatic_increases_enabled"": true, ""within_maximum_increase"": true, ""within_account_exposure"": true, ""within_expected_loss_ceiling"": true, ""meets_profitability_hurdle"": false, ""payment_history_eligible"": false, ""not_overextended"": true}",delinquency_count | utilization | credit_lines | income_inr | credit_age_months
0.0,0.2539114217176986,0.46705320803355493,6.0,1653828.5925673144,96.04003197854652,north_america,lending_club_full,413000.0,104900.0,LIQ-001183,No change,0.0,413000.0,0.3435960800674345,Very high,335975.0,335975.0,75035.80045042658,75035.80045042658,0.0,0.0,No reported delinquency in the harmonized source fields | Expected loss exceeds policy ceiling | Incremental return below profitability hurdle,"{""automatic_increases_enabled"": true, ""within_maximum_increase"": true, ""within_account_exposure"": true, ""within_expected_loss_ceiling"": false, ""meets_profitability_hurdle"": false, ""payment_history_eligible"": true, ""not_overextended"": true}",
,,0.5610408080887077,,,,undisclosed,home_credit,862000.0,223000.0,LIQ-001184,Manual review,0.0,862000.0,0.08157494490397012,Moderate,702250.0,702250.0,37235.90328822846,37235.90328822846,0.0,0.0,Insufficient behavioral history | Manual review required,"{""automatic_increases_enabled"": true, ""within_maximum_increase"": true, ""within_account_exposure"": true, ""within_expected_loss_ceiling"": true, ""meets_profitability_hurdle"": false, ""payment_history_eligible"": false, ""not_overextended"": true}",delinquency_count | utilization | credit_lines | income_inr | credit_age_months
,,0.28522550660632956,6.0,,,europe,south_german_credit,968000.0,542300.0,LIQ-001185,Manual review,0.0,968000.0,0.2276113598303191,High,861575.0,861575.0,127467.76727477468,127467.76727477468,0.0,0.0,Insufficient behavioral history | Manual review required,"{""automatic_increases_enabled"": true, ""within_maximum_increase"": true, ""within_account_exposure"": true, ""within_expected_loss_ceiling"": false, ""meets_profitability_hurdle"": false, ""payment_history_eligible"": false, ""not_overextended"": true}",delinquency_count | utilization | income_inr | credit_age_months
0.0,0.4094102204182562,0.620852207120684,13.0,708590.0733966655,312.40057991998924,north_america,lending_club_full,177000.0,72500.0,LIQ-001186,Manual review,0.0,177000.0,0.35625667694654206,Very high,150875.0,150875.0,34937.646987301196,34937.646987301196,0.0,0.0,Customer-overextension safeguard | Manual review required,"{""automatic_increases_enabled"": true, ""within_maximum_increase"": true, ""within_account_exposure"": true, ""within_expected_loss_ceiling"": false, ""meets_profitability_hurdle"": false, ""payment_history_eligible"": true, ""not_overextended"": false}",
0.0,0.5914331134681353,,12.0,,68.1367069778485,undisclosed,fico_heloc,211000.0,124800.0,LIQ-001187,No change,0.0,211000.0,0.7832546961718494,Very high,189450.0,189450.0,96451.94142334197,96451.94142334197,0.0,0.0,No reported delinquency in the harmonized source fields | Expected loss exceeds policy ceiling | Incremental return below profitability hurdle,"{""automatic_increases_enabled"": true, ""within_maximum_increase"": true, ""within_account_exposure"": true, ""within_expected_loss_ceiling"": false, ""meets_profitability_hurdle"": false, ""payment_history_eligible"": true, ""not_overextended"": true}",debt_to_income | income_inr
0.0,0.39253276671166126,0.5863627422165846,6.0,,,undisclosed,give_me_some_credit,245000.0,96200.0,LIQ-001188,Increase 30%,0.3,318500.0,0.027693000470639648,Low,207800.0,262925.0,3740.4935735692975,4732.7683966829045,6965.286820191488,0.12635440943658027,No reported delinquency in the harmonized source fields,"{""automatic_increases_enabled"": true, ""within_maximum_increase"": true, ""within_account_exposure"": true, ""within_expected_loss_ceiling"": true, ""meets_profitability_hurdle"": true, ""payment_history_eligible"": true, ""not_overextended"": true}",income_inr | credit_age_months
0.0,0.6470608565202509,,8.0,,205.5456321734237,undisclosed,fico_heloc,137000.0,88600.0,LIQ-001189,No change,0.0,137000.0,0.5976590575438422,Very high,124900.0,124900.0,48520.95058669683,48520.95058669683,0.0,0.0,No reported delinquency in the harmonized source fields | Expected loss exceeds policy ceiling | Incremental return below profitability hurdle,"{""automatic_increases_enabled"": true, ""within_maximum_increase"": true, ""within_account_exposure"": true, ""within_expected_loss_ceiling"": false, ""meets_profitability_hurdle"": false, ""payment_history_eligible"": true, ""not_overextended"": true}",debt_to_income | income_inr
0.0,0.5580484625259533,0.2238883104353132,11.0,,,undisclosed,give_me_some_credit,340000.0,189700.0,LIQ-001190,Increase 30%,0.3,442000.0,0.054357980483066955,Moderate,302425.0,378925.0,10685.48796093449,13388.438540454994,15429.777593745217,0.2016964391339244,No reported delinquency in the harmonized source fields,"{""automatic_increases_enabled"": true, ""within_maximum_increase"": true, ""within_account_exposure"": true, ""within_expected_loss_ceiling"": true, ""meets_profitability_hurdle"": true, ""payment_history_eligible"": true, ""not_overextended"": true}",income_inr | credit_age_months
0.0,0.25372436977452406,0.2657703237621655,12.0,,,undisclosed,give_me_some_credit,177000.0,44900.0,LIQ-001191,Increase 30%,0.3,230100.0,0.019031291255904793,Low,143975.0,183800.0,1781.0196030697803,2273.668366342946,2141.5765224911556,0.05377467727535858,No reported delinquency in the harmonized source fields,"{""automatic_increases_enabled"": true, ""within_maximum_increase"": true, ""within_account_exposure"": true, ""within_expected_loss_ceiling"": true, ""meets_profitability_hurdle"": true, ""payment_history_eligible"": true, ""not_overextended"": true}",income_inr | credit_age_months
,,0.3210360052640282,7.0,,,europe,south_german_credit,283000.0,21500.0,LIQ-001192,Manual review,0.0,283000.0,0.2221682220631881,High,217625.0,217625.0,31427.083562225853,31427.083562225853,0.0,0.0,Insufficient behavioral history | Manual review required,"{""automatic_increases_enabled"": true, ""within_maximum_increase"": true, ""within_account_exposure"": true, ""within_expected_loss_ceiling"": false, ""meets_profitability_hurdle"": false, ""payment_history_eligible"": false, ""not_overextended"": true}",delinquency_count | utilization | income_inr | credit_age_months
0.0,0.8544611074692616,,,,,asia,taiwan_credit,415000.0,354600.0,LIQ-001193,Increase 30%,0.3,539500.0,0.13769992392818073,Moderate,399900.0,493275.0,35793.029726271656,44150.554484187676,29159.19883855599,0.3122805765842676,No reported delinquency in the harmonized source fields | High utilization with low estimated risk,"{""automatic_increases_enabled"": true, ""within_maximum_increase"": true, ""within_account_exposure"": true, ""within_expected_loss_ceiling"": true, ""meets_profitability_hurdle"": true, ""payment_history_eligible"": true, ""not_overextended"": true}",debt_to_income | credit_lines | income_inr | credit_age_months
2.0,0.544298353514292,0.33762407695460633,8.0,507470.04867748753,56.723927450880055,north_america,lending_club_full,127000.0,69100.0,LIQ-001194,Freeze automatic increases,0.0,127000.0,0.3397634031452846,Very high,112525.0,112525.0,24850.720010300047,24850.720010300047,0.0,0.0,Repeated delinquency,"{""automatic_increases_enabled"": true, ""within_maximum_increase"": true, ""within_account_exposure"": true, ""within_expected_loss_ceiling"": false, ""meets_profitability_hurdle"": false, ""payment_history_eligible"": false, ""not_overextended"": true}",
1.0,0.1254186758087394,,,,,asia,taiwan_credit,154000.0,19300.0,LIQ-001195,Manual review,0.0,154000.0,0.266172671247337,High,120325.0,120325.0,20817.69733409329,20817.69733409329,0.0,0.0,Reported delinquency | Manual review required,"{""automatic_increases_enabled"": true, ""within_maximum_increase"": true, ""within_account_exposure"": true, ""within_expected_loss_ceiling"": false, ""meets_profitability_hurdle"": false, ""payment_history_eligible"": false, ""not_overextended"": true}",debt_to_income | credit_lines | income_inr | credit_age_months
1.0,0.7614651589485173,,10.0,,148.13602626632888,undisclosed,fico_heloc,252000.0,191900.0,LIQ-001196,Manual review,0.0,252000.0,0.7388597539595447,Very high,236975.0,236975.0,113809.33862646602,113809.33862646602,0.0,0.0,Reported delinquency | Manual review required,"{""automatic_increases_enabled"": true, ""within_maximum_increase"": true, ""within_account_exposure"": true, ""within_expected_loss_ceiling"": false, ""meets_profitability_hurdle"": false, ""payment_history_eligible"": false, ""not_overextended"": true}",debt_to_income | income_inr
,,0.1832819582740652,,,,undisclosed,home_credit,338000.0,25400.0,LIQ-001197,Manual review,0.0,338000.0,0.08168123091129671,Moderate,259850.0,259850.0,13796.164103995294,13796.164103995294,0.0,0.0,Insufficient behavioral history | Manual review required,"{""automatic_increases_enabled"": true, ""within_maximum_increase"": true, ""within_account_exposure"": true, ""within_expected_loss_ceiling"": true, ""meets_profitability_hurdle"": false, ""payment_history_eligible"": false, ""not_overextended"": true}",delinquency_count | utilization | credit_lines | income_inr | credit_age_months
1.0,0.5414056775886912,0.18347679140465248,9.0,,,undisclosed,give_me_some_credit,254000.0,137500.0,LIQ-001198,Manual review,0.0,254000.0,0.10503475750520912,Moderate,224875.0,224875.0,15352.799211089536,15352.799211089536,0.0,0.0,Reported delinquency | Manual review required,"{""automatic_increases_enabled"": true, ""within_maximum_increase"": true, ""within_account_exposure"": true, ""within_expected_loss_ceiling"": true, ""meets_profitability_hurdle"": false, ""payment_history_eligible"": false, ""not_overextended"": true}",income_inr | credit_age_months
0.0,0.5006887812091793,0.5416989267494781,10.0,2437241.277582171,237.79801628235086,north_america,lending_club_full,609000.0,304900.0,LIQ-001199,No change,0.0,609000.0,0.35534463467263366,Very high,532975.0,532975.0,123103.37433202051,123103.37433202051,0.0,0.0,No reported delinquency in the harmonized source fields | Expected loss exceeds policy ceiling | Incremental return below profitability hurdle,"{""automatic_increases_enabled"": true, ""within_maximum_increase"": true, ""within_account_exposure"": true, ""within_expected_loss_ceiling"": false, ""meets_profitability_hurdle"": false, ""payment_history_eligible"": true, ""not_overextended"": true}",
,,0.09310820387951499,6.0,,,europe,south_german_credit,221000.0,45900.0,LIQ-001200,Manual review,0.0,221000.0,0.20548655564593185,High,177225.0,177225.0,23671.280635827676,23671.280635827676,0.0,0.0,Insufficient behavioral history | Manual review required,"{""automatic_increases_enabled"": true, ""within_maximum_increase"": true, ""within_account_exposure"": true, ""within_expected_loss_ceiling"": false, ""meets_profitability_hurdle"": false, ""payment_history_eligible"": false, ""not_overextended"": true}",delinquency_count | utilization | income_inr | credit_age_months
