delinquency_count,utilization,debt_to_income,credit_lines,income_inr,credit_age_months,region,source_dataset,current_limit_inr,current_balance_inr,account_id,action,increase_pct,proposed_limit,pd,risk_band,current_ead,proposed_ead,current_expected_loss,proposed_expected_loss,incremental_contribution,risk_adjusted_return,reason_codes,policy_checks,missing_model_fields
1,0.04871922133547444,,,,,asia,taiwan_credit,163000.0,7900.0,LIQ-000001,Manual review,0.0,163000.0,0.2865038364508808,High,124225.0,124225.0,23134.110404021932,23134.110404021932,0.0,0.0,Reported delinquency | Manual review required,"{""automatic_increases_enabled"": true, ""within_maximum_increase"": true, ""within_account_exposure"": true, ""within_expected_loss_ceiling"": false, ""meets_profitability_hurdle"": false, ""payment_history_eligible"": false, ""not_overextended"": true}",credit_age_months | credit_lines | debt_to_income | income_inr
1,0.7342957327368579,,,,,asia,taiwan_credit,488000.0,358300.0,LIQ-000002,Manual review,0.0,488000.0,0.3139140952892999,Very high,455575.0,455575.0,92957.41907492482,92957.41907492482,0.0,0.0,Reported delinquency | Manual review required,"{""automatic_increases_enabled"": true, ""within_maximum_increase"": true, ""within_account_exposure"": true, ""within_expected_loss_ceiling"": false, ""meets_profitability_hurdle"": false, ""payment_history_eligible"": false, ""not_overextended"": true}",credit_age_months | credit_lines | debt_to_income | income_inr
0,0.14457839894002536,,,,,asia,taiwan_credit,1348000.0,194900.0,LIQ-000003,No change,0.0,1348000.0,0.06569109633042208,Moderate,1059725.0,1059725.0,45249.423088191754,45249.423088191754,0.0,0.0,No reported delinquency in the harmonized source fields | Low utilization provides no evidence of additional need | Incremental return below profitability hurdle,"{""automatic_increases_enabled"": true, ""within_maximum_increase"": true, ""within_account_exposure"": true, ""within_expected_loss_ceiling"": true, ""meets_profitability_hurdle"": false, ""payment_history_eligible"": true, ""not_overextended"": true}",credit_age_months | credit_lines | debt_to_income | income_inr
2,0.26607405624969743,,,,,asia,taiwan_credit,919000.0,244500.0,LIQ-000004,Freeze automatic increases,0.0,919000.0,0.3695714704996306,Very high,750375.0,750375.0,180256.17491450423,180256.17491450423,0.0,0.0,Repeated delinquency,"{""automatic_increases_enabled"": true, ""within_maximum_increase"": true, ""within_account_exposure"": true, ""within_expected_loss_ceiling"": false, ""meets_profitability_hurdle"": false, ""payment_history_eligible"": false, ""not_overextended"": true}",credit_age_months | credit_lines | debt_to_income | income_inr
0,0.6038091421524123,,,,,asia,taiwan_credit,132000.0,79700.0,LIQ-000005,No change,0.0,132000.0,0.08907457679992008,Moderate,118925.0,118925.0,6885.576129854822,6885.576129854822,0.0,0.0,No reported delinquency in the harmonized source fields | Exposure limit reached,"{""automatic_increases_enabled"": true, ""within_maximum_increase"": true, ""within_account_exposure"": true, ""within_expected_loss_ceiling"": true, ""meets_profitability_hurdle"": false, ""payment_history_eligible"": true, ""not_overextended"": true}",credit_age_months | credit_lines | debt_to_income | income_inr
0,0.912003165468193,,,,,asia,taiwan_credit,247000.0,225300.0,LIQ-000006,Increase 30%,0.3,321100.0,0.13789137581648095,Moderate,241575.0,297150.0,21652.22092336315,26633.374510513757,19048.125303393485,0.3427462942580924,No reported delinquency in the harmonized source fields | High utilization with low estimated risk,"{""automatic_increases_enabled"": true, ""within_maximum_increase"": true, ""within_account_exposure"": true, ""within_expected_loss_ceiling"": true, ""meets_profitability_hurdle"": true, ""payment_history_eligible"": true, ""not_overextended"": true}",credit_age_months | credit_lines | debt_to_income | income_inr
0,0.9120967534828114,,,,,asia,taiwan_credit,460000.0,419600.0,LIQ-000007,Increase 30%,0.3,598000.0,0.13789137581648095,Moderate,449900.0,553400.0,40324.26448689261,49600.906794946364,35634.83424549136,0.34429791541537547,No reported delinquency in the harmonized source fields | High utilization with low estimated risk,"{""automatic_increases_enabled"": true, ""within_maximum_increase"": true, ""within_account_exposure"": true, ""within_expected_loss_ceiling"": true, ""meets_profitability_hurdle"": true, ""payment_history_eligible"": true, ""not_overextended"": true}",credit_age_months | credit_lines | debt_to_income | income_inr
1,0.7468719926458524,,,,,asia,taiwan_credit,334000.0,249500.0,LIQ-000008,Manual review,0.0,334000.0,0.3139140952892999,Very high,312875.0,312875.0,63840.317166365814,63840.317166365814,0.0,0.0,Reported delinquency | Manual review required,"{""automatic_increases_enabled"": true, ""within_maximum_increase"": true, ""within_account_exposure"": true, ""within_expected_loss_ceiling"": false, ""meets_profitability_hurdle"": false, ""payment_history_eligible"": false, ""not_overextended"": true}",credit_age_months | credit_lines | debt_to_income | income_inr
1,0.6589341094603322,,,,,asia,taiwan_credit,141000.0,92900.0,LIQ-000009,Manual review,0.0,141000.0,0.3587003580810879,Very high,128975.0,128975.0,30071.196144280402,30071.196144280402,0.0,0.0,Reported delinquency | Manual review required,"{""automatic_increases_enabled"": true, ""within_maximum_increase"": true, ""within_account_exposure"": true, ""within_expected_loss_ceiling"": false, ""meets_profitability_hurdle"": false, ""payment_history_eligible"": false, ""not_overextended"": true}",credit_age_months | credit_lines | debt_to_income | income_inr
0,0.35758778485941495,,,,,asia,taiwan_credit,450000.0,160900.0,LIQ-000010,No change,0.0,450000.0,0.07264242638855538,Moderate,377725.0,377725.0,17835.259329951103,17835.259329951103,0.0,0.0,No reported delinquency in the harmonized source fields | Exposure limit reached,"{""automatic_increases_enabled"": true, ""within_maximum_increase"": true, ""within_account_exposure"": true, ""within_expected_loss_ceiling"": true, ""meets_profitability_hurdle"": false, ""payment_history_eligible"": true, ""not_overextended"": true}",credit_age_months | credit_lines | debt_to_income | income_inr
0,0.5636479114156693,,,,,asia,taiwan_credit,348000.0,196100.0,LIQ-000011,No change,0.0,348000.0,0.08711596043527224,Moderate,310025.0,310025.0,17555.28166206443,17555.28166206443,0.0,0.0,No reported delinquency in the harmonized source fields | Exposure limit reached,"{""automatic_increases_enabled"": true, ""within_maximum_increase"": true, ""within_account_exposure"": true, ""within_expected_loss_ceiling"": true, ""meets_profitability_hurdle"": false, ""payment_history_eligible"": true, ""not_overextended"": true}",credit_age_months | credit_lines | debt_to_income | income_inr
0,1.1779420858236351,,,,,asia,taiwan_credit,1215000.0,1431200.0,LIQ-000012,Manual review,0.0,1215000.0,0.19613037377187448,High,1215000.0,1215000.0,154893.96268633788,154893.96268633788,0.0,0.0,Customer-overextension safeguard | Manual review required,"{""automatic_increases_enabled"": true, ""within_maximum_increase"": true, ""within_account_exposure"": true, ""within_expected_loss_ceiling"": false, ""meets_profitability_hurdle"": false, ""payment_history_eligible"": true, ""not_overextended"": false}",credit_age_months | credit_lines | debt_to_income | income_inr
1,0.9550032987154654,,,,,asia,taiwan_credit,297000.0,283600.0,LIQ-000013,Manual review,0.0,297000.0,0.38727516599050843,Very high,293650.0,293650.0,73920.17912052332,73920.17912052332,0.0,0.0,Reported delinquency | Manual review required,"{""automatic_increases_enabled"": true, ""within_maximum_increase"": true, ""within_account_exposure"": true, ""within_expected_loss_ceiling"": false, ""meets_profitability_hurdle"": false, ""payment_history_eligible"": false, ""not_overextended"": true}",credit_age_months | credit_lines | debt_to_income | income_inr
1,0.5584648814637461,,,,,asia,taiwan_credit,748000.0,417700.0,LIQ-000014,Manual review,0.0,748000.0,0.325748538169878,Very high,665425.0,665425.0,140894.7936575992,140894.7936575992,0.0,0.0,Reported delinquency | Manual review required,"{""automatic_increases_enabled"": true, ""within_maximum_increase"": true, ""within_account_exposure"": true, ""within_expected_loss_ceiling"": false, ""meets_profitability_hurdle"": false, ""payment_history_eligible"": false, ""not_overextended"": true}",credit_age_months | credit_lines | debt_to_income | income_inr
2,0.1646653290078289,,,,,asia,taiwan_credit,154000.0,25400.0,LIQ-000015,Freeze automatic increases,0.0,154000.0,0.35292080967991074,Very high,121850.0,121850.0,27952.21042867313,27952.21042867313,0.0,0.0,Repeated delinquency,"{""automatic_increases_enabled"": true, ""within_maximum_increase"": true, ""within_account_exposure"": true, ""within_expected_loss_ceiling"": false, ""meets_profitability_hurdle"": false, ""payment_history_eligible"": false, ""not_overextended"": true}",credit_age_months | credit_lines | debt_to_income | income_inr
0,0.8535981614001092,,,,,asia,taiwan_credit,179000.0,152800.0,LIQ-000016,No change,0.0,179000.0,0.1248660570378491,Moderate,172450.0,172450.0,13996.5484985151,13996.5484985151,0.0,0.0,No reported delinquency in the harmonized source fields | High utilization with low estimated risk | Exposure limit reached,"{""automatic_increases_enabled"": true, ""within_maximum_increase"": true, ""within_account_exposure"": true, ""within_expected_loss_ceiling"": true, ""meets_profitability_hurdle"": false, ""payment_history_eligible"": true, ""not_overextended"": true}",credit_age_months | credit_lines | debt_to_income | income_inr
0,0.234480437730272,,,,,asia,taiwan_credit,559000.0,131100.0,LIQ-000017,No change,0.0,559000.0,0.08026424038307127,Moderate,452025.0,452025.0,23582.938118452566,23582.938118452566,0.0,0.0,No reported delinquency in the harmonized source fields | Exposure limit reached,"{""automatic_increases_enabled"": true, ""within_maximum_increase"": true, ""within_account_exposure"": true, ""within_expected_loss_ceiling"": true, ""meets_profitability_hurdle"": false, ""payment_history_eligible"": true, ""not_overextended"": true}",credit_age_months | credit_lines | debt_to_income | income_inr
0,0.6509949706227859,,,,,asia,taiwan_credit,708000.0,460900.0,LIQ-000018,Increase 30%,0.3,920400.0,0.10742653511030126,Moderate,646225.0,805525.0,45124.11322357538,56247.59380157152,35038.739167928165,0.21995442038875182,No reported delinquency in the harmonized source fields | High utilization with low estimated risk,"{""automatic_increases_enabled"": true, ""within_maximum_increase"": true, ""within_account_exposure"": true, ""within_expected_loss_ceiling"": true, ""meets_profitability_hurdle"": true, ""payment_history_eligible"": true, ""not_overextended"": true}",credit_age_months | credit_lines | debt_to_income | income_inr
0,0.7571548588333062,,,,,asia,taiwan_credit,188000.0,142300.0,LIQ-000019,No change,0.0,188000.0,0.10445677510176377,Moderate,176575.0,176575.0,11988.89579133606,11988.89579133606,0.0,0.0,No reported delinquency in the harmonized source fields | High utilization with low estimated risk | Exposure limit reached,"{""automatic_increases_enabled"": true, ""within_maximum_increase"": true, ""within_account_exposure"": true, ""within_expected_loss_ceiling"": true, ""meets_profitability_hurdle"": false, ""payment_history_eligible"": true, ""not_overextended"": true}",credit_age_months | credit_lines | debt_to_income | income_inr
0,0.525258257305475,,,,,asia,taiwan_credit,356000.0,187000.0,LIQ-000020,No change,0.0,356000.0,0.08962827602182603,Moderate,313750.0,313750.0,18278.566541201148,18278.566541201148,0.0,0.0,No reported delinquency in the harmonized source fields | Exposure limit reached,"{""automatic_increases_enabled"": true, ""within_maximum_increase"": true, ""within_account_exposure"": true, ""within_expected_loss_ceiling"": true, ""meets_profitability_hurdle"": false, ""payment_history_eligible"": true, ""not_overextended"": true}",credit_age_months | credit_lines | debt_to_income | income_inr
2,1.0288090807991965,,,,,asia,taiwan_credit,143000.0,147100.0,LIQ-000021,Freeze automatic increases,0.0,143000.0,0.40812091335673034,Very high,143000.0,143000.0,37934.83889650809,37934.83889650809,0.0,0.0,Repeated delinquency,"{""automatic_increases_enabled"": true, ""within_maximum_increase"": true, ""within_account_exposure"": true, ""within_expected_loss_ceiling"": false, ""meets_profitability_hurdle"": false, ""payment_history_eligible"": false, ""not_overextended"": true}",credit_age_months | credit_lines | debt_to_income | income_inr
0,0.7910992848468331,,,,,asia,taiwan_credit,311000.0,246000.0,LIQ-000022,Increase 30%,0.3,404300.0,0.13173933514049221,Moderate,294750.0,364725.0,25239.609871229055,31231.608855925417,19619.767425551556,0.28038252841088324,No reported delinquency in the harmonized source fields | High utilization with low estimated risk,"{""automatic_increases_enabled"": true, ""within_maximum_increase"": true, ""within_account_exposure"": true, ""within_expected_loss_ceiling"": true, ""meets_profitability_hurdle"": true, ""payment_history_eligible"": true, ""not_overextended"": true}",credit_age_months | credit_lines | debt_to_income | income_inr
0,0.6676718806549652,,,,,asia,taiwan_credit,603000.0,402600.0,LIQ-000023,Increase 30%,0.3,783900.0,0.11251901624577622,Moderate,552900.0,688575.0,40437.646653488286,50360.55804743298,30620.9290129742,0.2256932302411955,No reported delinquency in the harmonized source fields | High utilization with low estimated risk,"{""automatic_increases_enabled"": true, ""within_maximum_increase"": true, ""within_account_exposure"": true, ""within_expected_loss_ceiling"": true, ""meets_profitability_hurdle"": true, ""payment_history_eligible"": true, ""not_overextended"": true}",credit_age_months | credit_lines | debt_to_income | income_inr
0,0.6638648904674161,,,,,asia,taiwan_credit,264000.0,175300.0,LIQ-000024,No change,0.0,264000.0,0.11251901624577622,Moderate,241825.0,241825.0,17686.442217362644,17686.442217362644,0.0,0.0,No reported delinquency in the harmonized source fields | High utilization with low estimated risk | Exposure limit reached,"{""automatic_increases_enabled"": true, ""within_maximum_increase"": true, ""within_account_exposure"": true, ""within_expected_loss_ceiling"": true, ""meets_profitability_hurdle"": false, ""payment_history_eligible"": true, ""not_overextended"": true}",credit_age_months | credit_lines | debt_to_income | income_inr
0,0.9518243930605909,,,,,asia,taiwan_credit,298000.0,283600.0,LIQ-000025,Increase 30%,0.3,387400.0,0.1254424900338476,Moderate,294400.0,361450.0,24004.67489287708,29471.772214777244,25041.113965632507,0.3734692612324013,No reported delinquency in the harmonized source fields | High utilization with low estimated risk,"{""automatic_increases_enabled"": true, ""within_maximum_increase"": true, ""within_account_exposure"": true, ""within_expected_loss_ceiling"": true, ""meets_profitability_hurdle"": true, ""payment_history_eligible"": true, ""not_overextended"": true}",credit_age_months | credit_lines | debt_to_income | income_inr
0,0.2930441436395491,,,,,asia,taiwan_credit,168000.0,49200.0,LIQ-000026,No change,0.0,168000.0,0.06946640549037054,Moderate,138300.0,138300.0,6244.682521556861,6244.682521556861,0.0,0.0,No reported delinquency in the harmonized source fields | Exposure limit reached,"{""automatic_increases_enabled"": true, ""within_maximum_increase"": true, ""within_account_exposure"": true, ""within_expected_loss_ceiling"": true, ""meets_profitability_hurdle"": false, ""payment_history_eligible"": true, ""not_overextended"": true}",credit_age_months | credit_lines | debt_to_income | income_inr
0,0.5341231032433659,,,,,asia,taiwan_credit,230000.0,122800.0,LIQ-000027,No change,0.0,230000.0,0.08962827602182603,Moderate,203200.0,203200.0,11838.102696962784,11838.102696962784,0.0,0.0,No reported delinquency in the harmonized source fields | Exposure limit reached,"{""automatic_increases_enabled"": true, ""within_maximum_increase"": true, ""within_account_exposure"": true, ""within_expected_loss_ceiling"": true, ""meets_profitability_hurdle"": false, ""payment_history_eligible"": true, ""not_overextended"": true}",credit_age_months | credit_lines | debt_to_income | income_inr
0,0.6673782011931807,,,,,asia,taiwan_credit,1097000.0,732100.0,LIQ-000028,Increase 30%,0.3,1426100.0,0.11251901624577622,Moderate,1005775.0,1252600.0,73559.72881698713,91611.85783714855,55814.00720790915,0.22612785255913764,No reported delinquency in the harmonized source fields | High utilization with low estimated risk,"{""automatic_increases_enabled"": true, ""within_maximum_increase"": true, ""within_account_exposure"": true, ""within_expected_loss_ceiling"": true, ""meets_profitability_hurdle"": true, ""payment_history_eligible"": true, ""not_overextended"": true}",credit_age_months | credit_lines | debt_to_income | income_inr
0,0.6631172793984296,,,,,asia,taiwan_credit,367000.0,243400.0,LIQ-000029,Increase 30%,0.3,477100.0,0.10689963846561308,Moderate,336100.0,418675.0,23353.829517390164,29091.533987483865,18659.27607150905,0.2259676181835792,No reported delinquency in the harmonized source fields | High utilization with low estimated risk,"{""automatic_increases_enabled"": true, ""within_maximum_increase"": true, ""within_account_exposure"": true, ""within_expected_loss_ceiling"": true, ""meets_profitability_hurdle"": true, ""payment_history_eligible"": true, ""not_overextended"": true}",credit_age_months | credit_lines | debt_to_income | income_inr
1,0.30844898943156507,,,,,asia,taiwan_credit,182000.0,56100.0,LIQ-000030,Manual review,0.0,182000.0,0.31755145759146886,Very high,150525.0,150525.0,31069.631550071306,31069.631550071306,0.0,0.0,Reported delinquency | Manual review required,"{""automatic_increases_enabled"": true, ""within_maximum_increase"": true, ""within_account_exposure"": true, ""within_expected_loss_ceiling"": false, ""meets_profitability_hurdle"": false, ""payment_history_eligible"": false, ""not_overextended"": true}",credit_age_months | credit_lines | debt_to_income | income_inr
0,0.7418074856604311,,,,,asia,taiwan_credit,285000.0,211400.0,LIQ-000031,No change,0.0,285000.0,0.10445677510176377,Moderate,266600.0,266600.0,18101.314557384645,18101.314557384645,0.0,0.0,No reported delinquency in the harmonized source fields | High utilization with low estimated risk | Exposure limit reached,"{""automatic_increases_enabled"": true, ""within_maximum_increase"": true, ""within_account_exposure"": true, ""within_expected_loss_ceiling"": true, ""meets_profitability_hurdle"": false, ""payment_history_eligible"": true, ""not_overextended"": true}",credit_age_months | credit_lines | debt_to_income | income_inr
1,0.02925879668809902,,,,,asia,taiwan_credit,124000.0,3600.0,LIQ-000032,Manual review,0.0,124000.0,0.2693863662788967,High,93900.0,93900.0,16441.99686583246,16441.99686583246,0.0,0.0,Reported delinquency | Manual review required,"{""automatic_increases_enabled"": true, ""within_maximum_increase"": true, ""within_account_exposure"": true, ""within_expected_loss_ceiling"": false, ""meets_profitability_hurdle"": false, ""payment_history_eligible"": false, ""not_overextended"": true}",credit_age_months | credit_lines | debt_to_income | income_inr
0,0.6790209087784235,,,,,asia,taiwan_credit,181000.0,122900.0,LIQ-000033,No change,0.0,181000.0,0.11258142348426615,Moderate,166475.0,166475.0,12182.295108453085,12182.295108453085,0.0,0.0,No reported delinquency in the harmonized source fields | High utilization with low estimated risk | Exposure limit reached,"{""automatic_increases_enabled"": true, ""within_maximum_increase"": true, ""within_account_exposure"": true, ""within_expected_loss_ceiling"": true, ""meets_profitability_hurdle"": false, ""payment_history_eligible"": true, ""not_overextended"": true}",credit_age_months | credit_lines | debt_to_income | income_inr
0,0.09022990790455326,,,,,asia,taiwan_credit,847000.0,76400.0,LIQ-000034,No change,0.0,847000.0,0.07436753576004311,Moderate,654350.0,654350.0,31630.558065979738,31630.558065979738,0.0,0.0,No reported delinquency in the harmonized source fields | Low utilization provides no evidence of additional need | Incremental return below profitability hurdle,"{""automatic_increases_enabled"": true, ""within_maximum_increase"": true, ""within_account_exposure"": true, ""within_expected_loss_ceiling"": true, ""meets_profitability_hurdle"": false, ""payment_history_eligible"": true, ""not_overextended"": true}",credit_age_months | credit_lines | debt_to_income | income_inr
0,0.7320390476872746,,,,,asia,taiwan_credit,319000.0,233500.0,LIQ-000035,Increase 30%,0.3,414700.0,0.1017785605541567,Moderate,297625.0,369400.0,19689.698655205077,24438.050174658565,19176.740188461405,0.26717854668702756,No reported delinquency in the harmonized source fields | High utilization with low estimated risk,"{""automatic_increases_enabled"": true, ""within_maximum_increase"": true, ""within_account_exposure"": true, ""within_expected_loss_ceiling"": true, ""meets_profitability_hurdle"": true, ""payment_history_eligible"": true, ""not_overextended"": true}",credit_age_months | credit_lines | debt_to_income | income_inr
0,0.5388590347302759,,,,,asia,taiwan_credit,1196000.0,644500.0,LIQ-000036,Increase 30%,0.3,1554800.0,0.09412664759454485,Moderate,1058125.0,1327225.0,64738.54334088555,81202.70590488537,44910.69952273669,0.16689223159694053,No reported delinquency in the harmonized source fields,"{""automatic_increases_enabled"": true, ""within_maximum_increase"": true, ""within_account_exposure"": true, ""within_expected_loss_ceiling"": true, ""meets_profitability_hurdle"": true, ""payment_history_eligible"": true, ""not_overextended"": true}",credit_age_months | credit_lines | debt_to_income | income_inr
0,0.9354486363526233,,,,,asia,taiwan_credit,329000.0,307800.0,LIQ-000037,Increase 30%,0.3,427700.0,0.12820990373935923,Moderate,323700.0,397725.0,26976.004796279878,33144.98457707882,26859.57711284908,0.36284467562106154,No reported delinquency in the harmonized source fields | High utilization with low estimated risk,"{""automatic_increases_enabled"": true, ""within_maximum_increase"": true, ""within_account_exposure"": true, ""within_expected_loss_ceiling"": true, ""meets_profitability_hurdle"": true, ""payment_history_eligible"": true, ""not_overextended"": true}",credit_age_months | credit_lines | debt_to_income | income_inr
0,0.44278493108884037,,,,,asia,taiwan_credit,342000.0,151400.0,LIQ-000038,No change,0.0,342000.0,0.08516958900453168,Moderate,294350.0,294350.0,16295.284540264536,16295.284540264536,0.0,0.0,No reported delinquency in the harmonized source fields | Exposure limit reached,"{""automatic_increases_enabled"": true, ""within_maximum_increase"": true, ""within_account_exposure"": true, ""within_expected_loss_ceiling"": true, ""meets_profitability_hurdle"": false, ""payment_history_eligible"": true, ""not_overextended"": true}",credit_age_months | credit_lines | debt_to_income | income_inr
1,0.9299247457370686,,,,,asia,taiwan_credit,531000.0,493800.0,LIQ-000039,Manual review,0.0,531000.0,0.3609430988851774,Very high,521700.0,521700.0,122397.6095474581,122397.6095474581,0.0,0.0,Reported delinquency | Manual review required,"{""automatic_increases_enabled"": true, ""within_maximum_increase"": true, ""within_account_exposure"": true, ""within_expected_loss_ceiling"": false, ""meets_profitability_hurdle"": false, ""payment_history_eligible"": false, ""not_overextended"": true}",credit_age_months | credit_lines | debt_to_income | income_inr
1,0.8239621882967955,,,,,asia,taiwan_credit,62000.0,51100.0,LIQ-000040,Manual review,0.0,62000.0,0.3087419324809964,Very high,59275.0,59275.0,11895.440731077191,11895.440731077191,0.0,0.0,Reported delinquency | Manual review required,"{""automatic_increases_enabled"": true, ""within_maximum_increase"": true, ""within_account_exposure"": true, ""within_expected_loss_ceiling"": false, ""meets_profitability_hurdle"": false, ""payment_history_eligible"": false, ""not_overextended"": true}",credit_age_months | credit_lines | debt_to_income | income_inr
0,0.3587022848401062,,,,,asia,taiwan_credit,400000.0,143500.0,LIQ-000041,No change,0.0,400000.0,0.07264242638855538,Moderate,335875.0,335875.0,15859.203726116424,15859.203726116424,0.0,0.0,No reported delinquency in the harmonized source fields | Exposure limit reached,"{""automatic_increases_enabled"": true, ""within_maximum_increase"": true, ""within_account_exposure"": true, ""within_expected_loss_ceiling"": true, ""meets_profitability_hurdle"": false, ""payment_history_eligible"": true, ""not_overextended"": true}",credit_age_months | credit_lines | debt_to_income | income_inr
0,0.3910357162827552,,,,,asia,taiwan_credit,339000.0,132600.0,LIQ-000042,No change,0.0,339000.0,0.0753745722583789,Moderate,287400.0,287400.0,14080.723843587764,14080.723843587764,0.0,0.0,No reported delinquency in the harmonized source fields | Exposure limit reached,"{""automatic_increases_enabled"": true, ""within_maximum_increase"": true, ""within_account_exposure"": true, ""within_expected_loss_ceiling"": true, ""meets_profitability_hurdle"": false, ""payment_history_eligible"": true, ""not_overextended"": true}",credit_age_months | credit_lines | debt_to_income | income_inr
0,0.4851853327505351,,,,,asia,taiwan_credit,920000.0,446400.0,LIQ-000043,Increase 30%,0.3,1196000.0,0.10071971691843155,Moderate,801600.0,1008600.0,52479.001303179575,66030.83921455454,27458.41902334264,0.13264936726252483,No reported delinquency in the harmonized source fields,"{""automatic_increases_enabled"": true, ""within_maximum_increase"": true, ""within_account_exposure"": true, ""within_expected_loss_ceiling"": true, ""meets_profitability_hurdle"": true, ""payment_history_eligible"": true, ""not_overextended"": true}",credit_age_months | credit_lines | debt_to_income | income_inr
0,0.5462676938549451,,,,,asia,taiwan_credit,655000.0,357800.0,LIQ-000044,Increase 30%,0.3,851500.0,0.09412664759454485,Moderate,580700.0,728075.0,35528.57376779893,44545.31831580886,25119.643498100195,0.17044711449092584,No reported delinquency in the harmonized source fields,"{""automatic_increases_enabled"": true, ""within_maximum_increase"": true, ""within_account_exposure"": true, ""within_expected_loss_ceiling"": true, ""meets_profitability_hurdle"": true, ""payment_history_eligible"": true, ""not_overextended"": true}",credit_age_months | credit_lines | debt_to_income | income_inr
0,0.3553560289412449,,,,,asia,taiwan_credit,168000.0,59700.0,LIQ-000045,No change,0.0,168000.0,0.07264242638855538,Moderate,140925.0,140925.0,6654.137060224658,6654.137060224658,0.0,0.0,No reported delinquency in the harmonized source fields | Exposure limit reached,"{""automatic_increases_enabled"": true, ""within_maximum_increase"": true, ""within_account_exposure"": true, ""within_expected_loss_ceiling"": true, ""meets_profitability_hurdle"": false, ""payment_history_eligible"": true, ""not_overextended"": true}",credit_age_months | credit_lines | debt_to_income | income_inr
0,0.7799469139929589,,,,,asia,taiwan_credit,785000.0,612300.0,LIQ-000046,Increase 30%,0.3,1020500.0,0.1255423460086906,Moderate,741825.0,918450.0,60534.79303813299,74947.83899959324,49416.30780895287,0.2797809359317926,No reported delinquency in the harmonized source fields | High utilization with low estimated risk,"{""automatic_increases_enabled"": true, ""within_maximum_increase"": true, ""within_account_exposure"": true, ""within_expected_loss_ceiling"": true, ""meets_profitability_hurdle"": true, ""payment_history_eligible"": true, ""not_overextended"": true}",credit_age_months | credit_lines | debt_to_income | income_inr
0,0.34215607824348554,,,,,asia,taiwan_credit,295000.0,100900.0,LIQ-000047,No change,0.0,295000.0,0.06934387152945824,Moderate,246475.0,246475.0,11109.494977895094,11109.494977895094,0.0,0.0,No reported delinquency in the harmonized source fields | Exposure limit reached,"{""automatic_increases_enabled"": true, ""within_maximum_increase"": true, ""within_account_exposure"": true, ""within_expected_loss_ceiling"": true, ""meets_profitability_hurdle"": false, ""payment_history_eligible"": true, ""not_overextended"": true}",credit_age_months | credit_lines | debt_to_income | income_inr
1,0.3318158204538235,,,,,asia,taiwan_credit,194000.0,64400.0,LIQ-000048,Manual review,0.0,194000.0,0.3154179927316523,Very high,161600.0,161600.0,33131.505956532754,33131.505956532754,0.0,0.0,Reported delinquency | Manual review required,"{""automatic_increases_enabled"": true, ""within_maximum_increase"": true, ""within_account_exposure"": true, ""within_expected_loss_ceiling"": false, ""meets_profitability_hurdle"": false, ""payment_history_eligible"": false, ""not_overextended"": true}",credit_age_months | credit_lines | debt_to_income | income_inr
0,0.49049543003771817,,,,,asia,taiwan_credit,398000.0,195200.0,LIQ-000049,No change,0.0,398000.0,0.09380052946279228,Moderate,347300.0,347300.0,21175.000523578045,21175.000523578045,0.0,0.0,No reported delinquency in the harmonized source fields | Exposure limit reached,"{""automatic_increases_enabled"": true, ""within_maximum_increase"": true, ""within_account_exposure"": true, ""within_expected_loss_ceiling"": true, ""meets_profitability_hurdle"": false, ""payment_history_eligible"": true, ""not_overextended"": true}",credit_age_months | credit_lines | debt_to_income | income_inr
0,0.8660552779480818,,,,,asia,taiwan_credit,307000.0,265900.0,LIQ-000050,Increase 30%,0.3,399100.0,0.13710775366716862,Moderate,296725.0,365800.0,26444.1438344789,32600.110589442687,21994.526004008032,0.3184151430185745,No reported delinquency in the harmonized source fields | High utilization with low estimated risk,"{""automatic_increases_enabled"": true, ""within_maximum_increase"": true, ""within_account_exposure"": true, ""within_expected_loss_ceiling"": true, ""meets_profitability_hurdle"": true, ""payment_history_eligible"": true, ""not_overextended"": true}",credit_age_months | credit_lines | debt_to_income | income_inr
0,0.37941292252567127,,,,,asia,taiwan_credit,951000.0,360800.0,LIQ-000051,Increase 30%,0.3,1236300.0,0.0753745722583789,Moderate,803450.0,1017425.0,39363.80505264644,49847.18321698775,19367.269361674174,0.09051183251162133,No reported delinquency in the harmonized source fields,"{""automatic_increases_enabled"": true, ""within_maximum_increase"": true, ""within_account_exposure"": true, ""within_expected_loss_ceiling"": true, ""meets_profitability_hurdle"": true, ""payment_history_eligible"": true, ""not_overextended"": true}",credit_age_months | credit_lines | debt_to_income | income_inr
0,0.837984318602735,,,,,asia,taiwan_credit,437000.0,366200.0,LIQ-000052,Increase 30%,0.3,568100.0,0.1270419994521549,Moderate,419300.0,517625.0,34624.66174068757,42744.0747281741,30497.518637908222,0.31017054297389496,No reported delinquency in the harmonized source fields | High utilization with low estimated risk,"{""automatic_increases_enabled"": true, ""within_maximum_increase"": true, ""within_account_exposure"": true, ""within_expected_loss_ceiling"": true, ""meets_profitability_hurdle"": true, ""payment_history_eligible"": true, ""not_overextended"": true}",credit_age_months | credit_lines | debt_to_income | income_inr
0,1.1477210842531265,,,,,asia,taiwan_credit,400000.0,459100.0,LIQ-000053,Manual review,0.0,400000.0,0.19613037377187448,High,400000.0,400000.0,50993.89718068737,50993.89718068737,0.0,0.0,Customer-overextension safeguard | Manual review required,"{""automatic_increases_enabled"": true, ""within_maximum_increase"": true, ""within_account_exposure"": true, ""within_expected_loss_ceiling"": false, ""meets_profitability_hurdle"": false, ""payment_history_eligible"": true, ""not_overextended"": false}",credit_age_months | credit_lines | debt_to_income | income_inr
0,0.8051033143502618,,,,,asia,taiwan_credit,629000.0,506400.0,LIQ-000054,Increase 30%,0.3,817700.0,0.13399787456498716,Moderate,598350.0,739875.0,52115.45835987404,64442.09033845042,40756.19951618412,0.287978798913154,No reported delinquency in the harmonized source fields | High utilization with low estimated risk,"{""automatic_increases_enabled"": true, ""within_maximum_increase"": true, ""within_account_exposure"": true, ""within_expected_loss_ceiling"": true, ""meets_profitability_hurdle"": true, ""payment_history_eligible"": true, ""not_overextended"": true}",credit_age_months | credit_lines | debt_to_income | income_inr
0,0.5769947073860261,,,,,asia,taiwan_credit,712000.0,410800.0,LIQ-000055,Increase 30%,0.3,925600.0,0.09958469167168506,Moderate,636700.0,796900.0,41213.622571785214,51583.37651555778,29481.961753352458,0.1840322206825996,No reported delinquency in the harmonized source fields,"{""automatic_increases_enabled"": true, ""within_maximum_increase"": true, ""within_account_exposure"": true, ""within_expected_loss_ceiling"": true, ""meets_profitability_hurdle"": true, ""payment_history_eligible"": true, ""not_overextended"": true}",credit_age_months | credit_lines | debt_to_income | income_inr
1,0.6436789850499487,,,,,asia,taiwan_credit,582000.0,374600.0,LIQ-000056,Manual review,0.0,582000.0,0.34891282555666864,Very high,530150.0,530150.0,120234.48740476412,120234.48740476412,0.0,0.0,Reported delinquency | Manual review required,"{""automatic_increases_enabled"": true, ""within_maximum_increase"": true, ""within_account_exposure"": true, ""within_expected_loss_ceiling"": false, ""meets_profitability_hurdle"": false, ""payment_history_eligible"": false, ""not_overextended"": true}",credit_age_months | credit_lines | debt_to_income | income_inr
0,0.7760539339726036,,,,,asia,taiwan_credit,881000.0,683700.0,LIQ-000057,Increase 30%,0.3,1145300.0,0.12273752595832339,Moderate,831675.0,1029900.0,66350.5257359026,82164.79568991023,55415.15661060957,0.2795568500976646,No reported delinquency in the harmonized source fields | High utilization with low estimated risk,"{""automatic_increases_enabled"": true, ""within_maximum_increase"": true, ""within_account_exposure"": true, ""within_expected_loss_ceiling"": true, ""meets_profitability_hurdle"": true, ""payment_history_eligible"": true, ""not_overextended"": true}",credit_age_months | credit_lines | debt_to_income | income_inr
0,1.0719624093594262,,,,,asia,taiwan_credit,520000.0,557400.0,LIQ-000058,No change,0.0,520000.0,0.1869573259929914,High,520000.0,520000.0,63191.57618563109,63191.57618563109,0.0,0.0,No reported delinquency in the harmonized source fields | Expected loss exceeds policy ceiling,"{""automatic_increases_enabled"": true, ""within_maximum_increase"": true, ""within_account_exposure"": true, ""within_expected_loss_ceiling"": false, ""meets_profitability_hurdle"": false, ""payment_history_eligible"": true, ""not_overextended"": true}",credit_age_months | credit_lines | debt_to_income | income_inr
0,0.6836951345251365,,,,,asia,taiwan_credit,390000.0,266600.0,LIQ-000059,Increase 30%,0.3,507000.0,0.11258142348426615,Moderate,359150.0,446900.0,26281.851858843223,32703.214800827052,20516.948179475727,0.23381137526468065,No reported delinquency in the harmonized source fields | High utilization with low estimated risk,"{""automatic_increases_enabled"": true, ""within_maximum_increase"": true, ""within_account_exposure"": true, ""within_expected_loss_ceiling"": true, ""meets_profitability_hurdle"": true, ""payment_history_eligible"": true, ""not_overextended"": true}",credit_age_months | credit_lines | debt_to_income | income_inr
0,0.8425932913582644,,,,,asia,taiwan_credit,783000.0,659800.0,LIQ-000060,Increase 30%,0.3,1017900.0,0.12153563721790035,Moderate,752200.0,928375.0,59422.41910494802,73339.92068140936,55867.53167297409,0.3171138451708477,No reported delinquency in the harmonized source fields | High utilization with low estimated risk,"{""automatic_increases_enabled"": true, ""within_maximum_increase"": true, ""within_account_exposure"": true, ""within_expected_loss_ceiling"": true, ""meets_profitability_hurdle"": true, ""payment_history_eligible"": true, ""not_overextended"": true}",credit_age_months | credit_lines | debt_to_income | income_inr
0,0.625351213981308,,,,,asia,taiwan_credit,330000.0,206400.0,LIQ-000061,No change,0.0,330000.0,0.0987359063062026,Moderate,299100.0,299100.0,19195.74122452038,19195.74122452038,0.0,0.0,No reported delinquency in the harmonized source fields | Exposure limit reached,"{""automatic_increases_enabled"": true, ""within_maximum_increase"": true, ""within_account_exposure"": true, ""within_expected_loss_ceiling"": true, ""meets_profitability_hurdle"": false, ""payment_history_eligible"": true, ""not_overextended"": true}",credit_age_months | credit_lines | debt_to_income | income_inr
1,0.7839435294405203,,,,,asia,taiwan_credit,358000.0,280700.0,LIQ-000062,Manual review,0.0,358000.0,0.32811034529311955,Very high,338675.0,338675.0,72229.80127489573,72229.80127489573,0.0,0.0,Reported delinquency | Manual review required,"{""automatic_increases_enabled"": true, ""within_maximum_increase"": true, ""within_account_exposure"": true, ""within_expected_loss_ceiling"": false, ""meets_profitability_hurdle"": false, ""payment_history_eligible"": false, ""not_overextended"": true}",credit_age_months | credit_lines | debt_to_income | income_inr
0,0.5128558763004949,,,,,asia,taiwan_credit,1072000.0,549800.0,LIQ-000063,Increase 30%,0.3,1393600.0,0.08234712963836745,Moderate,941450.0,1182650.0,50391.708378726675,63302.09136342992,38605.36124972059,0.1600553948993391,No reported delinquency in the harmonized source fields,"{""automatic_increases_enabled"": true, ""within_maximum_increase"": true, ""within_account_exposure"": true, ""within_expected_loss_ceiling"": true, ""meets_profitability_hurdle"": true, ""payment_history_eligible"": true, ""not_overextended"": true}",credit_age_months | credit_lines | debt_to_income | income_inr
1,0.6596141552861823,,,,,asia,taiwan_credit,1004000.0,662300.0,LIQ-000064,Manual review,0.0,1004000.0,0.3587003580810879,Very high,918575.0,918575.0,214170.56792581794,214170.56792581794,0.0,0.0,Reported delinquency | Manual review required,"{""automatic_increases_enabled"": true, ""within_maximum_increase"": true, ""within_account_exposure"": true, ""within_expected_loss_ceiling"": false, ""meets_profitability_hurdle"": false, ""payment_history_eligible"": false, ""not_overextended"": true}",credit_age_months | credit_lines | debt_to_income | income_inr
0,0.355135087066558,,,,,asia,taiwan_credit,348000.0,123600.0,LIQ-000065,No change,0.0,348000.0,0.07264242638855538,Moderate,291900.0,291900.0,13782.810770832555,13782.810770832555,0.0,0.0,No reported delinquency in the harmonized source fields | Exposure limit reached,"{""automatic_increases_enabled"": true, ""within_maximum_increase"": true, ""within_account_exposure"": true, ""within_expected_loss_ceiling"": true, ""meets_profitability_hurdle"": false, ""payment_history_eligible"": true, ""not_overextended"": true}",credit_age_months | credit_lines | debt_to_income | income_inr
0,0.6941762055677542,,,,,asia,taiwan_credit,261000.0,181200.0,LIQ-000066,No change,0.0,261000.0,0.11258142348426615,Moderate,241050.0,241050.0,17639.538885073533,17639.538885073533,0.0,0.0,No reported delinquency in the harmonized source fields | High utilization with low estimated risk | Exposure limit reached,"{""automatic_increases_enabled"": true, ""within_maximum_increase"": true, ""within_account_exposure"": true, ""within_expected_loss_ceiling"": true, ""meets_profitability_hurdle"": false, ""payment_history_eligible"": true, ""not_overextended"": true}",credit_age_months | credit_lines | debt_to_income | income_inr
1,0.22143155184227326,,,,,asia,taiwan_credit,906000.0,200600.0,LIQ-000067,Manual review,0.0,906000.0,0.27358926348062385,High,729650.0,729650.0,129755.86396411416,129755.86396411416,0.0,0.0,Reported delinquency | Manual review required,"{""automatic_increases_enabled"": true, ""within_maximum_increase"": true, ""within_account_exposure"": true, ""within_expected_loss_ceiling"": false, ""meets_profitability_hurdle"": false, ""payment_history_eligible"": false, ""not_overextended"": true}",credit_age_months | credit_lines | debt_to_income | income_inr
0,0.5052201179693062,,,,,asia,taiwan_credit,589000.0,297600.0,LIQ-000068,Increase 30%,0.3,765700.0,0.08234712963836745,Moderate,516150.0,648675.0,27627.256125848184,34720.740806809205,20569.227095663326,0.15521016484182854,No reported delinquency in the harmonized source fields,"{""automatic_increases_enabled"": true, ""within_maximum_increase"": true, ""within_account_exposure"": true, ""within_expected_loss_ceiling"": true, ""meets_profitability_hurdle"": true, ""payment_history_eligible"": true, ""not_overextended"": true}",credit_age_months | credit_lines | debt_to_income | income_inr
0,0.25990294482129916,,,,,asia,taiwan_credit,430000.0,111800.0,LIQ-000069,No change,0.0,430000.0,0.0726667301080929,Moderate,350450.0,350450.0,16552.93611814775,16552.93611814775,0.0,0.0,No reported delinquency in the harmonized source fields | Exposure limit reached,"{""automatic_increases_enabled"": true, ""within_maximum_increase"": true, ""within_account_exposure"": true, ""within_expected_loss_ceiling"": true, ""meets_profitability_hurdle"": false, ""payment_history_eligible"": true, ""not_overextended"": true}",credit_age_months | credit_lines | debt_to_income | income_inr
0,0.43483149145763816,,,,,asia,taiwan_credit,284000.0,123500.0,LIQ-000070,No change,0.0,284000.0,0.08516958900453168,Moderate,243875.0,243875.0,13500.976787012109,13500.976787012109,0.0,0.0,No reported delinquency in the harmonized source fields | Exposure limit reached,"{""automatic_increases_enabled"": true, ""within_maximum_increase"": true, ""within_account_exposure"": true, ""within_expected_loss_ceiling"": true, ""meets_profitability_hurdle"": false, ""payment_history_eligible"": true, ""not_overextended"": true}",credit_age_months | credit_lines | debt_to_income | income_inr
0,0.7728192887526508,,,,,asia,taiwan_credit,434000.0,335400.0,LIQ-000071,Increase 30%,0.3,564200.0,0.12273752595832339,Moderate,409350.0,507000.0,32657.694063175793,40448.151679565475,27032.283869898776,0.2768283038392092,No reported delinquency in the harmonized source fields | High utilization with low estimated risk,"{""automatic_increases_enabled"": true, ""within_maximum_increase"": true, ""within_account_exposure"": true, ""within_expected_loss_ceiling"": true, ""meets_profitability_hurdle"": true, ""payment_history_eligible"": true, ""not_overextended"": true}",credit_age_months | credit_lines | debt_to_income | income_inr
0,0.6866378201824425,,,,,asia,taiwan_credit,345000.0,236900.0,LIQ-000072,Increase 30%,0.3,448500.0,0.11258142348426615,Moderate,317975.0,395600.0,23268.750786066194,28949.1872347442,18255.47813421946,0.23517524166466292,No reported delinquency in the harmonized source fields | High utilization with low estimated risk,"{""automatic_increases_enabled"": true, ""within_maximum_increase"": true, ""within_account_exposure"": true, ""within_expected_loss_ceiling"": true, ""meets_profitability_hurdle"": true, ""payment_history_eligible"": true, ""not_overextended"": true}",credit_age_months | credit_lines | debt_to_income | income_inr
0,0.7275674250768615,,,,,asia,taiwan_credit,227000.0,165200.0,LIQ-000073,No change,0.0,227000.0,0.10803036497610345,Moderate,211550.0,211550.0,14854.985411951546,14854.985411951546,0.0,0.0,No reported delinquency in the harmonized source fields | High utilization with low estimated risk | Exposure limit reached,"{""automatic_increases_enabled"": true, ""within_maximum_increase"": true, ""within_account_exposure"": true, ""within_expected_loss_ceiling"": true, ""meets_profitability_hurdle"": false, ""payment_history_eligible"": true, ""not_overextended"": true}",credit_age_months | credit_lines | debt_to_income | income_inr
0,0.062475915049881585,,,,,asia,taiwan_credit,381000.0,23800.0,LIQ-000074,No change,0.0,381000.0,0.08190483488668591,Moderate,291700.0,291700.0,15529.566218690084,15529.566218690084,0.0,0.0,No reported delinquency in the harmonized source fields | Low utilization provides no evidence of additional need | Incremental return below profitability hurdle,"{""automatic_increases_enabled"": true, ""within_maximum_increase"": true, ""within_account_exposure"": true, ""within_expected_loss_ceiling"": true, ""meets_profitability_hurdle"": false, ""payment_history_eligible"": true, ""not_overextended"": true}",credit_age_months | credit_lines | debt_to_income | income_inr
0,0.09454681523190121,,,,,asia,taiwan_credit,416000.0,39300.0,LIQ-000075,No change,0.0,416000.0,0.07436753576004311,Moderate,321825.0,321825.0,15556.66592738432,15556.66592738432,0.0,0.0,No reported delinquency in the harmonized source fields | Low utilization provides no evidence of additional need | Incremental return below profitability hurdle,"{""automatic_increases_enabled"": true, ""within_maximum_increase"": true, ""within_account_exposure"": true, ""within_expected_loss_ceiling"": true, ""meets_profitability_hurdle"": false, ""payment_history_eligible"": true, ""not_overextended"": true}",credit_age_months | credit_lines | debt_to_income | income_inr
0,0.551345415670125,,,,,asia,taiwan_credit,274000.0,151100.0,LIQ-000076,No change,0.0,274000.0,0.08210223476850792,Moderate,243275.0,243275.0,12982.723756150697,12982.723756150697,0.0,0.0,No reported delinquency in the harmonized source fields | Exposure limit reached,"{""automatic_increases_enabled"": true, ""within_maximum_increase"": true, ""within_account_exposure"": true, ""within_expected_loss_ceiling"": true, ""meets_profitability_hurdle"": false, ""payment_history_eligible"": true, ""not_overextended"": true}",credit_age_months | credit_lines | debt_to_income | income_inr
0,0.5214112932289631,,,,,asia,taiwan_credit,630000.0,328500.0,LIQ-000077,Increase 30%,0.3,819000.0,0.08962827602182603,Moderate,554625.0,696375.0,32311.553682593425,40569.67896455442,22615.106889988943,0.15954220028210894,No reported delinquency in the harmonized source fields,"{""automatic_increases_enabled"": true, ""within_maximum_increase"": true, ""within_account_exposure"": true, ""within_expected_loss_ceiling"": true, ""meets_profitability_hurdle"": true, ""payment_history_eligible"": true, ""not_overextended"": true}",credit_age_months | credit_lines | debt_to_income | income_inr
0,0.9653992725123496,,,,,asia,taiwan_credit,809000.0,781000.0,LIQ-000078,Increase 30%,0.3,1051700.0,0.15186734441858432,High,802000.0,984025.0,79168.44664540801,97136.82133447334,66532.81466076578,0.3655147076542551,No reported delinquency in the harmonized source fields,"{""automatic_increases_enabled"": true, ""within_maximum_increase"": true, ""within_account_exposure"": true, ""within_expected_loss_ceiling"": true, ""meets_profitability_hurdle"": true, ""payment_history_eligible"": true, ""not_overextended"": true}",credit_age_months | credit_lines | debt_to_income | income_inr
2,0.35957694044838395,,,,,asia,taiwan_credit,657000.0,236200.0,LIQ-000079,Freeze automatic increases,0.0,657000.0,0.39023444128816137,Very high,551800.0,551800.0,139965.38705682484,139965.38705682484,0.0,0.0,Repeated delinquency,"{""automatic_increases_enabled"": true, ""within_maximum_increase"": true, ""within_account_exposure"": true, ""within_expected_loss_ceiling"": false, ""meets_profitability_hurdle"": false, ""payment_history_eligible"": false, ""not_overextended"": true}",credit_age_months | credit_lines | debt_to_income | income_inr
0,0.1904146339642134,,,,,asia,taiwan_credit,292000.0,55600.0,LIQ-000080,No change,0.0,292000.0,0.07124174382106481,Moderate,232900.0,232900.0,10784.931388351897,10784.931388351897,0.0,0.0,No reported delinquency in the harmonized source fields | Low utilization provides no evidence of additional need | Incremental return below profitability hurdle,"{""automatic_increases_enabled"": true, ""within_maximum_increase"": true, ""within_account_exposure"": true, ""within_expected_loss_ceiling"": true, ""meets_profitability_hurdle"": false, ""payment_history_eligible"": true, ""not_overextended"": true}",credit_age_months | credit_lines | debt_to_income | income_inr
2,0.8317950487943726,,,,,asia,taiwan_credit,572000.0,475800.0,LIQ-000081,Freeze automatic increases,0.0,572000.0,0.3853945700536139,Very high,547950.0,547950.0,137265.02052957052,137265.02052957052,0.0,0.0,Repeated delinquency,"{""automatic_increases_enabled"": true, ""within_maximum_increase"": true, ""within_account_exposure"": true, ""within_expected_loss_ceiling"": false, ""meets_profitability_hurdle"": false, ""payment_history_eligible"": false, ""not_overextended"": true}",credit_age_months | credit_lines | debt_to_income | income_inr
0,0.5295048061643316,,,,,asia,taiwan_credit,368000.0,194900.0,LIQ-000082,No change,0.0,368000.0,0.08962827602182603,Moderate,324725.0,324725.0,18917.952255271848,18917.952255271848,0.0,0.0,No reported delinquency in the harmonized source fields | Exposure limit reached,"{""automatic_increases_enabled"": true, ""within_maximum_increase"": true, ""within_account_exposure"": true, ""within_expected_loss_ceiling"": true, ""meets_profitability_hurdle"": false, ""payment_history_eligible"": true, ""not_overextended"": true}",credit_age_months | credit_lines | debt_to_income | income_inr
0,1.2968899161707148,,,,,asia,taiwan_credit,157000.0,203600.0,LIQ-000083,Manual review,0.0,157000.0,0.1855143832497812,High,157000.0,157000.0,18931.74281064017,18931.74281064017,0.0,0.0,Customer-overextension safeguard | Manual review required,"{""automatic_increases_enabled"": true, ""within_maximum_increase"": true, ""within_account_exposure"": true, ""within_expected_loss_ceiling"": false, ""meets_profitability_hurdle"": false, ""payment_history_eligible"": true, ""not_overextended"": false}",credit_age_months | credit_lines | debt_to_income | income_inr
0,1.1056182159060741,,,,,asia,taiwan_credit,542000.0,599200.0,LIQ-000084,Manual review,0.0,542000.0,0.1869573259929914,High,542000.0,542000.0,65865.06594733086,65865.06594733086,0.0,0.0,Customer-overextension safeguard | Manual review required,"{""automatic_increases_enabled"": true, ""within_maximum_increase"": true, ""within_account_exposure"": true, ""within_expected_loss_ceiling"": false, ""meets_profitability_hurdle"": false, ""payment_history_eligible"": true, ""not_overextended"": false}",credit_age_months | credit_lines | debt_to_income | income_inr
1,0.590267300385143,,,,,asia,taiwan_credit,385000.0,227300.0,LIQ-000085,Manual review,0.0,385000.0,0.3174929711305808,Very high,345575.0,345575.0,71316.4617739928,71316.4617739928,0.0,0.0,Reported delinquency | Manual review required,"{""automatic_increases_enabled"": true, ""within_maximum_increase"": true, ""within_account_exposure"": true, ""within_expected_loss_ceiling"": false, ""meets_profitability_hurdle"": false, ""payment_history_eligible"": false, ""not_overextended"": true}",credit_age_months | credit_lines | debt_to_income | income_inr
0,0.48442883921670943,,,,,asia,taiwan_credit,1889000.0,915100.0,LIQ-000086,Increase 30%,0.3,2455700.0,0.10071971691843155,Moderate,1645525.0,2070550.0,107728.92791843135,135554.386412548,56390.62878583596,0.13267602796502784,No reported delinquency in the harmonized source fields,"{""automatic_increases_enabled"": true, ""within_maximum_increase"": true, ""within_account_exposure"": true, ""within_expected_loss_ceiling"": true, ""meets_profitability_hurdle"": true, ""payment_history_eligible"": true, ""not_overextended"": true}",credit_age_months | credit_lines | debt_to_income | income_inr
0,0.8349661720362616,,,,,asia,taiwan_credit,902000.0,753100.0,LIQ-000087,Increase 30%,0.3,1172600.0,0.1270419994521549,Moderate,864775.0,1067725.0,71410.78429955423,88169.84726228387,62801.056667692916,0.3094410281729141,No reported delinquency in the harmonized source fields | High utilization with low estimated risk,"{""automatic_increases_enabled"": true, ""within_maximum_increase"": true, ""within_account_exposure"": true, ""within_expected_loss_ceiling"": true, ""meets_profitability_hurdle"": true, ""payment_history_eligible"": true, ""not_overextended"": true}",credit_age_months | credit_lines | debt_to_income | income_inr
0,0.5629990869622962,,,,,asia,taiwan_credit,556000.0,313000.0,LIQ-000088,Increase 30%,0.3,722800.0,0.08711596043527224,Moderate,495250.0,620350.0,28043.716613619577,35127.55093641374,23026.215073074145,0.18406247060810668,No reported delinquency in the harmonized source fields,"{""automatic_increases_enabled"": true, ""within_maximum_increase"": true, ""within_account_exposure"": true, ""within_expected_loss_ceiling"": true, ""meets_profitability_hurdle"": true, ""payment_history_eligible"": true, ""not_overextended"": true}",credit_age_months | credit_lines | debt_to_income | income_inr
0,0.44218875860753015,,,,,asia,taiwan_credit,412000.0,182200.0,LIQ-000089,No change,0.0,412000.0,0.08516958900453168,Moderate,354550.0,354550.0,19627.97055801186,19627.97055801186,0.0,0.0,No reported delinquency in the harmonized source fields | Exposure limit reached,"{""automatic_increases_enabled"": true, ""within_maximum_increase"": true, ""within_account_exposure"": true, ""within_expected_loss_ceiling"": true, ""meets_profitability_hurdle"": false, ""payment_history_eligible"": true, ""not_overextended"": true}",credit_age_months | credit_lines | debt_to_income | income_inr
1,1.1331982945913095,,,,,asia,taiwan_credit,389000.0,440800.0,LIQ-000090,Manual review,0.0,389000.0,0.4369000772073052,Very high,389000.0,389000.0,110470.18452186712,110470.18452186712,0.0,0.0,Reported delinquency | Manual review required,"{""automatic_increases_enabled"": true, ""within_maximum_increase"": true, ""within_account_exposure"": true, ""within_expected_loss_ceiling"": false, ""meets_profitability_hurdle"": false, ""payment_history_eligible"": false, ""not_overextended"": false}",credit_age_months | credit_lines | debt_to_income | income_inr
1,0.2726044385163627,,,,,asia,taiwan_credit,182000.0,49600.0,LIQ-000091,Manual review,0.0,182000.0,0.2816692676923907,High,148900.0,148900.0,27261.360073608037,27261.360073608037,0.0,0.0,Reported delinquency | Manual review required,"{""automatic_increases_enabled"": true, ""within_maximum_increase"": true, ""within_account_exposure"": true, ""within_expected_loss_ceiling"": false, ""meets_profitability_hurdle"": false, ""payment_history_eligible"": false, ""not_overextended"": true}",credit_age_months | credit_lines | debt_to_income | income_inr
0,0.9203137034910819,,,,,asia,taiwan_credit,113000.0,104000.0,LIQ-000092,No change,0.0,113000.0,0.13789137581648095,Moderate,110750.0,110750.0,9926.455416588922,9926.455416588922,0.0,0.0,No reported delinquency in the harmonized source fields | High utilization with low estimated risk | Exposure limit reached,"{""automatic_increases_enabled"": true, ""within_maximum_increase"": true, ""within_account_exposure"": true, ""within_expected_loss_ceiling"": true, ""meets_profitability_hurdle"": false, ""payment_history_eligible"": true, ""not_overextended"": true}",credit_age_months | credit_lines | debt_to_income | income_inr
0,0.6532053247468278,,,,,asia,taiwan_credit,198000.0,129300.0,LIQ-000093,No change,0.0,198000.0,0.10742653511030126,Moderate,180825.0,180825.0,12626.512087358145,12626.512087358145,0.0,0.0,No reported delinquency in the harmonized source fields | High utilization with low estimated risk | Exposure limit reached,"{""automatic_increases_enabled"": true, ""within_maximum_increase"": true, ""within_account_exposure"": true, ""within_expected_loss_ceiling"": true, ""meets_profitability_hurdle"": false, ""payment_history_eligible"": true, ""not_overextended"": true}",credit_age_months | credit_lines | debt_to_income | income_inr
0,0.3840812268507182,,,,,asia,taiwan_credit,339000.0,130200.0,LIQ-000094,No change,0.0,339000.0,0.0753745722583789,Moderate,286800.0,286800.0,14051.327760406995,14051.327760406995,0.0,0.0,No reported delinquency in the harmonized source fields | Exposure limit reached,"{""automatic_increases_enabled"": true, ""within_maximum_increase"": true, ""within_account_exposure"": true, ""within_expected_loss_ceiling"": true, ""meets_profitability_hurdle"": false, ""payment_history_eligible"": true, ""not_overextended"": true}",credit_age_months | credit_lines | debt_to_income | income_inr
0,0.4678503811335765,,,,,asia,taiwan_credit,89000.0,41600.0,LIQ-000095,No change,0.0,89000.0,0.08451901176507008,Moderate,77150.0,77150.0,4238.417142488852,4238.417142488852,0.0,0.0,No reported delinquency in the harmonized source fields | Exposure limit reached,"{""automatic_increases_enabled"": true, ""within_maximum_increase"": true, ""within_account_exposure"": true, ""within_expected_loss_ceiling"": true, ""meets_profitability_hurdle"": false, ""payment_history_eligible"": true, ""not_overextended"": true}",credit_age_months | credit_lines | debt_to_income | income_inr
0,0.7133697923177696,,,,,asia,taiwan_credit,246000.0,175500.0,LIQ-000096,No change,0.0,246000.0,0.10836577022598959,Moderate,228375.0,228375.0,16086.221303984245,16086.221303984245,0.0,0.0,No reported delinquency in the harmonized source fields | High utilization with low estimated risk | Exposure limit reached,"{""automatic_increases_enabled"": true, ""within_maximum_increase"": true, ""within_account_exposure"": true, ""within_expected_loss_ceiling"": true, ""meets_profitability_hurdle"": false, ""payment_history_eligible"": true, ""not_overextended"": true}",credit_age_months | credit_lines | debt_to_income | income_inr
0,0.8262824402778958,,,,,asia,taiwan_credit,298000.0,246200.0,LIQ-000097,Increase 30%,0.3,387400.0,0.1311552128043488,Moderate,285050.0,352100.0,24300.765716421756,30016.83777846729,20125.428474833352,0.3001555328088494,No reported delinquency in the harmonized source fields | High utilization with low estimated risk,"{""automatic_increases_enabled"": true, ""within_maximum_increase"": true, ""within_account_exposure"": true, ""within_expected_loss_ceiling"": true, ""meets_profitability_hurdle"": true, ""payment_history_eligible"": true, ""not_overextended"": true}",credit_age_months | credit_lines | debt_to_income | income_inr
0,0.7775994062615059,,,,,asia,taiwan_credit,304000.0,236400.0,LIQ-000098,Increase 30%,0.3,395200.0,0.1255423460086906,Moderate,287100.0,355500.0,23428.0849004118,29009.697603958182,18937.703277319924,0.2768670069783615,No reported delinquency in the harmonized source fields | High utilization with low estimated risk,"{""automatic_increases_enabled"": true, ""within_maximum_increase"": true, ""within_account_exposure"": true, ""within_expected_loss_ceiling"": true, ""meets_profitability_hurdle"": true, ""payment_history_eligible"": true, ""not_overextended"": true}",credit_age_months | credit_lines | debt_to_income | income_inr
0,0.5353621199494321,,,,,asia,taiwan_credit,228000.0,122100.0,LIQ-000099,No change,0.0,228000.0,0.09300480011477723,Moderate,201525.0,201525.0,12182.815023034813,12182.815023034813,0.0,0.0,No reported delinquency in the harmonized source fields | Exposure limit reached,"{""automatic_increases_enabled"": true, ""within_maximum_increase"": true, ""within_account_exposure"": true, ""within_expected_loss_ceiling"": true, ""meets_profitability_hurdle"": false, ""payment_history_eligible"": true, ""not_overextended"": true}",credit_age_months | credit_lines | debt_to_income | income_inr
0,0.49239202454842834,,,,,asia,taiwan_credit,280000.0,137900.0,LIQ-000100,No change,0.0,280000.0,0.09380052946279228,Moderate,244475.0,244475.0,14905.724886270495,14905.724886270495,0.0,0.0,No reported delinquency in the harmonized source fields | Exposure limit reached,"{""automatic_increases_enabled"": true, ""within_maximum_increase"": true, ""within_account_exposure"": true, ""within_expected_loss_ceiling"": true, ""meets_profitability_hurdle"": false, ""payment_history_eligible"": true, ""not_overextended"": true}",credit_age_months | credit_lines | debt_to_income | income_inr
0,0.6866215082688879,,,,,asia,taiwan_credit,1073000.0,736700.0,LIQ-000101,Increase 30%,0.3,1394900.0,0.11258142348426615,Moderate,988925.0,1230350.0,72367.47974246564,90034.46034951347,57154.82552113991,0.23673946576013216,No reported delinquency in the harmonized source fields | High utilization with low estimated risk,"{""automatic_increases_enabled"": true, ""within_maximum_increase"": true, ""within_account_exposure"": true, ""within_expected_loss_ceiling"": true, ""meets_profitability_hurdle"": true, ""payment_history_eligible"": true, ""not_overextended"": true}",credit_age_months | credit_lines | debt_to_income | income_inr
0,0.18871253148160155,,,,,asia,taiwan_credit,538000.0,101500.0,LIQ-000102,No change,0.0,538000.0,0.07124174382106481,Moderate,428875.0,428875.0,19859.97187281846,19859.97187281846,0.0,0.0,No reported delinquency in the harmonized source fields | Low utilization provides no evidence of additional need | Incremental return below profitability hurdle,"{""automatic_increases_enabled"": true, ""within_maximum_increase"": true, ""within_account_exposure"": true, ""within_expected_loss_ceiling"": true, ""meets_profitability_hurdle"": false, ""payment_history_eligible"": true, ""not_overextended"": true}",credit_age_months | credit_lines | debt_to_income | income_inr
0,0.7140729154466748,,,,,asia,taiwan_credit,243000.0,173500.0,LIQ-000103,No change,0.0,243000.0,0.10836577022598959,Moderate,225625.0,225625.0,15892.517489705288,15892.517489705288,0.0,0.0,No reported delinquency in the harmonized source fields | High utilization with low estimated risk | Exposure limit reached,"{""automatic_increases_enabled"": true, ""within_maximum_increase"": true, ""within_account_exposure"": true, ""within_expected_loss_ceiling"": true, ""meets_profitability_hurdle"": false, ""payment_history_eligible"": true, ""not_overextended"": true}",credit_age_months | credit_lines | debt_to_income | income_inr
1,0.24584928814722434,,,,,asia,taiwan_credit,335000.0,82400.0,LIQ-000104,Manual review,0.0,335000.0,0.30385278261851806,Very high,271850.0,271850.0,53691.54632064869,53691.54632064869,0.0,0.0,Reported delinquency | Manual review required,"{""automatic_increases_enabled"": true, ""within_maximum_increase"": true, ""within_account_exposure"": true, ""within_expected_loss_ceiling"": false, ""meets_profitability_hurdle"": false, ""payment_history_eligible"": false, ""not_overextended"": true}",credit_age_months | credit_lines | debt_to_income | income_inr
0,0.3719547637420035,,,,,asia,taiwan_credit,344000.0,128000.0,LIQ-000105,No change,0.0,344000.0,0.0774889191905499,Moderate,290000.0,290000.0,14606.661267418656,14606.661267418656,0.0,0.0,No reported delinquency in the harmonized source fields | Exposure limit reached,"{""automatic_increases_enabled"": true, ""within_maximum_increase"": true, ""within_account_exposure"": true, ""within_expected_loss_ceiling"": true, ""meets_profitability_hurdle"": false, ""payment_history_eligible"": true, ""not_overextended"": true}",credit_age_months | credit_lines | debt_to_income | income_inr
0,1.0503480327549328,,,,,asia,taiwan_credit,212000.0,222700.0,LIQ-000106,No change,0.0,212000.0,0.1869573259929914,High,212000.0,212000.0,25762.719521834213,25762.719521834213,0.0,0.0,No reported delinquency in the harmonized source fields | Expected loss exceeds policy ceiling,"{""automatic_increases_enabled"": true, ""within_maximum_increase"": true, ""within_account_exposure"": true, ""within_expected_loss_ceiling"": false, ""meets_profitability_hurdle"": false, ""payment_history_eligible"": true, ""not_overextended"": true}",credit_age_months | credit_lines | debt_to_income | income_inr
0,0.41488977821623446,,,,,asia,taiwan_credit,212000.0,88000.0,LIQ-000107,No change,0.0,212000.0,0.08516958900453168,Moderate,181000.0,181000.0,10020.202146383153,10020.202146383153,0.0,0.0,No reported delinquency in the harmonized source fields | Exposure limit reached,"{""automatic_increases_enabled"": true, ""within_maximum_increase"": true, ""within_account_exposure"": true, ""within_expected_loss_ceiling"": true, ""meets_profitability_hurdle"": false, ""payment_history_eligible"": true, ""not_overextended"": true}",credit_age_months | credit_lines | debt_to_income | income_inr
1,0.5463396690492514,,,,,asia,taiwan_credit,675000.0,368800.0,LIQ-000108,Manual review,0.0,675000.0,0.33241976182627303,Very high,598450.0,598450.0,129308.79420220651,129308.79420220651,0.0,0.0,Reported delinquency | Manual review required,"{""automatic_increases_enabled"": true, ""within_maximum_increase"": true, ""within_account_exposure"": true, ""within_expected_loss_ceiling"": false, ""meets_profitability_hurdle"": false, ""payment_history_eligible"": false, ""not_overextended"": true}",credit_age_months | credit_lines | debt_to_income | income_inr
1,0.3384741706600315,,,,,asia,taiwan_credit,266000.0,90000.0,LIQ-000109,Manual review,0.0,266000.0,0.3154179927316523,Very high,222000.0,222000.0,45514.816351177426,45514.816351177426,0.0,0.0,Reported delinquency | Manual review required,"{""automatic_increases_enabled"": true, ""within_maximum_increase"": true, ""within_account_exposure"": true, ""within_expected_loss_ceiling"": false, ""meets_profitability_hurdle"": false, ""payment_history_eligible"": false, ""not_overextended"": true}",credit_age_months | credit_lines | debt_to_income | income_inr
0,0.39683818324008174,,,,,asia,taiwan_credit,172000.0,68300.0,LIQ-000110,No change,0.0,172000.0,0.0808458283099629,Moderate,146075.0,146075.0,7676.210340745591,7676.210340745591,0.0,0.0,No reported delinquency in the harmonized source fields | Exposure limit reached,"{""automatic_increases_enabled"": true, ""within_maximum_increase"": true, ""within_account_exposure"": true, ""within_expected_loss_ceiling"": true, ""meets_profitability_hurdle"": false, ""payment_history_eligible"": true, ""not_overextended"": true}",credit_age_months | credit_lines | debt_to_income | income_inr
0,0.9306187255583261,,,,,asia,taiwan_credit,340000.0,316400.0,LIQ-000111,Increase 30%,0.3,442000.0,0.12820990373935923,Moderate,334100.0,410600.0,27842.70374555795,34217.94120899758,27558.791677449866,0.3602456428424819,No reported delinquency in the harmonized source fields | High utilization with low estimated risk,"{""automatic_increases_enabled"": true, ""within_maximum_increase"": true, ""within_account_exposure"": true, ""within_expected_loss_ceiling"": true, ""meets_profitability_hurdle"": true, ""payment_history_eligible"": true, ""not_overextended"": true}",credit_age_months | credit_lines | debt_to_income | income_inr
1,0.5682798817078952,,,,,asia,taiwan_credit,378000.0,214800.0,LIQ-000112,Manual review,0.0,378000.0,0.325748538169878,Very high,337200.0,337200.0,71397.56459607386,71397.56459607386,0.0,0.0,Reported delinquency | Manual review required,"{""automatic_increases_enabled"": true, ""within_maximum_increase"": true, ""within_account_exposure"": true, ""within_expected_loss_ceiling"": false, ""meets_profitability_hurdle"": false, ""payment_history_eligible"": false, ""not_overextended"": true}",credit_age_months | credit_lines | debt_to_income | income_inr
0,0.357743293144702,,,,,asia,taiwan_credit,97000.0,34700.0,LIQ-000113,No change,0.0,97000.0,0.07264242638855538,Moderate,81425.0,81425.0,3844.691219647279,3844.691219647279,0.0,0.0,No reported delinquency in the harmonized source fields | Exposure limit reached,"{""automatic_increases_enabled"": true, ""within_maximum_increase"": true, ""within_account_exposure"": true, ""within_expected_loss_ceiling"": true, ""meets_profitability_hurdle"": false, ""payment_history_eligible"": true, ""not_overextended"": true}",credit_age_months | credit_lines | debt_to_income | income_inr
0,0.7396864115582784,,,,,asia,taiwan_credit,341000.0,252200.0,LIQ-000114,Increase 30%,0.3,443300.0,0.10445677510176377,Moderate,318800.0,395525.0,21645.53293658749,26854.922881881324,20703.412750129024,0.26983920169604464,No reported delinquency in the harmonized source fields | High utilization with low estimated risk,"{""automatic_increases_enabled"": true, ""within_maximum_increase"": true, ""within_account_exposure"": true, ""within_expected_loss_ceiling"": true, ""meets_profitability_hurdle"": true, ""payment_history_eligible"": true, ""not_overextended"": true}",credit_age_months | credit_lines | debt_to_income | income_inr
0,0.9019153514465006,,,,,asia,taiwan_credit,615000.0,554700.0,LIQ-000115,Increase 30%,0.3,799500.0,0.13069315445742802,Moderate,599925.0,738300.0,50963.95894711713,62718.99135834742,47569.24396652312,0.34377050743648147,No reported delinquency in the harmonized source fields | High utilization with low estimated risk,"{""automatic_increases_enabled"": true, ""within_maximum_increase"": true, ""within_account_exposure"": true, ""within_expected_loss_ceiling"": true, ""meets_profitability_hurdle"": true, ""payment_history_eligible"": true, ""not_overextended"": true}",credit_age_months | credit_lines | debt_to_income | income_inr
0,0.26413889010983993,,,,,asia,taiwan_credit,469000.0,123900.0,LIQ-000116,No change,0.0,469000.0,0.06691580489446596,Moderate,382725.0,382725.0,16646.728428352413,16646.728428352413,0.0,0.0,No reported delinquency in the harmonized source fields | Exposure limit reached,"{""automatic_increases_enabled"": true, ""within_maximum_increase"": true, ""within_account_exposure"": true, ""within_expected_loss_ceiling"": true, ""meets_profitability_hurdle"": false, ""payment_history_eligible"": true, ""not_overextended"": true}",credit_age_months | credit_lines | debt_to_income | income_inr
0,0.562592072258452,,,,,asia,taiwan_credit,1491000.0,838800.0,LIQ-000117,Increase 30%,0.3,1938300.0,0.08711596043527224,Moderate,1327950.0,1663425.0,75195.66577901285,94192.06321657778,61975.35558687235,0.1847391179279301,No reported delinquency in the harmonized source fields,"{""automatic_increases_enabled"": true, ""within_maximum_increase"": true, ""within_account_exposure"": true, ""within_expected_loss_ceiling"": true, ""meets_profitability_hurdle"": true, ""payment_history_eligible"": true, ""not_overextended"": true}",credit_age_months | credit_lines | debt_to_income | income_inr
0,1.0549432202895066,,,,,asia,taiwan_credit,789000.0,832400.0,LIQ-000118,No change,0.0,789000.0,0.1869573259929914,High,789000.0,789000.0,95881.06463550564,95881.06463550564,0.0,0.0,No reported delinquency in the harmonized source fields | Expected loss exceeds policy ceiling,"{""automatic_increases_enabled"": true, ""within_maximum_increase"": true, ""within_account_exposure"": true, ""within_expected_loss_ceiling"": false, ""meets_profitability_hurdle"": false, ""payment_history_eligible"": true, ""not_overextended"": true}",credit_age_months | credit_lines | debt_to_income | income_inr
2,0.5902550976070366,,,,,asia,taiwan_credit,898000.0,530000.0,LIQ-000119,Freeze automatic increases,0.0,898000.0,0.402717286143284,Very high,806000.0,806000.0,210983.58621046648,210983.58621046648,0.0,0.0,Repeated delinquency,"{""automatic_increases_enabled"": true, ""within_maximum_increase"": true, ""within_account_exposure"": true, ""within_expected_loss_ceiling"": false, ""meets_profitability_hurdle"": false, ""payment_history_eligible"": false, ""not_overextended"": true}",credit_age_months | credit_lines | debt_to_income | income_inr
0,0.19918625296106124,,,,,asia,taiwan_credit,2160000.0,430200.0,LIQ-000120,No change,0.0,2160000.0,0.07009471210831149,Moderate,1727550.0,1727550.0,78709.87793676379,78709.87793676379,0.0,0.0,No reported delinquency in the harmonized source fields | Low utilization provides no evidence of additional need | Incremental return below profitability hurdle,"{""automatic_increases_enabled"": true, ""within_maximum_increase"": true, ""within_account_exposure"": true, ""within_expected_loss_ceiling"": true, ""meets_profitability_hurdle"": false, ""payment_history_eligible"": true, ""not_overextended"": true}",credit_age_months | credit_lines | debt_to_income | income_inr
0,0.34412629718695187,,,,,asia,taiwan_credit,573000.0,197200.0,LIQ-000121,No change,0.0,573000.0,0.06934387152945824,Moderate,479050.0,479050.0,21592.468076521534,21592.468076521534,0.0,0.0,No reported delinquency in the harmonized source fields | Exposure limit reached,"{""automatic_increases_enabled"": true, ""within_maximum_increase"": true, ""within_account_exposure"": true, ""within_expected_loss_ceiling"": true, ""meets_profitability_hurdle"": false, ""payment_history_eligible"": true, ""not_overextended"": true}",credit_age_months | credit_lines | debt_to_income | income_inr
0,0.779690232484106,,,,,asia,taiwan_credit,389000.0,303300.0,LIQ-000122,Increase 30%,0.3,505700.0,0.1255423460086906,Moderate,367575.0,455100.0,29995.048092193894,37137.30908456082,24384.568692059293,0.2786011847136166,No reported delinquency in the harmonized source fields | High utilization with low estimated risk,"{""automatic_increases_enabled"": true, ""within_maximum_increase"": true, ""within_account_exposure"": true, ""within_expected_loss_ceiling"": true, ""meets_profitability_hurdle"": true, ""payment_history_eligible"": true, ""not_overextended"": true}",credit_age_months | credit_lines | debt_to_income | income_inr
0,0.1240447959090636,,,,,asia,taiwan_credit,659000.0,81700.0,LIQ-000123,No change,0.0,659000.0,0.07403411164865732,Moderate,514675.0,514675.0,24767.279168302262,24767.279168302262,0.0,0.0,No reported delinquency in the harmonized source fields | Low utilization provides no evidence of additional need | Incremental return below profitability hurdle,"{""automatic_increases_enabled"": true, ""within_maximum_increase"": true, ""within_account_exposure"": true, ""within_expected_loss_ceiling"": true, ""meets_profitability_hurdle"": false, ""payment_history_eligible"": true, ""not_overextended"": true}",credit_age_months | credit_lines | debt_to_income | income_inr
0,1.109931795687234,,,,,asia,taiwan_credit,243000.0,269700.0,LIQ-000124,Manual review,0.0,243000.0,0.1869573259929914,High,243000.0,243000.0,29529.909640592992,29529.909640592992,0.0,0.0,Customer-overextension safeguard | Manual review required,"{""automatic_increases_enabled"": true, ""within_maximum_increase"": true, ""within_account_exposure"": true, ""within_expected_loss_ceiling"": false, ""meets_profitability_hurdle"": false, ""payment_history_eligible"": true, ""not_overextended"": false}",credit_age_months | credit_lines | debt_to_income | income_inr
1,0.9452016349690486,,,,,asia,taiwan_credit,375000.0,354500.0,LIQ-000125,Manual review,0.0,375000.0,0.3743816936075854,Very high,369875.0,369875.0,90008.37880001866,90008.37880001866,0.0,0.0,Reported delinquency | Manual review required,"{""automatic_increases_enabled"": true, ""within_maximum_increase"": true, ""within_account_exposure"": true, ""within_expected_loss_ceiling"": false, ""meets_profitability_hurdle"": false, ""payment_history_eligible"": false, ""not_overextended"": true}",credit_age_months | credit_lines | debt_to_income | income_inr
0,0.824577694763649,,,,,asia,taiwan_credit,230000.0,189700.0,LIQ-000126,No change,0.0,230000.0,0.1311552128043488,Moderate,219925.0,219925.0,18748.801614397667,18748.801614397667,0.0,0.0,No reported delinquency in the harmonized source fields | High utilization with low estimated risk | Exposure limit reached,"{""automatic_increases_enabled"": true, ""within_maximum_increase"": true, ""within_account_exposure"": true, ""within_expected_loss_ceiling"": true, ""meets_profitability_hurdle"": false, ""payment_history_eligible"": true, ""not_overextended"": true}",credit_age_months | credit_lines | debt_to_income | income_inr
1,0.39007166326333603,,,,,asia,taiwan_credit,453000.0,176700.0,LIQ-000127,Manual review,0.0,453000.0,0.32216460564488014,Very high,383925.0,383925.0,80396.5800444369,80396.5800444369,0.0,0.0,Reported delinquency | Manual review required,"{""automatic_increases_enabled"": true, ""within_maximum_increase"": true, ""within_account_exposure"": true, ""within_expected_loss_ceiling"": false, ""meets_profitability_hurdle"": false, ""payment_history_eligible"": false, ""not_overextended"": true}",credit_age_months | credit_lines | debt_to_income | income_inr
0,0.5932743902778518,,,,,asia,taiwan_credit,229000.0,135900.0,LIQ-000128,No change,0.0,229000.0,0.10840032671474488,Moderate,205725.0,205725.0,14495.42718870408,14495.42718870408,0.0,0.0,No reported delinquency in the harmonized source fields | Exposure limit reached,"{""automatic_increases_enabled"": true, ""within_maximum_increase"": true, ""within_account_exposure"": true, ""within_expected_loss_ceiling"": true, ""meets_profitability_hurdle"": false, ""payment_history_eligible"": true, ""not_overextended"": true}",credit_age_months | credit_lines | debt_to_income | income_inr
0,0.7222117530855183,,,,,asia,taiwan_credit,224000.0,161800.0,LIQ-000129,No change,0.0,224000.0,0.10803036497610345,Moderate,208450.0,208450.0,14637.304226524697,14637.304226524697,0.0,0.0,No reported delinquency in the harmonized source fields | High utilization with low estimated risk | Exposure limit reached,"{""automatic_increases_enabled"": true, ""within_maximum_increase"": true, ""within_account_exposure"": true, ""within_expected_loss_ceiling"": true, ""meets_profitability_hurdle"": false, ""payment_history_eligible"": true, ""not_overextended"": true}",credit_age_months | credit_lines | debt_to_income | income_inr
0,0.45721971769106934,,,,,asia,taiwan_credit,458000.0,209400.0,LIQ-000130,No change,0.0,458000.0,0.08451901176507008,Moderate,395850.0,395850.0,21746.953024681945,21746.953024681945,0.0,0.0,No reported delinquency in the harmonized source fields | Exposure limit reached,"{""automatic_increases_enabled"": true, ""within_maximum_increase"": true, ""within_account_exposure"": true, ""within_expected_loss_ceiling"": true, ""meets_profitability_hurdle"": false, ""payment_history_eligible"": true, ""not_overextended"": true}",credit_age_months | credit_lines | debt_to_income | income_inr
1,1.0278222500493204,,,,,asia,taiwan_credit,320000.0,328900.0,LIQ-000131,Manual review,0.0,320000.0,0.4000751539023999,Very high,320000.0,320000.0,83215.63201169917,83215.63201169917,0.0,0.0,Reported delinquency | Manual review required,"{""automatic_increases_enabled"": true, ""within_maximum_increase"": true, ""within_account_exposure"": true, ""within_expected_loss_ceiling"": false, ""meets_profitability_hurdle"": false, ""payment_history_eligible"": false, ""not_overextended"": true}",credit_age_months | credit_lines | debt_to_income | income_inr
0,0.4982621245078402,,,,,asia,taiwan_credit,100000.0,49800.0,LIQ-000132,No change,0.0,100000.0,0.09253476700608847,Moderate,87450.0,87450.0,5259.907493543584,5259.907493543584,0.0,0.0,No reported delinquency in the harmonized source fields | Exposure limit reached,"{""automatic_increases_enabled"": true, ""within_maximum_increase"": true, ""within_account_exposure"": true, ""within_expected_loss_ceiling"": true, ""meets_profitability_hurdle"": false, ""payment_history_eligible"": true, ""not_overextended"": true}",credit_age_months | credit_lines | debt_to_income | income_inr
1,0.681749984045614,,,,,asia,taiwan_credit,136000.0,92700.0,LIQ-000133,Manual review,0.0,136000.0,0.3547047913014613,Very high,125175.0,125175.0,28860.111963254272,28860.111963254272,0.0,0.0,Reported delinquency | Manual review required,"{""automatic_increases_enabled"": true, ""within_maximum_increase"": true, ""within_account_exposure"": true, ""within_expected_loss_ceiling"": false, ""meets_profitability_hurdle"": false, ""payment_history_eligible"": false, ""not_overextended"": true}",credit_age_months | credit_lines | debt_to_income | income_inr
0,0.522616929245293,,,,,asia,taiwan_credit,166000.0,86800.0,LIQ-000134,No change,0.0,166000.0,0.08962827602182603,Moderate,146200.0,146200.0,8517.375070354128,8517.375070354128,0.0,0.0,No reported delinquency in the harmonized source fields | Exposure limit reached,"{""automatic_increases_enabled"": true, ""within_maximum_increase"": true, ""within_account_exposure"": true, ""within_expected_loss_ceiling"": true, ""meets_profitability_hurdle"": false, ""payment_history_eligible"": true, ""not_overextended"": true}",credit_age_months | credit_lines | debt_to_income | income_inr
0,0.3845441737101024,,,,,asia,taiwan_credit,197000.0,75800.0,LIQ-000135,No change,0.0,197000.0,0.0753745722583789,Moderate,166700.0,166700.0,8167.2117770566465,8167.2117770566465,0.0,0.0,No reported delinquency in the harmonized source fields | Exposure limit reached,"{""automatic_increases_enabled"": true, ""within_maximum_increase"": true, ""within_account_exposure"": true, ""within_expected_loss_ceiling"": true, ""meets_profitability_hurdle"": false, ""payment_history_eligible"": true, ""not_overextended"": true}",credit_age_months | credit_lines | debt_to_income | income_inr
1,0.9186218394788149,,,,,asia,taiwan_credit,458000.0,420700.0,LIQ-000136,Manual review,0.0,458000.0,0.3811342340674926,Very high,448675.0,448675.0,111153.51160565096,111153.51160565096,0.0,0.0,Reported delinquency | Manual review required,"{""automatic_increases_enabled"": true, ""within_maximum_increase"": true, ""within_account_exposure"": true, ""within_expected_loss_ceiling"": false, ""meets_profitability_hurdle"": false, ""payment_history_eligible"": false, ""not_overextended"": true}",credit_age_months | credit_lines | debt_to_income | income_inr
0,0.6895378344292792,,,,,asia,taiwan_credit,404000.0,278600.0,LIQ-000137,Increase 30%,0.3,525200.0,0.11258142348426615,Moderate,372650.0,463550.0,27269.75384991766,33921.627256485524,21554.358177982285,0.23712165212301745,No reported delinquency in the harmonized source fields | High utilization with low estimated risk,"{""automatic_increases_enabled"": true, ""within_maximum_increase"": true, ""within_account_exposure"": true, ""within_expected_loss_ceiling"": true, ""meets_profitability_hurdle"": true, ""payment_history_eligible"": true, ""not_overextended"": true}",credit_age_months | credit_lines | debt_to_income | income_inr
0,0.34134173915358973,,,,,asia,taiwan_credit,699000.0,238600.0,LIQ-000138,No change,0.0,699000.0,0.06934387152945824,Moderate,583900.0,583900.0,26318.426280932938,26318.426280932938,0.0,0.0,No reported delinquency in the harmonized source fields | Exposure limit reached,"{""automatic_increases_enabled"": true, ""within_maximum_increase"": true, ""within_account_exposure"": true, ""within_expected_loss_ceiling"": true, ""meets_profitability_hurdle"": false, ""payment_history_eligible"": true, ""not_overextended"": true}",credit_age_months | credit_lines | debt_to_income | income_inr
2,0.6774564007842188,,,,,asia,taiwan_credit,571000.0,386800.0,LIQ-000139,Freeze automatic increases,0.0,571000.0,0.41147686296083696,Very high,524950.0,524950.0,140403.1064873394,140403.1064873394,0.0,0.0,Repeated delinquency,"{""automatic_increases_enabled"": true, ""within_maximum_increase"": true, ""within_account_exposure"": true, ""within_expected_loss_ceiling"": false, ""meets_profitability_hurdle"": false, ""payment_history_eligible"": false, ""not_overextended"": true}",credit_age_months | credit_lines | debt_to_income | income_inr
2,1.1481379869065005,,,,,asia,taiwan_credit,703000.0,807100.0,LIQ-000140,Freeze automatic increases,0.0,703000.0,0.461048523800418,Very high,703000.0,703000.0,210676.12295060104,210676.12295060104,0.0,0.0,Repeated delinquency,"{""automatic_increases_enabled"": true, ""within_maximum_increase"": true, ""within_account_exposure"": true, ""within_expected_loss_ceiling"": false, ""meets_profitability_hurdle"": false, ""payment_history_eligible"": false, ""not_overextended"": false}",credit_age_months | credit_lines | debt_to_income | income_inr
0,0.41240744889771563,,,,,asia,taiwan_credit,520000.0,214500.0,LIQ-000141,No change,0.0,520000.0,0.08516958900453168,Moderate,443625.0,443625.0,24559.18329938799,24559.18329938799,0.0,0.0,No reported delinquency in the harmonized source fields | Exposure limit reached,"{""automatic_increases_enabled"": true, ""within_maximum_increase"": true, ""within_account_exposure"": true, ""within_expected_loss_ceiling"": true, ""meets_profitability_hurdle"": false, ""payment_history_eligible"": true, ""not_overextended"": true}",credit_age_months | credit_lines | debt_to_income | income_inr
1,0.765156588017531,,,,,asia,taiwan_credit,401000.0,306800.0,LIQ-000142,Manual review,0.0,401000.0,0.3046278166337148,Very high,377450.0,377450.0,74738.15010245718,74738.15010245718,0.0,0.0,Reported delinquency | Manual review required,"{""automatic_increases_enabled"": true, ""within_maximum_increase"": true, ""within_account_exposure"": true, ""within_expected_loss_ceiling"": false, ""meets_profitability_hurdle"": false, ""payment_history_eligible"": false, ""not_overextended"": true}",credit_age_months | credit_lines | debt_to_income | income_inr
0,0.5667710358314503,,,,,asia,taiwan_credit,715000.0,405200.0,LIQ-000143,Increase 30%,0.3,929500.0,0.08711596043527224,Moderate,637550.0,798425.0,36101.50737408008,45211.11446184596,29998.941504108916,0.18647360686314787,No reported delinquency in the harmonized source fields,"{""automatic_increases_enabled"": true, ""within_maximum_increase"": true, ""within_account_exposure"": true, ""within_expected_loss_ceiling"": true, ""meets_profitability_hurdle"": true, ""payment_history_eligible"": true, ""not_overextended"": true}",credit_age_months | credit_lines | debt_to_income | income_inr
0,0.8504709587280197,,,,,asia,taiwan_credit,636000.0,540900.0,LIQ-000144,Increase 30%,0.3,826800.0,0.1248660570378491,Moderate,612225.0,755325.0,49689.979150498155,61304.39544587369,45660.39104576676,0.319080300808992,No reported delinquency in the harmonized source fields | High utilization with low estimated risk,"{""automatic_increases_enabled"": true, ""within_maximum_increase"": true, ""within_account_exposure"": true, ""within_expected_loss_ceiling"": true, ""meets_profitability_hurdle"": true, ""payment_history_eligible"": true, ""not_overextended"": true}",credit_age_months | credit_lines | debt_to_income | income_inr
1,0.7375852038880202,,,,,asia,taiwan_credit,447000.0,329700.0,LIQ-000145,Manual review,0.0,447000.0,0.3139140952892999,Very high,417675.0,417675.0,85224.14533747292,85224.14533747292,0.0,0.0,Reported delinquency | Manual review required,"{""automatic_increases_enabled"": true, ""within_maximum_increase"": true, ""within_account_exposure"": true, ""within_expected_loss_ceiling"": false, ""meets_profitability_hurdle"": false, ""payment_history_eligible"": false, ""not_overextended"": true}",credit_age_months | credit_lines | debt_to_income | income_inr
1,0.5820606871357318,,,,,asia,taiwan_credit,800000.0,465600.0,LIQ-000146,Manual review,0.0,800000.0,0.3174929711305808,Very high,716400.0,716400.0,147843.77693666625,147843.77693666625,0.0,0.0,Reported delinquency | Manual review required,"{""automatic_increases_enabled"": true, ""within_maximum_increase"": true, ""within_account_exposure"": true, ""within_expected_loss_ceiling"": false, ""meets_profitability_hurdle"": false, ""payment_history_eligible"": false, ""not_overextended"": true}",credit_age_months | credit_lines | debt_to_income | income_inr
0,0.4441978893191925,,,,,asia,taiwan_credit,76000.0,33800.0,LIQ-000147,No change,0.0,76000.0,0.08516958900453168,Moderate,65450.0,65450.0,3623.327240225289,3623.327240225289,0.0,0.0,No reported delinquency in the harmonized source fields | Exposure limit reached,"{""automatic_increases_enabled"": true, ""within_maximum_increase"": true, ""within_account_exposure"": true, ""within_expected_loss_ceiling"": true, ""meets_profitability_hurdle"": false, ""payment_history_eligible"": true, ""not_overextended"": true}",credit_age_months | credit_lines | debt_to_income | income_inr
1,0.5721613762400576,,,,,asia,taiwan_credit,290000.0,165900.0,LIQ-000148,Manual review,0.0,290000.0,0.325748538169878,Very high,258975.0,258975.0,54834.4729871537,54834.4729871537,0.0,0.0,Reported delinquency | Manual review required,"{""automatic_increases_enabled"": true, ""within_maximum_increase"": true, ""within_account_exposure"": true, ""within_expected_loss_ceiling"": false, ""meets_profitability_hurdle"": false, ""payment_history_eligible"": false, ""not_overextended"": true}",credit_age_months | credit_lines | debt_to_income | income_inr
0,1.2330764746248042,,,,,asia,taiwan_credit,287000.0,353900.0,LIQ-000149,Manual review,0.0,287000.0,0.1855143832497812,High,287000.0,287000.0,34607.70819524668,34607.70819524668,0.0,0.0,Customer-overextension safeguard | Manual review required,"{""automatic_increases_enabled"": true, ""within_maximum_increase"": true, ""within_account_exposure"": true, ""within_expected_loss_ceiling"": false, ""meets_profitability_hurdle"": false, ""payment_history_eligible"": true, ""not_overextended"": false}",credit_age_months | credit_lines | debt_to_income | income_inr
0,0.2595262066143752,,,,,asia,taiwan_credit,740000.0,192000.0,LIQ-000150,No change,0.0,740000.0,0.0726667301080929,Moderate,603000.0,603000.0,28481.72486586701,28481.72486586701,0.0,0.0,No reported delinquency in the harmonized source fields | Exposure limit reached,"{""automatic_increases_enabled"": true, ""within_maximum_increase"": true, ""within_account_exposure"": true, ""within_expected_loss_ceiling"": true, ""meets_profitability_hurdle"": false, ""payment_history_eligible"": true, ""not_overextended"": true}",credit_age_months | credit_lines | debt_to_income | income_inr
1,0.9668350822922175,,,,,asia,taiwan_credit,972000.0,939800.0,LIQ-000151,Manual review,0.0,972000.0,0.4563200903103681,Very high,963950.0,963950.0,285915.33818554156,285915.33818554156,0.0,0.0,Reported delinquency | Manual review required,"{""automatic_increases_enabled"": true, ""within_maximum_increase"": true, ""within_account_exposure"": true, ""within_expected_loss_ceiling"": false, ""meets_profitability_hurdle"": false, ""payment_history_eligible"": false, ""not_overextended"": true}",credit_age_months | credit_lines | debt_to_income | income_inr
0,0.6623026457448228,,,,,asia,taiwan_credit,136000.0,90100.0,LIQ-000152,No change,0.0,136000.0,0.10689963846561308,Moderate,124525.0,124525.0,8652.590361954806,8652.590361954806,0.0,0.0,No reported delinquency in the harmonized source fields | High utilization with low estimated risk | Exposure limit reached,"{""automatic_increases_enabled"": true, ""within_maximum_increase"": true, ""within_account_exposure"": true, ""within_expected_loss_ceiling"": true, ""meets_profitability_hurdle"": false, ""payment_history_eligible"": true, ""not_overextended"": true}",credit_age_months | credit_lines | debt_to_income | income_inr
2,0.6494877846879342,,,,,asia,taiwan_credit,876000.0,569000.0,LIQ-000153,Freeze automatic increases,0.0,876000.0,0.427288897018333,Very high,799250.0,799250.0,221981.92311223675,221981.92311223675,0.0,0.0,Repeated delinquency,"{""automatic_increases_enabled"": true, ""within_maximum_increase"": true, ""within_account_exposure"": true, ""within_expected_loss_ceiling"": false, ""meets_profitability_hurdle"": false, ""payment_history_eligible"": false, ""not_overextended"": true}",credit_age_months | credit_lines | debt_to_income | income_inr
0,0.40919154045178197,,,,,asia,taiwan_credit,163000.0,66700.0,LIQ-000154,No change,0.0,163000.0,0.08516958900453168,Moderate,138925.0,138925.0,7690.920349095467,7690.920349095467,0.0,0.0,No reported delinquency in the harmonized source fields | Exposure limit reached,"{""automatic_increases_enabled"": true, ""within_maximum_increase"": true, ""within_account_exposure"": true, ""within_expected_loss_ceiling"": true, ""meets_profitability_hurdle"": false, ""payment_history_eligible"": true, ""not_overextended"": true}",credit_age_months | credit_lines | debt_to_income | income_inr
0,0.3635016057285312,,,,,asia,taiwan_credit,167000.0,60700.0,LIQ-000155,No change,0.0,167000.0,0.0774889191905499,Moderate,140425.0,140425.0,7072.89796026643,7072.89796026643,0.0,0.0,No reported delinquency in the harmonized source fields | Exposure limit reached,"{""automatic_increases_enabled"": true, ""within_maximum_increase"": true, ""within_account_exposure"": true, ""within_expected_loss_ceiling"": true, ""meets_profitability_hurdle"": false, ""payment_history_eligible"": true, ""not_overextended"": true}",credit_age_months | credit_lines | debt_to_income | income_inr
0,0.5171443559337204,,,,,asia,taiwan_credit,301000.0,155700.0,LIQ-000156,No change,0.0,301000.0,0.08234712963836745,Moderate,264675.0,264675.0,14166.897249072688,14166.897249072688,0.0,0.0,No reported delinquency in the harmonized source fields | Exposure limit reached,"{""automatic_increases_enabled"": true, ""within_maximum_increase"": true, ""within_account_exposure"": true, ""within_expected_loss_ceiling"": true, ""meets_profitability_hurdle"": false, ""payment_history_eligible"": true, ""not_overextended"": true}",credit_age_months | credit_lines | debt_to_income | income_inr
0,0.36351902774731754,,,,,asia,taiwan_credit,285000.0,103600.0,LIQ-000157,No change,0.0,285000.0,0.0774889191905499,Moderate,239650.0,239650.0,12070.642664609935,12070.642664609935,0.0,0.0,No reported delinquency in the harmonized source fields | Exposure limit reached,"{""automatic_increases_enabled"": true, ""within_maximum_increase"": true, ""within_account_exposure"": true, ""within_expected_loss_ceiling"": true, ""meets_profitability_hurdle"": false, ""payment_history_eligible"": true, ""not_overextended"": true}",credit_age_months | credit_lines | debt_to_income | income_inr
0,0.4029565560599247,,,,,asia,taiwan_credit,127000.0,51200.0,LIQ-000158,No change,0.0,127000.0,0.08516958900453168,Moderate,108050.0,108050.0,5981.673159760772,5981.673159760772,0.0,0.0,No reported delinquency in the harmonized source fields | Exposure limit reached,"{""automatic_increases_enabled"": true, ""within_maximum_increase"": true, ""within_account_exposure"": true, ""within_expected_loss_ceiling"": true, ""meets_profitability_hurdle"": false, ""payment_history_eligible"": true, ""not_overextended"": true}",credit_age_months | credit_lines | debt_to_income | income_inr
0,0.8657222265598391,,,,,asia,taiwan_credit,534000.0,462300.0,LIQ-000159,Increase 30%,0.3,694200.0,0.13710775366716862,Moderate,516075.0,636225.0,45992.62458295964,56700.39737498134,38368.48895691199,0.31933823518029125,No reported delinquency in the harmonized source fields | High utilization with low estimated risk,"{""automatic_increases_enabled"": true, ""within_maximum_increase"": true, ""within_account_exposure"": true, ""within_expected_loss_ceiling"": true, ""meets_profitability_hurdle"": true, ""payment_history_eligible"": true, ""not_overextended"": true}",credit_age_months | credit_lines | debt_to_income | income_inr
0,0.28604567313679086,,,,,asia,taiwan_credit,544000.0,155600.0,LIQ-000160,No change,0.0,544000.0,0.06946640549037054,Moderate,446900.0,446900.0,20178.94879887029,20178.94879887029,0.0,0.0,No reported delinquency in the harmonized source fields | Exposure limit reached,"{""automatic_increases_enabled"": true, ""within_maximum_increase"": true, ""within_account_exposure"": true, ""within_expected_loss_ceiling"": true, ""meets_profitability_hurdle"": false, ""payment_history_eligible"": true, ""not_overextended"": true}",credit_age_months | credit_lines | debt_to_income | income_inr
0,0.9905988612702702,,,,,asia,taiwan_credit,694000.0,687500.0,LIQ-000161,Increase 30%,0.3,902200.0,0.1483531064024413,Moderate,692375.0,848525.0,66765.3883295037,81822.85774658548,59587.73813958655,0.38160575177448963,No reported delinquency in the harmonized source fields | High utilization with low estimated risk,"{""automatic_increases_enabled"": true, ""within_maximum_increase"": true, ""within_account_exposure"": true, ""within_expected_loss_ceiling"": true, ""meets_profitability_hurdle"": true, ""payment_history_eligible"": true, ""not_overextended"": true}",credit_age_months | credit_lines | debt_to_income | income_inr
0,0.3578984543365603,,,,,asia,taiwan_credit,264000.0,94500.0,LIQ-000162,No change,0.0,264000.0,0.07264242638855538,Moderate,221625.0,221625.0,10464.59553643633,10464.59553643633,0.0,0.0,No reported delinquency in the harmonized source fields | Exposure limit reached,"{""automatic_increases_enabled"": true, ""within_maximum_increase"": true, ""within_account_exposure"": true, ""within_expected_loss_ceiling"": true, ""meets_profitability_hurdle"": false, ""payment_history_eligible"": true, ""not_overextended"": true}",credit_age_months | credit_lines | debt_to_income | income_inr
0,0.20496511368829168,,,,,asia,taiwan_credit,341000.0,69900.0,LIQ-000163,No change,0.0,341000.0,0.07009471210831149,Moderate,273225.0,273225.0,12448.558015265715,12448.558015265715,0.0,0.0,No reported delinquency in the harmonized source fields | Incremental return below profitability hurdle,"{""automatic_increases_enabled"": true, ""within_maximum_increase"": true, ""within_account_exposure"": true, ""within_expected_loss_ceiling"": true, ""meets_profitability_hurdle"": false, ""payment_history_eligible"": true, ""not_overextended"": true}",credit_age_months | credit_lines | debt_to_income | income_inr
1,0.1876708167146538,,,,,asia,taiwan_credit,343000.0,64400.0,LIQ-000164,Manual review,0.0,343000.0,0.276838724544167,High,273350.0,273350.0,49188.01248019624,49188.01248019624,0.0,0.0,Reported delinquency | Manual review required,"{""automatic_increases_enabled"": true, ""within_maximum_increase"": true, ""within_account_exposure"": true, ""within_expected_loss_ceiling"": false, ""meets_profitability_hurdle"": false, ""payment_history_eligible"": false, ""not_overextended"": true}",credit_age_months | credit_lines | debt_to_income | income_inr
1,0.20729605137930696,,,,,asia,taiwan_credit,1049000.0,217500.0,LIQ-000165,Manual review,0.0,1049000.0,0.2710349207668136,High,841125.0,841125.0,148183.261024491,148183.261024491,0.0,0.0,Reported delinquency | Manual review required,"{""automatic_increases_enabled"": true, ""within_maximum_increase"": true, ""within_account_exposure"": true, ""within_expected_loss_ceiling"": false, ""meets_profitability_hurdle"": false, ""payment_history_eligible"": false, ""not_overextended"": true}",credit_age_months | credit_lines | debt_to_income | income_inr
0,0.23537047321558396,,,,,asia,taiwan_credit,55000.0,12900.0,LIQ-000166,No change,0.0,55000.0,0.08093304590106783,Moderate,44475.0,44475.0,2339.6731906924947,2339.6731906924947,0.0,0.0,No reported delinquency in the harmonized source fields | Incremental return below profitability hurdle,"{""automatic_increases_enabled"": true, ""within_maximum_increase"": true, ""within_account_exposure"": true, ""within_expected_loss_ceiling"": true, ""meets_profitability_hurdle"": false, ""payment_history_eligible"": true, ""not_overextended"": true}",credit_age_months | credit_lines | debt_to_income | income_inr
1,0.7395228796393095,,,,,asia,taiwan_credit,188000.0,139000.0,LIQ-000167,Manual review,0.0,188000.0,0.3139140952892999,Very high,175750.0,175750.0,35860.7614606114,35860.7614606114,0.0,0.0,Reported delinquency | Manual review required,"{""automatic_increases_enabled"": true, ""within_maximum_increase"": true, ""within_account_exposure"": true, ""within_expected_loss_ceiling"": false, ""meets_profitability_hurdle"": false, ""payment_history_eligible"": false, ""not_overextended"": true}",credit_age_months | credit_lines | debt_to_income | income_inr
0,1.2506214974939471,,,,,asia,taiwan_credit,351000.0,439000.0,LIQ-000168,Manual review,0.0,351000.0,0.1855143832497812,High,351000.0,351000.0,42325.10653843758,42325.10653843758,0.0,0.0,Customer-overextension safeguard | Manual review required,"{""automatic_increases_enabled"": true, ""within_maximum_increase"": true, ""within_account_exposure"": true, ""within_expected_loss_ceiling"": false, ""meets_profitability_hurdle"": false, ""payment_history_eligible"": true, ""not_overextended"": false}",credit_age_months | credit_lines | debt_to_income | income_inr
0,0.5195889925010195,,,,,asia,taiwan_credit,173000.0,89900.0,LIQ-000169,No change,0.0,173000.0,0.08234712963836745,Moderate,152225.0,152225.0,8147.939675980316,8147.939675980316,0.0,0.0,No reported delinquency in the harmonized source fields | Exposure limit reached,"{""automatic_increases_enabled"": true, ""within_maximum_increase"": true, ""within_account_exposure"": true, ""within_expected_loss_ceiling"": true, ""meets_profitability_hurdle"": false, ""payment_history_eligible"": true, ""not_overextended"": true}",credit_age_months | credit_lines | debt_to_income | income_inr
0,1.1285671554872534,,,,,asia,taiwan_credit,296000.0,334100.0,LIQ-000170,Manual review,0.0,296000.0,0.19613037377187448,High,296000.0,296000.0,37735.48391370865,37735.48391370865,0.0,0.0,Customer-overextension safeguard | Manual review required,"{""automatic_increases_enabled"": true, ""within_maximum_increase"": true, ""within_account_exposure"": true, ""within_expected_loss_ceiling"": false, ""meets_profitability_hurdle"": false, ""payment_history_eligible"": true, ""not_overextended"": false}",credit_age_months | credit_lines | debt_to_income | income_inr
1,0.5529434727066841,,,,,asia,taiwan_credit,322000.0,178000.0,LIQ-000171,Manual review,0.0,322000.0,0.325748538169878,Very high,286000.0,286000.0,60556.65324578032,60556.65324578032,0.0,0.0,Reported delinquency | Manual review required,"{""automatic_increases_enabled"": true, ""within_maximum_increase"": true, ""within_account_exposure"": true, ""within_expected_loss_ceiling"": false, ""meets_profitability_hurdle"": false, ""payment_history_eligible"": false, ""not_overextended"": true}",credit_age_months | credit_lines | debt_to_income | income_inr
1,0.9204272654850973,,,,,asia,taiwan_credit,228000.0,209900.0,LIQ-000172,Manual review,0.0,228000.0,0.37704750462284925,Very high,223475.0,223475.0,54769.44921213431,54769.44921213431,0.0,0.0,Reported delinquency | Manual review required,"{""automatic_increases_enabled"": true, ""within_maximum_increase"": true, ""within_account_exposure"": true, ""within_expected_loss_ceiling"": false, ""meets_profitability_hurdle"": false, ""payment_history_eligible"": false, ""not_overextended"": true}",credit_age_months | credit_lines | debt_to_income | income_inr
0,0.26565479587227253,,,,,asia,taiwan_credit,365000.0,97000.0,LIQ-000173,No change,0.0,365000.0,0.06556805526914398,Moderate,298000.0,298000.0,12700.53230563319,12700.53230563319,0.0,0.0,No reported delinquency in the harmonized source fields | Exposure limit reached,"{""automatic_increases_enabled"": true, ""within_maximum_increase"": true, ""within_account_exposure"": true, ""within_expected_loss_ceiling"": true, ""meets_profitability_hurdle"": false, ""payment_history_eligible"": true, ""not_overextended"": true}",credit_age_months | credit_lines | debt_to_income | income_inr
0,0.7284548827513164,,,,,asia,taiwan_credit,526000.0,383200.0,LIQ-000174,Increase 30%,0.3,683800.0,0.10597304823836039,Moderate,490300.0,608650.0,33773.080608324264,41925.32227668074,31179.543382777512,0.263451993094867,No reported delinquency in the harmonized source fields | High utilization with low estimated risk,"{""automatic_increases_enabled"": true, ""within_maximum_increase"": true, ""within_account_exposure"": true, ""within_expected_loss_ceiling"": true, ""meets_profitability_hurdle"": true, ""payment_history_eligible"": true, ""not_overextended"": true}",credit_age_months | credit_lines | debt_to_income | income_inr
0,0.5517245557289286,,,,,asia,taiwan_credit,300000.0,165500.0,LIQ-000175,No change,0.0,300000.0,0.08210223476850792,Moderate,266375.0,266375.0,14215.488811199844,14215.488811199844,0.0,0.0,No reported delinquency in the harmonized source fields | Exposure limit reached,"{""automatic_increases_enabled"": true, ""within_maximum_increase"": true, ""within_account_exposure"": true, ""within_expected_loss_ceiling"": true, ""meets_profitability_hurdle"": false, ""payment_history_eligible"": true, ""not_overextended"": true}",credit_age_months | credit_lines | debt_to_income | income_inr
0,0.4629042237781271,,,,,asia,taiwan_credit,261000.0,120800.0,LIQ-000176,No change,0.0,261000.0,0.08451901176507008,Moderate,225950.0,225950.0,12413.095960406432,12413.095960406432,0.0,0.0,No reported delinquency in the harmonized source fields | Exposure limit reached,"{""automatic_increases_enabled"": true, ""within_maximum_increase"": true, ""within_account_exposure"": true, ""within_expected_loss_ceiling"": true, ""meets_profitability_hurdle"": false, ""payment_history_eligible"": true, ""not_overextended"": true}",credit_age_months | credit_lines | debt_to_income | income_inr
0,0.40842334476074604,,,,,asia,taiwan_credit,314000.0,128200.0,LIQ-000177,No change,0.0,314000.0,0.08516958900453168,Moderate,267550.0,267550.0,14811.630299805594,14811.630299805594,0.0,0.0,No reported delinquency in the harmonized source fields | Exposure limit reached,"{""automatic_increases_enabled"": true, ""within_maximum_increase"": true, ""within_account_exposure"": true, ""within_expected_loss_ceiling"": true, ""meets_profitability_hurdle"": false, ""payment_history_eligible"": true, ""not_overextended"": true}",credit_age_months | credit_lines | debt_to_income | income_inr
1,0.5595134993898976,,,,,asia,taiwan_credit,348000.0,194700.0,LIQ-000178,Manual review,0.0,348000.0,0.325748538169878,Very high,309675.0,309675.0,65569.51606254202,65569.51606254202,0.0,0.0,Reported delinquency | Manual review required,"{""automatic_increases_enabled"": true, ""within_maximum_increase"": true, ""within_account_exposure"": true, ""within_expected_loss_ceiling"": false, ""meets_profitability_hurdle"": false, ""payment_history_eligible"": false, ""not_overextended"": true}",credit_age_months | credit_lines | debt_to_income | income_inr
2,0.34936945073891473,,,,,asia,taiwan_credit,113000.0,39500.0,LIQ-000179,Freeze automatic increases,0.0,113000.0,0.395949787790844,Very high,94625.0,94625.0,24353.3866353106,24353.3866353106,0.0,0.0,Repeated delinquency,"{""automatic_increases_enabled"": true, ""within_maximum_increase"": true, ""within_account_exposure"": true, ""within_expected_loss_ceiling"": false, ""meets_profitability_hurdle"": false, ""payment_history_eligible"": false, ""not_overextended"": true}",credit_age_months | credit_lines | debt_to_income | income_inr
1,0.6945476161699077,,,,,asia,taiwan_credit,472000.0,327800.0,LIQ-000180,Manual review,0.0,472000.0,0.3547047913014613,Very high,435950.0,435950.0,100511.80994911684,100511.80994911684,0.0,0.0,Reported delinquency | Manual review required,"{""automatic_increases_enabled"": true, ""within_maximum_increase"": true, ""within_account_exposure"": true, ""within_expected_loss_ceiling"": false, ""meets_profitability_hurdle"": false, ""payment_history_eligible"": false, ""not_overextended"": true}",credit_age_months | credit_lines | debt_to_income | income_inr
0,0.7706671761622398,,,,,asia,taiwan_credit,261000.0,201100.0,LIQ-000181,No change,0.0,261000.0,0.12273752595832339,Moderate,246025.0,246025.0,19627.724885532734,19627.724885532734,0.0,0.0,No reported delinquency in the harmonized source fields | High utilization with low estimated risk | Exposure limit reached,"{""automatic_increases_enabled"": true, ""within_maximum_increase"": true, ""within_account_exposure"": true, ""within_expected_loss_ceiling"": true, ""meets_profitability_hurdle"": false, ""payment_history_eligible"": true, ""not_overextended"": true}",credit_age_months | credit_lines | debt_to_income | income_inr
1,0.21533534557958342,,,,,asia,taiwan_credit,795000.0,171200.0,LIQ-000182,Manual review,0.0,795000.0,0.27160879714721614,High,639050.0,639050.0,112821.54118100351,112821.54118100351,0.0,0.0,Reported delinquency | Manual review required,"{""automatic_increases_enabled"": true, ""within_maximum_increase"": true, ""within_account_exposure"": true, ""within_expected_loss_ceiling"": false, ""meets_profitability_hurdle"": false, ""payment_history_eligible"": false, ""not_overextended"": true}",credit_age_months | credit_lines | debt_to_income | income_inr
0,0.4671232787834254,,,,,asia,taiwan_credit,514000.0,240100.0,LIQ-000183,No change,0.0,514000.0,0.08451901176507008,Moderate,445525.0,445525.0,24475.966265811352,24475.966265811352,0.0,0.0,No reported delinquency in the harmonized source fields | Exposure limit reached,"{""automatic_increases_enabled"": true, ""within_maximum_increase"": true, ""within_account_exposure"": true, ""within_expected_loss_ceiling"": true, ""meets_profitability_hurdle"": false, ""payment_history_eligible"": true, ""not_overextended"": true}",credit_age_months | credit_lines | debt_to_income | income_inr
0,0.3680737888937463,,,,,asia,taiwan_credit,749000.0,275700.0,LIQ-000184,No change,0.0,749000.0,0.0774889191905499,Moderate,630675.0,630675.0,31765.71067182504,31765.71067182504,0.0,0.0,No reported delinquency in the harmonized source fields | Exposure limit reached,"{""automatic_increases_enabled"": true, ""within_maximum_increase"": true, ""within_account_exposure"": true, ""within_expected_loss_ceiling"": true, ""meets_profitability_hurdle"": false, ""payment_history_eligible"": true, ""not_overextended"": true}",credit_age_months | credit_lines | debt_to_income | income_inr
0,0.8340926550634947,,,,,asia,taiwan_credit,181000.0,151000.0,LIQ-000185,No change,0.0,181000.0,0.12330185501997198,Moderate,173500.0,173500.0,13905.36669987734,13905.36669987734,0.0,0.0,No reported delinquency in the harmonized source fields | High utilization with low estimated risk | Exposure limit reached,"{""automatic_increases_enabled"": true, ""within_maximum_increase"": true, ""within_account_exposure"": true, ""within_expected_loss_ceiling"": true, ""meets_profitability_hurdle"": false, ""payment_history_eligible"": true, ""not_overextended"": true}",credit_age_months | credit_lines | debt_to_income | income_inr
1,0.754562928204344,,,,,asia,taiwan_credit,275000.0,207500.0,LIQ-000186,Manual review,0.0,275000.0,0.3139140952892999,Very high,258125.0,258125.0,52668.89930025785,52668.89930025785,0.0,0.0,Reported delinquency | Manual review required,"{""automatic_increases_enabled"": true, ""within_maximum_increase"": true, ""within_account_exposure"": true, ""within_expected_loss_ceiling"": false, ""meets_profitability_hurdle"": false, ""payment_history_eligible"": false, ""not_overextended"": true}",credit_age_months | credit_lines | debt_to_income | income_inr
0,0.8917485283535995,,,,,asia,taiwan_credit,156000.0,139100.0,LIQ-000187,No change,0.0,156000.0,0.12458924894582052,Moderate,151775.0,151775.0,12291.196618188742,12291.196618188742,0.0,0.0,No reported delinquency in the harmonized source fields | High utilization with low estimated risk | Exposure limit reached,"{""automatic_increases_enabled"": true, ""within_maximum_increase"": true, ""within_account_exposure"": true, ""within_expected_loss_ceiling"": true, ""meets_profitability_hurdle"": false, ""payment_history_eligible"": true, ""not_overextended"": true}",credit_age_months | credit_lines | debt_to_income | income_inr
0,1.2340044721025378,,,,,asia,taiwan_credit,221000.0,272700.0,LIQ-000188,Manual review,0.0,221000.0,0.1855143832497812,High,221000.0,221000.0,26649.14115383107,26649.14115383107,0.0,0.0,Customer-overextension safeguard | Manual review required,"{""automatic_increases_enabled"": true, ""within_maximum_increase"": true, ""within_account_exposure"": true, ""within_expected_loss_ceiling"": false, ""meets_profitability_hurdle"": false, ""payment_history_eligible"": true, ""not_overextended"": false}",credit_age_months | credit_lines | debt_to_income | income_inr
0,0.8010140950617404,,,,,asia,taiwan_credit,790000.0,632800.0,LIQ-000189,Increase 30%,0.3,1027000.0,0.13173933514049221,Moderate,750700.0,928450.0,64282.86727847889,79503.70071227351,51092.28015842655,0.28743898823306074,No reported delinquency in the harmonized source fields | High utilization with low estimated risk,"{""automatic_increases_enabled"": true, ""within_maximum_increase"": true, ""within_account_exposure"": true, ""within_expected_loss_ceiling"": true, ""meets_profitability_hurdle"": true, ""payment_history_eligible"": true, ""not_overextended"": true}",credit_age_months | credit_lines | debt_to_income | income_inr
0,0.7653738871151421,,,,,asia,taiwan_credit,920000.0,704100.0,LIQ-000190,Increase 30%,0.3,1196000.0,0.11246511318108421,Moderate,866025.0,1073025.0,63308.4397677215,78440.62074623638,58032.738605928535,0.2803513942315388,No reported delinquency in the harmonized source fields | High utilization with low estimated risk,"{""automatic_increases_enabled"": true, ""within_maximum_increase"": true, ""within_account_exposure"": true, ""within_expected_loss_ceiling"": true, ""meets_profitability_hurdle"": true, ""payment_history_eligible"": true, ""not_overextended"": true}",credit_age_months | credit_lines | debt_to_income | income_inr
1,0.860184006820711,,,,,asia,taiwan_credit,166000.0,142800.0,LIQ-000191,Manual review,0.0,166000.0,0.2994410398493825,High,160200.0,160200.0,31180.7954795162,31180.7954795162,0.0,0.0,Reported delinquency | Manual review required,"{""automatic_increases_enabled"": true, ""within_maximum_increase"": true, ""within_account_exposure"": true, ""within_expected_loss_ceiling"": false, ""meets_profitability_hurdle"": false, ""payment_history_eligible"": false, ""not_overextended"": true}",credit_age_months | credit_lines | debt_to_income | income_inr
0,0.402485837867115,,,,,asia,taiwan_credit,260000.0,104600.0,LIQ-000192,No change,0.0,260000.0,0.08516958900453168,Moderate,221150.0,221150.0,12242.915495428919,12242.915495428919,0.0,0.0,No reported delinquency in the harmonized source fields | Exposure limit reached,"{""automatic_increases_enabled"": true, ""within_maximum_increase"": true, ""within_account_exposure"": true, ""within_expected_loss_ceiling"": true, ""meets_profitability_hurdle"": false, ""payment_history_eligible"": true, ""not_overextended"": true}",credit_age_months | credit_lines | debt_to_income | income_inr
0,0.9673004729474987,,,,,asia,taiwan_credit,333000.0,322100.0,LIQ-000193,Increase 30%,0.3,432900.0,0.1580336900540565,High,330275.0,405200.0,33926.47503869228,41622.913286437404,27058.945063746716,0.3611470812645541,No reported delinquency in the harmonized source fields,"{""automatic_increases_enabled"": true, ""within_maximum_increase"": true, ""within_account_exposure"": true, ""within_expected_loss_ceiling"": true, ""meets_profitability_hurdle"": true, ""payment_history_eligible"": true, ""not_overextended"": true}",credit_age_months | credit_lines | debt_to_income | income_inr
1,0.8481864677467942,,,,,asia,taiwan_credit,512000.0,434300.0,LIQ-000194,Manual review,0.0,512000.0,0.2977839485203479,High,492575.0,492575.0,95342.60348756674,95342.60348756674,0.0,0.0,Reported delinquency | Manual review required,"{""automatic_increases_enabled"": true, ""within_maximum_increase"": true, ""within_account_exposure"": true, ""within_expected_loss_ceiling"": false, ""meets_profitability_hurdle"": false, ""payment_history_eligible"": false, ""not_overextended"": true}",credit_age_months | credit_lines | debt_to_income | income_inr
0,0.6048531758306498,,,,,asia,taiwan_credit,112000.0,67700.0,LIQ-000195,No change,0.0,112000.0,0.08907457679992008,Moderate,100925.0,100925.0,5843.403581295757,5843.403581295757,0.0,0.0,No reported delinquency in the harmonized source fields | Exposure limit reached,"{""automatic_increases_enabled"": true, ""within_maximum_increase"": true, ""within_account_exposure"": true, ""within_expected_loss_ceiling"": true, ""meets_profitability_hurdle"": false, ""payment_history_eligible"": true, ""not_overextended"": true}",credit_age_months | credit_lines | debt_to_income | income_inr
0,0.6314800699902984,,,,,asia,taiwan_credit,123000.0,77700.0,LIQ-000196,No change,0.0,123000.0,0.0987359063062026,Moderate,111675.0,111675.0,7167.116018884365,7167.116018884365,0.0,0.0,No reported delinquency in the harmonized source fields | Exposure limit reached,"{""automatic_increases_enabled"": true, ""within_maximum_increase"": true, ""within_account_exposure"": true, ""within_expected_loss_ceiling"": true, ""meets_profitability_hurdle"": false, ""payment_history_eligible"": true, ""not_overextended"": true}",credit_age_months | credit_lines | debt_to_income | income_inr
0,0.6893307763704314,,,,,asia,taiwan_credit,481000.0,331600.0,LIQ-000197,Increase 30%,0.3,625300.0,0.11258142348426615,Moderate,443650.0,551875.0,32465.38654371654,40385.0675054966,25684.374260599245,0.23732385549179252,No reported delinquency in the harmonized source fields | High utilization with low estimated risk,"{""automatic_increases_enabled"": true, ""within_maximum_increase"": true, ""within_account_exposure"": true, ""within_expected_loss_ceiling"": true, ""meets_profitability_hurdle"": true, ""payment_history_eligible"": true, ""not_overextended"": true}",credit_age_months | credit_lines | debt_to_income | income_inr
0,0.9004235100291558,,,,,asia,taiwan_credit,99000.0,89100.0,LIQ-000198,No change,0.0,99000.0,0.13069315445742802,Moderate,96525.0,96525.0,8199.851877102106,8199.851877102106,0.0,0.0,No reported delinquency in the harmonized source fields | High utilization with low estimated risk | Exposure limit reached,"{""automatic_increases_enabled"": true, ""within_maximum_increase"": true, ""within_account_exposure"": true, ""within_expected_loss_ceiling"": true, ""meets_profitability_hurdle"": false, ""payment_history_eligible"": true, ""not_overextended"": true}",credit_age_months | credit_lines | debt_to_income | income_inr
1,1.0908810192739142,,,,,asia,taiwan_credit,262000.0,285800.0,LIQ-000199,Manual review,0.0,262000.0,0.4105526974514963,Very high,262000.0,262000.0,69917.12437598982,69917.12437598982,0.0,0.0,Reported delinquency | Manual review required,"{""automatic_increases_enabled"": true, ""within_maximum_increase"": true, ""within_account_exposure"": true, ""within_expected_loss_ceiling"": false, ""meets_profitability_hurdle"": false, ""payment_history_eligible"": false, ""not_overextended"": true}",credit_age_months | credit_lines | debt_to_income | income_inr
0,1.1976863601327647,,,,,asia,taiwan_credit,389000.0,465900.0,LIQ-000200,Manual review,0.0,389000.0,0.1855143832497812,High,389000.0,389000.0,46907.31180470718,46907.31180470718,0.0,0.0,Customer-overextension safeguard | Manual review required,"{""automatic_increases_enabled"": true, ""within_maximum_increase"": true, ""within_account_exposure"": true, ""within_expected_loss_ceiling"": false, ""meets_profitability_hurdle"": false, ""payment_history_eligible"": true, ""not_overextended"": false}",credit_age_months | credit_lines | debt_to_income | income_inr
1,0.3100778363794781,,,,,asia,taiwan_credit,459000.0,142300.0,LIQ-000201,Manual review,0.0,459000.0,0.31755145759146886,Very high,379825.0,379825.0,78399.08854679178,78399.08854679178,0.0,0.0,Reported delinquency | Manual review required,"{""automatic_increases_enabled"": true, ""within_maximum_increase"": true, ""within_account_exposure"": true, ""within_expected_loss_ceiling"": false, ""meets_profitability_hurdle"": false, ""payment_history_eligible"": false, ""not_overextended"": true}",credit_age_months | credit_lines | debt_to_income | income_inr
0,0.6144500746432687,,,,,asia,taiwan_credit,319000.0,196000.0,LIQ-000202,No change,0.0,319000.0,0.0902504897232765,Moderate,288250.0,288250.0,16909.557380777394,16909.557380777394,0.0,0.0,No reported delinquency in the harmonized source fields | Exposure limit reached,"{""automatic_increases_enabled"": true, ""within_maximum_increase"": true, ""within_account_exposure"": true, ""within_expected_loss_ceiling"": true, ""meets_profitability_hurdle"": false, ""payment_history_eligible"": true, ""not_overextended"": true}",credit_age_months | credit_lines | debt_to_income | income_inr
0,0.41903662912994155,,,,,asia,taiwan_credit,276000.0,115700.0,LIQ-000203,No change,0.0,276000.0,0.08516958900453168,Moderate,235925.0,235925.0,13060.86293583119,13060.86293583119,0.0,0.0,No reported delinquency in the harmonized source fields | Exposure limit reached,"{""automatic_increases_enabled"": true, ""within_maximum_increase"": true, ""within_account_exposure"": true, ""within_expected_loss_ceiling"": true, ""meets_profitability_hurdle"": false, ""payment_history_eligible"": true, ""not_overextended"": true}",credit_age_months | credit_lines | debt_to_income | income_inr
0,0.3196747505944402,,,,,asia,taiwan_credit,606000.0,193700.0,LIQ-000204,No change,0.0,606000.0,0.07272057605474126,Moderate,502925.0,502925.0,23772.447213014988,23772.447213014988,0.0,0.0,No reported delinquency in the harmonized source fields | Exposure limit reached,"{""automatic_increases_enabled"": true, ""within_maximum_increase"": true, ""within_account_exposure"": true, ""within_expected_loss_ceiling"": true, ""meets_profitability_hurdle"": false, ""payment_history_eligible"": true, ""not_overextended"": true}",credit_age_months | credit_lines | debt_to_income | income_inr
0,0.1304073213299085,,,,,asia,taiwan_credit,421000.0,54900.0,LIQ-000205,No change,0.0,421000.0,0.06569109633042208,Moderate,329475.0,329475.0,14068.323076252782,14068.323076252782,0.0,0.0,No reported delinquency in the harmonized source fields | Low utilization provides no evidence of additional need | Incremental return below profitability hurdle,"{""automatic_increases_enabled"": true, ""within_maximum_increase"": true, ""within_account_exposure"": true, ""within_expected_loss_ceiling"": true, ""meets_profitability_hurdle"": false, ""payment_history_eligible"": true, ""not_overextended"": true}",credit_age_months | credit_lines | debt_to_income | income_inr
0,0.10016072958655504,,,,,asia,taiwan_credit,230000.0,23000.0,LIQ-000206,No change,0.0,230000.0,0.07512812496958393,Moderate,178250.0,178250.0,8704.53237928842,8704.53237928842,0.0,0.0,No reported delinquency in the harmonized source fields | Low utilization provides no evidence of additional need | Incremental return below profitability hurdle,"{""automatic_increases_enabled"": true, ""within_maximum_increase"": true, ""within_account_exposure"": true, ""within_expected_loss_ceiling"": true, ""meets_profitability_hurdle"": false, ""payment_history_eligible"": true, ""not_overextended"": true}",credit_age_months | credit_lines | debt_to_income | income_inr
0,0.3008209603577135,,,,,asia,taiwan_credit,359000.0,108000.0,LIQ-000207,No change,0.0,359000.0,0.07302105127930013,Moderate,296250.0,296250.0,14061.11618697023,14061.11618697023,0.0,0.0,No reported delinquency in the harmonized source fields | Exposure limit reached,"{""automatic_increases_enabled"": true, ""within_maximum_increase"": true, ""within_account_exposure"": true, ""within_expected_loss_ceiling"": true, ""meets_profitability_hurdle"": false, ""payment_history_eligible"": true, ""not_overextended"": true}",credit_age_months | credit_lines | debt_to_income | income_inr
0,0.06728822612207662,,,,,asia,taiwan_credit,449000.0,30200.0,LIQ-000208,No change,0.0,449000.0,0.083621872628165,Moderate,344300.0,344300.0,18714.156984820187,18714.156984820187,0.0,0.0,No reported delinquency in the harmonized source fields | Low utilization provides no evidence of additional need | Incremental return below profitability hurdle,"{""automatic_increases_enabled"": true, ""within_maximum_increase"": true, ""within_account_exposure"": true, ""within_expected_loss_ceiling"": true, ""meets_profitability_hurdle"": false, ""payment_history_eligible"": true, ""not_overextended"": true}",credit_age_months | credit_lines | debt_to_income | income_inr
0,0.28583249163272134,,,,,asia,taiwan_credit,1069000.0,305600.0,LIQ-000209,No change,0.0,1069000.0,0.06946640549037054,Moderate,878150.0,878150.0,39651.25058788979,39651.25058788979,0.0,0.0,No reported delinquency in the harmonized source fields | Exposure limit reached,"{""automatic_increases_enabled"": true, ""within_maximum_increase"": true, ""within_account_exposure"": true, ""within_expected_loss_ceiling"": true, ""meets_profitability_hurdle"": false, ""payment_history_eligible"": true, ""not_overextended"": true}",credit_age_months | credit_lines | debt_to_income | income_inr
0,0.9540686866949111,,,,,asia,taiwan_credit,583000.0,556200.0,LIQ-000210,Increase 30%,0.3,757900.0,0.12574285837107374,Moderate,576300.0,707475.0,47102.64603151237,57823.953671949006,49299.58017092579,0.3758306092694933,No reported delinquency in the harmonized source fields | High utilization with low estimated risk,"{""automatic_increases_enabled"": true, ""within_maximum_increase"": true, ""within_account_exposure"": true, ""within_expected_loss_ceiling"": true, ""meets_profitability_hurdle"": true, ""payment_history_eligible"": true, ""not_overextended"": true}",credit_age_months | credit_lines | debt_to_income | income_inr
0,0.36922365765248766,,,,,asia,taiwan_credit,771000.0,284700.0,LIQ-000211,No change,0.0,771000.0,0.0774889191905499,Moderate,649425.0,649425.0,32710.106874459867,32710.106874459867,0.0,0.0,No reported delinquency in the harmonized source fields | Exposure limit reached,"{""automatic_increases_enabled"": true, ""within_maximum_increase"": true, ""within_account_exposure"": true, ""within_expected_loss_ceiling"": true, ""meets_profitability_hurdle"": false, ""payment_history_eligible"": true, ""not_overextended"": true}",credit_age_months | credit_lines | debt_to_income | income_inr
0,0.21270488302639737,,,,,asia,taiwan_credit,235000.0,50000.0,LIQ-000212,No change,0.0,235000.0,0.0709076720979037,Moderate,188750.0,188750.0,8699.485020511562,8699.485020511562,0.0,0.0,No reported delinquency in the harmonized source fields | Incremental return below profitability hurdle,"{""automatic_increases_enabled"": true, ""within_maximum_increase"": true, ""within_account_exposure"": true, ""within_expected_loss_ceiling"": true, ""meets_profitability_hurdle"": false, ""payment_history_eligible"": true, ""not_overextended"": true}",credit_age_months | credit_lines | debt_to_income | income_inr
0,0.8291684286970942,,,,,asia,taiwan_credit,249000.0,206500.0,LIQ-000213,No change,0.0,249000.0,0.12407711563383832,Moderate,238375.0,238375.0,19224.973585490538,19224.973585490538,0.0,0.0,No reported delinquency in the harmonized source fields | High utilization with low estimated risk | Exposure limit reached,"{""automatic_increases_enabled"": true, ""within_maximum_increase"": true, ""within_account_exposure"": true, ""within_expected_loss_ceiling"": true, ""meets_profitability_hurdle"": false, ""payment_history_eligible"": true, ""not_overextended"": true}",credit_age_months | credit_lines | debt_to_income | income_inr
2,0.8458819247602753,,,,,asia,taiwan_credit,300000.0,253800.0,LIQ-000214,Freeze automatic increases,0.0,300000.0,0.3853945700536139,Very high,288450.0,288450.0,72258.59142577721,72258.59142577721,0.0,0.0,Repeated delinquency,"{""automatic_increases_enabled"": true, ""within_maximum_increase"": true, ""within_account_exposure"": true, ""within_expected_loss_ceiling"": false, ""meets_profitability_hurdle"": false, ""payment_history_eligible"": false, ""not_overextended"": true}",credit_age_months | credit_lines | debt_to_income | income_inr
0,0.8712520099006678,,,,,asia,taiwan_credit,319000.0,277900.0,LIQ-000215,Increase 30%,0.3,414700.0,0.13861883877649436,Moderate,308725.0,380500.0,27816.815650827593,34283.90430039647,22997.573603519093,0.3204120320936133,No reported delinquency in the harmonized source fields | High utilization with low estimated risk,"{""automatic_increases_enabled"": true, ""within_maximum_increase"": true, ""within_account_exposure"": true, ""within_expected_loss_ceiling"": true, ""meets_profitability_hurdle"": true, ""payment_history_eligible"": true, ""not_overextended"": true}",credit_age_months | credit_lines | debt_to_income | income_inr
0,0.7974230192398435,,,,,asia,taiwan_credit,182000.0,145100.0,LIQ-000216,No change,0.0,182000.0,0.13173933514049221,Moderate,172775.0,172775.0,14794.821358784055,14794.821358784055,0.0,0.0,No reported delinquency in the harmonized source fields | High utilization with low estimated risk | Exposure limit reached,"{""automatic_increases_enabled"": true, ""within_maximum_increase"": true, ""within_account_exposure"": true, ""within_expected_loss_ceiling"": true, ""meets_profitability_hurdle"": false, ""payment_history_eligible"": true, ""not_overextended"": true}",credit_age_months | credit_lines | debt_to_income | income_inr
0,1.1684280629553458,,,,,asia,taiwan_credit,797000.0,931200.0,LIQ-000217,Manual review,0.0,797000.0,0.19613037377187448,High,797000.0,797000.0,101605.34013251957,101605.34013251957,0.0,0.0,Customer-overextension safeguard | Manual review required,"{""automatic_increases_enabled"": true, ""within_maximum_increase"": true, ""within_account_exposure"": true, ""within_expected_loss_ceiling"": false, ""meets_profitability_hurdle"": false, ""payment_history_eligible"": true, ""not_overextended"": false}",credit_age_months | credit_lines | debt_to_income | income_inr
0,0.2937057292062194,,,,,asia,taiwan_credit,621000.0,182400.0,LIQ-000218,No change,0.0,621000.0,0.06946640549037054,Moderate,511350.0,511350.0,23089.07019087564,23089.07019087564,0.0,0.0,No reported delinquency in the harmonized source fields | Exposure limit reached,"{""automatic_increases_enabled"": true, ""within_maximum_increase"": true, ""within_account_exposure"": true, ""within_expected_loss_ceiling"": true, ""meets_profitability_hurdle"": false, ""payment_history_eligible"": true, ""not_overextended"": true}",credit_age_months | credit_lines | debt_to_income | income_inr
0,0.49438801409935357,,,,,asia,taiwan_credit,287000.0,141900.0,LIQ-000219,No change,0.0,287000.0,0.09380052946279228,Moderate,250725.0,250725.0,15286.789537213088,15286.789537213088,0.0,0.0,No reported delinquency in the harmonized source fields | Exposure limit reached,"{""automatic_increases_enabled"": true, ""within_maximum_increase"": true, ""within_account_exposure"": true, ""within_expected_loss_ceiling"": true, ""meets_profitability_hurdle"": false, ""payment_history_eligible"": true, ""not_overextended"": true}",credit_age_months | credit_lines | debt_to_income | income_inr
0,0.8337475298765096,,,,,asia,taiwan_credit,531000.0,442700.0,LIQ-000220,Increase 30%,0.3,690300.0,0.12330185501997198,Moderate,508925.0,628400.0,40788.407767925506,50363.87570145776,37106.16717804633,0.3105768334634554,No reported delinquency in the harmonized source fields | High utilization with low estimated risk,"{""automatic_increases_enabled"": true, ""within_maximum_increase"": true, ""within_account_exposure"": true, ""within_expected_loss_ceiling"": true, ""meets_profitability_hurdle"": true, ""payment_history_eligible"": true, ""not_overextended"": true}",credit_age_months | credit_lines | debt_to_income | income_inr
0,0.8697774559858216,,,,,asia,taiwan_credit,405000.0,352300.0,LIQ-000221,Increase 30%,0.3,526500.0,0.13861883877649436,Moderate,391825.0,482950.0,35304.312227339935,43514.87932162017,29171.579048886677,0.3201270677518428,No reported delinquency in the harmonized source fields | High utilization with low estimated risk,"{""automatic_increases_enabled"": true, ""within_maximum_increase"": true, ""within_account_exposure"": true, ""within_expected_loss_ceiling"": true, ""meets_profitability_hurdle"": true, ""payment_history_eligible"": true, ""not_overextended"": true}",credit_age_months | credit_lines | debt_to_income | income_inr
0,0.0787072290496754,,,,,asia,taiwan_credit,559000.0,44000.0,LIQ-000222,No change,0.0,559000.0,0.07436753576004311,Moderate,430250.0,430250.0,20797.810969493057,20797.810969493057,0.0,0.0,No reported delinquency in the harmonized source fields | Low utilization provides no evidence of additional need | Incremental return below profitability hurdle,"{""automatic_increases_enabled"": true, ""within_maximum_increase"": true, ""within_account_exposure"": true, ""within_expected_loss_ceiling"": true, ""meets_profitability_hurdle"": false, ""payment_history_eligible"": true, ""not_overextended"": true}",credit_age_months | credit_lines | debt_to_income | income_inr
0,0.8980038680655724,,,,,asia,taiwan_credit,146000.0,131100.0,LIQ-000223,No change,0.0,146000.0,0.12938289957362467,Moderate,142275.0,142275.0,11965.168823944343,11965.168823944343,0.0,0.0,No reported delinquency in the harmonized source fields | High utilization with low estimated risk | Exposure limit reached,"{""automatic_increases_enabled"": true, ""within_maximum_increase"": true, ""within_account_exposure"": true, ""within_expected_loss_ceiling"": true, ""meets_profitability_hurdle"": false, ""payment_history_eligible"": true, ""not_overextended"": true}",credit_age_months | credit_lines | debt_to_income | income_inr
1,0.5351462212016966,,,,,asia,taiwan_credit,318000.0,170200.0,LIQ-000224,Manual review,0.0,318000.0,0.30687654138542125,Very high,281050.0,281050.0,56060.97377164222,56060.97377164222,0.0,0.0,Reported delinquency | Manual review required,"{""automatic_increases_enabled"": true, ""within_maximum_increase"": true, ""within_account_exposure"": true, ""within_expected_loss_ceiling"": false, ""meets_profitability_hurdle"": false, ""payment_history_eligible"": false, ""not_overextended"": true}",credit_age_months | credit_lines | debt_to_income | income_inr
1,0.8236454308124037,,,,,asia,taiwan_credit,337000.0,277600.0,LIQ-000225,Manual review,0.0,337000.0,0.3087419324809964,Very high,322150.0,322150.0,64649.788806689445,64649.788806689445,0.0,0.0,Reported delinquency | Manual review required,"{""automatic_increases_enabled"": true, ""within_maximum_increase"": true, ""within_account_exposure"": true, ""within_expected_loss_ceiling"": false, ""meets_profitability_hurdle"": false, ""payment_history_eligible"": false, ""not_overextended"": true}",credit_age_months | credit_lines | debt_to_income | income_inr
3,0.6122901357366491,,,,,asia,taiwan_credit,525000.0,321500.0,LIQ-000226,Freeze automatic increases,0.0,525000.0,0.5161093149925068,Very high,474125.0,474125.0,159055.2138310345,159055.2138310345,0.0,0.0,Repeated delinquency,"{""automatic_increases_enabled"": true, ""within_maximum_increase"": true, ""within_account_exposure"": true, ""within_expected_loss_ceiling"": false, ""meets_profitability_hurdle"": false, ""payment_history_eligible"": false, ""not_overextended"": true}",credit_age_months | credit_lines | debt_to_income | income_inr
1,0.8428091480172621,,,,,asia,taiwan_credit,233000.0,196400.0,LIQ-000227,Manual review,0.0,233000.0,0.2944475094731016,High,223850.0,223850.0,42842.848747109965,42842.848747109965,0.0,0.0,Reported delinquency | Manual review required,"{""automatic_increases_enabled"": true, ""within_maximum_increase"": true, ""within_account_exposure"": true, ""within_expected_loss_ceiling"": false, ""meets_profitability_hurdle"": false, ""payment_history_eligible"": false, ""not_overextended"": true}",credit_age_months | credit_lines | debt_to_income | income_inr
1,0.35195060067157685,,,,,asia,taiwan_credit,69000.0,24300.0,LIQ-000228,Manual review,0.0,69000.0,0.31368931960687124,Very high,57825.0,57825.0,11790.405189073765,11790.405189073765,0.0,0.0,Reported delinquency | Manual review required,"{""automatic_increases_enabled"": true, ""within_maximum_increase"": true, ""within_account_exposure"": true, ""within_expected_loss_ceiling"": false, ""meets_profitability_hurdle"": false, ""payment_history_eligible"": false, ""not_overextended"": true}",credit_age_months | credit_lines | debt_to_income | income_inr
0,0.5717589376384127,,,,,asia,taiwan_credit,173000.0,98900.0,LIQ-000229,No change,0.0,173000.0,0.08711596043527224,Moderate,154475.0,154475.0,8747.204692355142,8747.204692355142,0.0,0.0,No reported delinquency in the harmonized source fields | Exposure limit reached,"{""automatic_increases_enabled"": true, ""within_maximum_increase"": true, ""within_account_exposure"": true, ""within_expected_loss_ceiling"": true, ""meets_profitability_hurdle"": false, ""payment_history_eligible"": true, ""not_overextended"": true}",credit_age_months | credit_lines | debt_to_income | income_inr
0,0.7225905835103182,,,,,asia,taiwan_credit,336000.0,242800.0,LIQ-000230,Increase 30%,0.3,436800.0,0.10803036497610345,Moderate,312700.0,388300.0,21957.711833217905,27266.32396814363,19505.066859132177,0.25800352988270076,No reported delinquency in the harmonized source fields | High utilization with low estimated risk,"{""automatic_increases_enabled"": true, ""within_maximum_increase"": true, ""within_account_exposure"": true, ""within_expected_loss_ceiling"": true, ""meets_profitability_hurdle"": true, ""payment_history_eligible"": true, ""not_overextended"": true}",credit_age_months | credit_lines | debt_to_income | income_inr
1,0.39316908114657223,,,,,asia,taiwan_credit,365000.0,143500.0,LIQ-000231,Manual review,0.0,365000.0,0.32216460564488014,Very high,309625.0,309625.0,64837.64041481741,64837.64041481741,0.0,0.0,Reported delinquency | Manual review required,"{""automatic_increases_enabled"": true, ""within_maximum_increase"": true, ""within_account_exposure"": true, ""within_expected_loss_ceiling"": false, ""meets_profitability_hurdle"": false, ""payment_history_eligible"": false, ""not_overextended"": true}",credit_age_months | credit_lines | debt_to_income | income_inr
0,0.6089038450553587,,,,,asia,taiwan_credit,1046000.0,636900.0,LIQ-000232,Increase 30%,0.3,1359800.0,0.08907457679992008,Moderate,943725.0,1179075.0,54640.238243827975,68266.64431623775,49167.6741788771,0.2089129984231022,No reported delinquency in the harmonized source fields,"{""automatic_increases_enabled"": true, ""within_maximum_increase"": true, ""within_account_exposure"": true, ""within_expected_loss_ceiling"": true, ""meets_profitability_hurdle"": true, ""payment_history_eligible"": true, ""not_overextended"": true}",credit_age_months | credit_lines | debt_to_income | income_inr
0,0.756508547961015,,,,,asia,taiwan_credit,511000.0,386600.0,LIQ-000233,Increase 30%,0.3,664300.0,0.10445677510176377,Moderate,479900.0,594875.0,32583.724141368682,40390.17065763012,32186.77725906628,0.27994587744349886,No reported delinquency in the harmonized source fields | High utilization with low estimated risk,"{""automatic_increases_enabled"": true, ""within_maximum_increase"": true, ""within_account_exposure"": true, ""within_expected_loss_ceiling"": true, ""meets_profitability_hurdle"": true, ""payment_history_eligible"": true, ""not_overextended"": true}",credit_age_months | credit_lines | debt_to_income | income_inr
0,0.2559523481424926,,,,,asia,taiwan_credit,369000.0,94400.0,LIQ-000234,No change,0.0,369000.0,0.0735944858898624,Moderate,300350.0,300350.0,14367.667494063111,14367.667494063111,0.0,0.0,No reported delinquency in the harmonized source fields | Exposure limit reached,"{""automatic_increases_enabled"": true, ""within_maximum_increase"": true, ""within_account_exposure"": true, ""within_expected_loss_ceiling"": true, ""meets_profitability_hurdle"": false, ""payment_history_eligible"": true, ""not_overextended"": true}",credit_age_months | credit_lines | debt_to_income | income_inr
0,0.3762906480851707,,,,,asia,taiwan_credit,343000.0,129100.0,LIQ-000235,No change,0.0,343000.0,0.0774889191905499,Moderate,289525.0,289525.0,14582.736563618575,14582.736563618575,0.0,0.0,No reported delinquency in the harmonized source fields | Exposure limit reached,"{""automatic_increases_enabled"": true, ""within_maximum_increase"": true, ""within_account_exposure"": true, ""within_expected_loss_ceiling"": true, ""meets_profitability_hurdle"": false, ""payment_history_eligible"": true, ""not_overextended"": true}",credit_age_months | credit_lines | debt_to_income | income_inr
0,0.7789027184037555,,,,,asia,taiwan_credit,717000.0,558500.0,LIQ-000236,Increase 30%,0.3,932100.0,0.1255423460086906,Moderate,677375.0,838700.0,55275.51030796392,68440.03763836774,45026.67576176794,0.2791053820658171,No reported delinquency in the harmonized source fields | High utilization with low estimated risk,"{""automatic_increases_enabled"": true, ""within_maximum_increase"": true, ""within_account_exposure"": true, ""within_expected_loss_ceiling"": true, ""meets_profitability_hurdle"": true, ""payment_history_eligible"": true, ""not_overextended"": true}",credit_age_months | credit_lines | debt_to_income | income_inr
0,0.7432044777946791,,,,,asia,taiwan_credit,238000.0,176900.0,LIQ-000237,No change,0.0,238000.0,0.10445677510176377,Moderate,222725.0,222725.0,15122.337902451218,15122.337902451218,0.0,0.0,No reported delinquency in the harmonized source fields | High utilization with low estimated risk | Exposure limit reached,"{""automatic_increases_enabled"": true, ""within_maximum_increase"": true, ""within_account_exposure"": true, ""within_expected_loss_ceiling"": true, ""meets_profitability_hurdle"": false, ""payment_history_eligible"": true, ""not_overextended"": true}",credit_age_months | credit_lines | debt_to_income | income_inr
0,0.13871762034770177,,,,,asia,taiwan_credit,319000.0,44300.0,LIQ-000238,No change,0.0,319000.0,0.06569109633042208,Moderate,250325.0,250325.0,10688.68039779339,10688.68039779339,0.0,0.0,No reported delinquency in the harmonized source fields | Low utilization provides no evidence of additional need | Incremental return below profitability hurdle,"{""automatic_increases_enabled"": true, ""within_maximum_increase"": true, ""within_account_exposure"": true, ""within_expected_loss_ceiling"": true, ""meets_profitability_hurdle"": false, ""payment_history_eligible"": true, ""not_overextended"": true}",credit_age_months | credit_lines | debt_to_income | income_inr
0,0.5231141984148132,,,,,asia,taiwan_credit,172000.0,90000.0,LIQ-000239,No change,0.0,172000.0,0.08962827602182603,Moderate,151500.0,151500.0,8826.14448124932,8826.14448124932,0.0,0.0,No reported delinquency in the harmonized source fields | Exposure limit reached,"{""automatic_increases_enabled"": true, ""within_maximum_increase"": true, ""within_account_exposure"": true, ""within_expected_loss_ceiling"": true, ""meets_profitability_hurdle"": false, ""payment_history_eligible"": true, ""not_overextended"": true}",credit_age_months | credit_lines | debt_to_income | income_inr
0,0.20348362104200537,,,,,asia,taiwan_credit,880000.0,179100.0,LIQ-000240,No change,0.0,880000.0,0.07009471210831149,Moderate,704775.0,704775.0,32110.6504719879,32110.6504719879,0.0,0.0,No reported delinquency in the harmonized source fields | Incremental return below profitability hurdle,"{""automatic_increases_enabled"": true, ""within_maximum_increase"": true, ""within_account_exposure"": true, ""within_expected_loss_ceiling"": true, ""meets_profitability_hurdle"": false, ""payment_history_eligible"": true, ""not_overextended"": true}",credit_age_months | credit_lines | debt_to_income | income_inr
0,0.7208868226595156,,,,,asia,taiwan_credit,452000.0,325800.0,LIQ-000241,Increase 30%,0.3,587600.0,0.10836577022598959,Moderate,420450.0,522150.0,29615.552259486263,36779.071500275306,26182.86762007464,0.25745199233111743,No reported delinquency in the harmonized source fields | High utilization with low estimated risk,"{""automatic_increases_enabled"": true, ""within_maximum_increase"": true, ""within_account_exposure"": true, ""within_expected_loss_ceiling"": true, ""meets_profitability_hurdle"": true, ""payment_history_eligible"": true, ""not_overextended"": true}",credit_age_months | credit_lines | debt_to_income | income_inr
0,0.13977975836046105,,,,,asia,taiwan_credit,221000.0,30900.0,LIQ-000242,No change,0.0,221000.0,0.06569109633042208,Moderate,173475.0,173475.0,7407.245908347982,7407.245908347982,0.0,0.0,No reported delinquency in the harmonized source fields | Low utilization provides no evidence of additional need | Incremental return below profitability hurdle,"{""automatic_increases_enabled"": true, ""within_maximum_increase"": true, ""within_account_exposure"": true, ""within_expected_loss_ceiling"": true, ""meets_profitability_hurdle"": false, ""payment_history_eligible"": true, ""not_overextended"": true}",credit_age_months | credit_lines | debt_to_income | income_inr
0,0.495774205547443,,,,,asia,taiwan_credit,325000.0,161100.0,LIQ-000243,No change,0.0,325000.0,0.09380052946279228,Moderate,284025.0,284025.0,17317.101997435228,17317.101997435228,0.0,0.0,No reported delinquency in the harmonized source fields | Exposure limit reached,"{""automatic_increases_enabled"": true, ""within_maximum_increase"": true, ""within_account_exposure"": true, ""within_expected_loss_ceiling"": true, ""meets_profitability_hurdle"": false, ""payment_history_eligible"": true, ""not_overextended"": true}",credit_age_months | credit_lines | debt_to_income | income_inr
0,0.32191504407107924,,,,,asia,taiwan_credit,487000.0,156800.0,LIQ-000244,No change,0.0,487000.0,0.07272057605474126,Moderate,404450.0,404450.0,19117.69404047107,19117.69404047107,0.0,0.0,No reported delinquency in the harmonized source fields | Exposure limit reached,"{""automatic_increases_enabled"": true, ""within_maximum_increase"": true, ""within_account_exposure"": true, ""within_expected_loss_ceiling"": true, ""meets_profitability_hurdle"": false, ""payment_history_eligible"": true, ""not_overextended"": true}",credit_age_months | credit_lines | debt_to_income | income_inr
2,0.2825354929351678,,,,,asia,taiwan_credit,297000.0,83900.0,LIQ-000245,Freeze automatic increases,0.0,297000.0,0.3805057346745501,Very high,243725.0,243725.0,60280.194119310574,60280.194119310574,0.0,0.0,Repeated delinquency,"{""automatic_increases_enabled"": true, ""within_maximum_increase"": true, ""within_account_exposure"": true, ""within_expected_loss_ceiling"": false, ""meets_profitability_hurdle"": false, ""payment_history_eligible"": false, ""not_overextended"": true}",credit_age_months | credit_lines | debt_to_income | income_inr
0,0.5628110433350191,,,,,asia,taiwan_credit,247000.0,139000.0,LIQ-000246,No change,0.0,247000.0,0.08711596043527224,Moderate,220000.0,220000.0,12457.582342243932,12457.582342243932,0.0,0.0,No reported delinquency in the harmonized source fields | Exposure limit reached,"{""automatic_increases_enabled"": true, ""within_maximum_increase"": true, ""within_account_exposure"": true, ""within_expected_loss_ceiling"": true, ""meets_profitability_hurdle"": false, ""payment_history_eligible"": true, ""not_overextended"": true}",credit_age_months | credit_lines | debt_to_income | income_inr
0,0.5478892964409757,,,,,asia,taiwan_credit,229000.0,125500.0,LIQ-000247,No change,0.0,229000.0,0.08480671158901683,Moderate,203125.0,203125.0,11197.136139487378,11197.136139487378,0.0,0.0,No reported delinquency in the harmonized source fields | Exposure limit reached,"{""automatic_increases_enabled"": true, ""within_maximum_increase"": true, ""within_account_exposure"": true, ""within_expected_loss_ceiling"": true, ""meets_profitability_hurdle"": false, ""payment_history_eligible"": true, ""not_overextended"": true}",credit_age_months | credit_lines | debt_to_income | income_inr
1,0.183467602810567,,,,,asia,taiwan_credit,436000.0,80000.0,LIQ-000248,Manual review,0.0,436000.0,0.2748448864381277,High,347000.0,347000.0,61991.26413611971,61991.26413611971,0.0,0.0,Reported delinquency | Manual review required,"{""automatic_increases_enabled"": true, ""within_maximum_increase"": true, ""within_account_exposure"": true, ""within_expected_loss_ceiling"": false, ""meets_profitability_hurdle"": false, ""payment_history_eligible"": false, ""not_overextended"": true}",credit_age_months | credit_lines | debt_to_income | income_inr
1,0.7249997581802866,,,,,asia,taiwan_credit,277000.0,200800.0,LIQ-000249,Manual review,0.0,277000.0,0.3268105007354777,Very high,257950.0,257950.0,54795.4996320657,54795.4996320657,0.0,0.0,Reported delinquency | Manual review required,"{""automatic_increases_enabled"": true, ""within_maximum_increase"": true, ""within_account_exposure"": true, ""within_expected_loss_ceiling"": false, ""meets_profitability_hurdle"": false, ""payment_history_eligible"": false, ""not_overextended"": true}",credit_age_months | credit_lines | debt_to_income | income_inr
0,0.5377035612394315,,,,,asia,taiwan_credit,261000.0,140300.0,LIQ-000250,No change,0.0,261000.0,0.09412664759454485,Moderate,230825.0,230825.0,14122.40923015703,14122.40923015703,0.0,0.0,No reported delinquency in the harmonized source fields | Exposure limit reached,"{""automatic_increases_enabled"": true, ""within_maximum_increase"": true, ""within_account_exposure"": true, ""within_expected_loss_ceiling"": true, ""meets_profitability_hurdle"": false, ""payment_history_eligible"": true, ""not_overextended"": true}",credit_age_months | credit_lines | debt_to_income | income_inr
0,0.3670722569821377,,,,,asia,taiwan_credit,147000.0,54000.0,LIQ-000251,No change,0.0,147000.0,0.0774889191905499,Moderate,123750.0,123750.0,6233.014937389858,6233.014937389858,0.0,0.0,No reported delinquency in the harmonized source fields | Exposure limit reached,"{""automatic_increases_enabled"": true, ""within_maximum_increase"": true, ""within_account_exposure"": true, ""within_expected_loss_ceiling"": true, ""meets_profitability_hurdle"": false, ""payment_history_eligible"": true, ""not_overextended"": true}",credit_age_months | credit_lines | debt_to_income | income_inr
1,0.9251184866247985,,,,,asia,taiwan_credit,368000.0,340400.0,LIQ-000252,Manual review,0.0,368000.0,0.3542574924960451,Very high,361100.0,361100.0,83149.54735120923,83149.54735120923,0.0,0.0,Reported delinquency | Manual review required,"{""automatic_increases_enabled"": true, ""within_maximum_increase"": true, ""within_account_exposure"": true, ""within_expected_loss_ceiling"": false, ""meets_profitability_hurdle"": false, ""payment_history_eligible"": false, ""not_overextended"": true}",credit_age_months | credit_lines | debt_to_income | income_inr
0,0.4560030277576284,,,,,asia,taiwan_credit,311000.0,141800.0,LIQ-000253,No change,0.0,311000.0,0.08451901176507008,Moderate,268700.0,268700.0,14761.667999828316,14761.667999828316,0.0,0.0,No reported delinquency in the harmonized source fields | Exposure limit reached,"{""automatic_increases_enabled"": true, ""within_maximum_increase"": true, ""within_account_exposure"": true, ""within_expected_loss_ceiling"": true, ""meets_profitability_hurdle"": false, ""payment_history_eligible"": true, ""not_overextended"": true}",credit_age_months | credit_lines | debt_to_income | income_inr
1,0.8343986402066458,,,,,asia,taiwan_credit,284000.0,237000.0,LIQ-000254,Manual review,0.0,284000.0,0.3043709133925956,Very high,272250.0,272250.0,53862.23776123719,53862.23776123719,0.0,0.0,Reported delinquency | Manual review required,"{""automatic_increases_enabled"": true, ""within_maximum_increase"": true, ""within_account_exposure"": true, ""within_expected_loss_ceiling"": false, ""meets_profitability_hurdle"": false, ""payment_history_eligible"": false, ""not_overextended"": true}",credit_age_months | credit_lines | debt_to_income | income_inr
0,0.3923507173199628,,,,,asia,taiwan_credit,398000.0,156200.0,LIQ-000255,No change,0.0,398000.0,0.0753745722583789,Moderate,337550.0,337550.0,16537.74646278027,16537.74646278027,0.0,0.0,No reported delinquency in the harmonized source fields | Exposure limit reached,"{""automatic_increases_enabled"": true, ""within_maximum_increase"": true, ""within_account_exposure"": true, ""within_expected_loss_ceiling"": true, ""meets_profitability_hurdle"": false, ""payment_history_eligible"": true, ""not_overextended"": true}",credit_age_months | credit_lines | debt_to_income | income_inr
0,0.16964398104373152,,,,,asia,taiwan_credit,569000.0,96500.0,LIQ-000256,No change,0.0,569000.0,0.07074044882835517,Moderate,450875.0,450875.0,20731.814912565016,20731.814912565016,0.0,0.0,No reported delinquency in the harmonized source fields | Low utilization provides no evidence of additional need | Incremental return below profitability hurdle,"{""automatic_increases_enabled"": true, ""within_maximum_increase"": true, ""within_account_exposure"": true, ""within_expected_loss_ceiling"": true, ""meets_profitability_hurdle"": false, ""payment_history_eligible"": true, ""not_overextended"": true}",credit_age_months | credit_lines | debt_to_income | income_inr
1,0.6366844280918934,,,,,asia,taiwan_credit,552000.0,351400.0,LIQ-000257,Manual review,0.0,552000.0,0.34454652565785326,Very high,501850.0,501850.0,112391.93803590589,112391.93803590589,0.0,0.0,Reported delinquency | Manual review required,"{""automatic_increases_enabled"": true, ""within_maximum_increase"": true, ""within_account_exposure"": true, ""within_expected_loss_ceiling"": false, ""meets_profitability_hurdle"": false, ""payment_history_eligible"": false, ""not_overextended"": true}",credit_age_months | credit_lines | debt_to_income | income_inr
1,0.48790557792194905,,,,,asia,taiwan_credit,501000.0,244400.0,LIQ-000258,Manual review,0.0,501000.0,0.33390648123239525,Very high,436850.0,436850.0,94813.58011214172,94813.58011214172,0.0,0.0,Reported delinquency | Manual review required,"{""automatic_increases_enabled"": true, ""within_maximum_increase"": true, ""within_account_exposure"": true, ""within_expected_loss_ceiling"": false, ""meets_profitability_hurdle"": false, ""payment_history_eligible"": false, ""not_overextended"": true}",credit_age_months | credit_lines | debt_to_income | income_inr
2,0.37450215836735673,,,,,asia,taiwan_credit,299000.0,112000.0,LIQ-000259,Freeze automatic increases,0.0,299000.0,0.39023444128816137,Very high,252250.0,252250.0,63983.81457971016,63983.81457971016,0.0,0.0,Repeated delinquency,"{""automatic_increases_enabled"": true, ""within_maximum_increase"": true, ""within_account_exposure"": true, ""within_expected_loss_ceiling"": false, ""meets_profitability_hurdle"": false, ""payment_history_eligible"": false, ""not_overextended"": true}",credit_age_months | credit_lines | debt_to_income | income_inr
1,0.3107523687512476,,,,,asia,taiwan_credit,242000.0,75200.0,LIQ-000260,Manual review,0.0,242000.0,0.31755145759146886,Very high,200300.0,200300.0,41343.61202112129,41343.61202112129,0.0,0.0,Reported delinquency | Manual review required,"{""automatic_increases_enabled"": true, ""within_maximum_increase"": true, ""within_account_exposure"": true, ""within_expected_loss_ceiling"": false, ""meets_profitability_hurdle"": false, ""payment_history_eligible"": false, ""not_overextended"": true}",credit_age_months | credit_lines | debt_to_income | income_inr
1,0.8064901481188607,,,,,asia,taiwan_credit,178000.0,143600.0,LIQ-000261,Manual review,0.0,178000.0,0.3184649206623864,Very high,169400.0,169400.0,35066.17241413537,35066.17241413537,0.0,0.0,Reported delinquency | Manual review required,"{""automatic_increases_enabled"": true, ""within_maximum_increase"": true, ""within_account_exposure"": true, ""within_expected_loss_ceiling"": false, ""meets_profitability_hurdle"": false, ""payment_history_eligible"": false, ""not_overextended"": true}",credit_age_months | credit_lines | debt_to_income | income_inr
0,0.3739906981815361,,,,,asia,taiwan_credit,238000.0,89000.0,LIQ-000262,No change,0.0,238000.0,0.0774889191905499,Moderate,200750.0,200750.0,10111.33534287688,10111.33534287688,0.0,0.0,No reported delinquency in the harmonized source fields | Exposure limit reached,"{""automatic_increases_enabled"": true, ""within_maximum_increase"": true, ""within_account_exposure"": true, ""within_expected_loss_ceiling"": true, ""meets_profitability_hurdle"": false, ""payment_history_eligible"": true, ""not_overextended"": true}",credit_age_months | credit_lines | debt_to_income | income_inr
0,0.6609296501238258,,,,,asia,taiwan_credit,354000.0,234000.0,LIQ-000263,Increase 30%,0.3,460200.0,0.10689963846561308,Moderate,324000.0,403650.0,22513.063860858118,28047.525393319072,17895.34352052093,0.22467474602035067,No reported delinquency in the harmonized source fields | High utilization with low estimated risk,"{""automatic_increases_enabled"": true, ""within_maximum_increase"": true, ""within_account_exposure"": true, ""within_expected_loss_ceiling"": true, ""meets_profitability_hurdle"": true, ""payment_history_eligible"": true, ""not_overextended"": true}",credit_age_months | credit_lines | debt_to_income | income_inr
0,0.787751369970715,,,,,asia,taiwan_credit,210000.0,165400.0,LIQ-000264,No change,0.0,210000.0,0.13173933514049221,Moderate,198850.0,198850.0,17027.63841524647,17027.63841524647,0.0,0.0,No reported delinquency in the harmonized source fields | High utilization with low estimated risk | Exposure limit reached,"{""automatic_increases_enabled"": true, ""within_maximum_increase"": true, ""within_account_exposure"": true, ""within_expected_loss_ceiling"": true, ""meets_profitability_hurdle"": false, ""payment_history_eligible"": true, ""not_overextended"": true}",credit_age_months | credit_lines | debt_to_income | income_inr
0,0.6584094949529833,,,,,asia,taiwan_credit,373000.0,245600.0,LIQ-000265,Increase 30%,0.3,484900.0,0.10689963846561308,Moderate,341150.0,425075.0,23704.72758065354,29536.236483500816,18748.23124651503,0.223392686881323,No reported delinquency in the harmonized source fields | High utilization with low estimated risk,"{""automatic_increases_enabled"": true, ""within_maximum_increase"": true, ""within_account_exposure"": true, ""within_expected_loss_ceiling"": true, ""meets_profitability_hurdle"": true, ""payment_history_eligible"": true, ""not_overextended"": true}",credit_age_months | credit_lines | debt_to_income | income_inr
0,1.260675916008005,,,,,asia,taiwan_credit,187000.0,235700.0,LIQ-000266,Manual review,0.0,187000.0,0.1855143832497812,High,187000.0,187000.0,22549.273284010906,22549.273284010906,0.0,0.0,Customer-overextension safeguard | Manual review required,"{""automatic_increases_enabled"": true, ""within_maximum_increase"": true, ""within_account_exposure"": true, ""within_expected_loss_ceiling"": false, ""meets_profitability_hurdle"": false, ""payment_history_eligible"": true, ""not_overextended"": false}",credit_age_months | credit_lines | debt_to_income | income_inr
0,0.4919694737936675,,,,,asia,taiwan_credit,119000.0,58500.0,LIQ-000267,No change,0.0,119000.0,0.09380052946279228,Moderate,103875.0,103875.0,6333.294498665907,6333.294498665907,0.0,0.0,No reported delinquency in the harmonized source fields | Exposure limit reached,"{""automatic_increases_enabled"": true, ""within_maximum_increase"": true, ""within_account_exposure"": true, ""within_expected_loss_ceiling"": true, ""meets_profitability_hurdle"": false, ""payment_history_eligible"": true, ""not_overextended"": true}",credit_age_months | credit_lines | debt_to_income | income_inr
0,0.27929764084571973,,,,,asia,taiwan_credit,596000.0,166500.0,LIQ-000268,No change,0.0,596000.0,0.06556805526914398,Moderate,488625.0,488625.0,20824.824153825564,20824.824153825564,0.0,0.0,No reported delinquency in the harmonized source fields | Exposure limit reached,"{""automatic_increases_enabled"": true, ""within_maximum_increase"": true, ""within_account_exposure"": true, ""within_expected_loss_ceiling"": true, ""meets_profitability_hurdle"": false, ""payment_history_eligible"": true, ""not_overextended"": true}",credit_age_months | credit_lines | debt_to_income | income_inr
0,0.7567364599294163,,,,,asia,taiwan_credit,257000.0,194500.0,LIQ-000269,No change,0.0,257000.0,0.10445677510176377,Moderate,241375.0,241375.0,16388.61515862235,16388.61515862235,0.0,0.0,No reported delinquency in the harmonized source fields | High utilization with low estimated risk | Exposure limit reached,"{""automatic_increases_enabled"": true, ""within_maximum_increase"": true, ""within_account_exposure"": true, ""within_expected_loss_ceiling"": true, ""meets_profitability_hurdle"": false, ""payment_history_eligible"": true, ""not_overextended"": true}",credit_age_months | credit_lines | debt_to_income | income_inr
1,0.6699260000575283,,,,,asia,taiwan_credit,203000.0,136000.0,LIQ-000270,Manual review,0.0,203000.0,0.35454740758702724,Very high,186250.0,186250.0,42922.39553100449,42922.39553100449,0.0,0.0,Reported delinquency | Manual review required,"{""automatic_increases_enabled"": true, ""within_maximum_increase"": true, ""within_account_exposure"": true, ""within_expected_loss_ceiling"": false, ""meets_profitability_hurdle"": false, ""payment_history_eligible"": false, ""not_overextended"": true}",credit_age_months | credit_lines | debt_to_income | income_inr
0,0.22681310770930374,,,,,asia,taiwan_credit,172000.0,39000.0,LIQ-000271,No change,0.0,172000.0,0.08026424038307127,Moderate,138750.0,138750.0,7238.8311795482405,7238.8311795482405,0.0,0.0,No reported delinquency in the harmonized source fields | Incremental return below profitability hurdle,"{""automatic_increases_enabled"": true, ""within_maximum_increase"": true, ""within_account_exposure"": true, ""within_expected_loss_ceiling"": true, ""meets_profitability_hurdle"": false, ""payment_history_eligible"": true, ""not_overextended"": true}",credit_age_months | credit_lines | debt_to_income | income_inr
0,0.6186989558748525,,,,,asia,taiwan_credit,461000.0,285200.0,LIQ-000272,Increase 30%,0.3,599300.0,0.09451349205903499,Moderate,417050.0,520775.0,25620.953711093352,31993.171487578566,21765.402298951998,0.20983757338107495,No reported delinquency in the harmonized source fields,"{""automatic_increases_enabled"": true, ""within_maximum_increase"": true, ""within_account_exposure"": true, ""within_expected_loss_ceiling"": true, ""meets_profitability_hurdle"": true, ""payment_history_eligible"": true, ""not_overextended"": true}",credit_age_months | credit_lines | debt_to_income | income_inr
1,0.6064751765238681,,,,,asia,taiwan_credit,855000.0,518500.0,LIQ-000273,Manual review,0.0,855000.0,0.32124426954279334,Very high,770875.0,770875.0,160965.46458447055,160965.46458447055,0.0,0.0,Reported delinquency | Manual review required,"{""automatic_increases_enabled"": true, ""within_maximum_increase"": true, ""within_account_exposure"": true, ""within_expected_loss_ceiling"": false, ""meets_profitability_hurdle"": false, ""payment_history_eligible"": false, ""not_overextended"": true}",credit_age_months | credit_lines | debt_to_income | income_inr
0,0.6850113733876932,,,,,asia,taiwan_credit,269000.0,184300.0,LIQ-000274,No change,0.0,269000.0,0.11258142348426615,Moderate,247825.0,247825.0,18135.319328742367,18135.319328742367,0.0,0.0,No reported delinquency in the harmonized source fields | High utilization with low estimated risk | Exposure limit reached,"{""automatic_increases_enabled"": true, ""within_maximum_increase"": true, ""within_account_exposure"": true, ""within_expected_loss_ceiling"": true, ""meets_profitability_hurdle"": false, ""payment_history_eligible"": true, ""not_overextended"": true}",credit_age_months | credit_lines | debt_to_income | income_inr
0,0.6681015398952136,,,,,asia,taiwan_credit,304000.0,203100.0,LIQ-000275,No change,0.0,304000.0,0.11251901624577622,Moderate,278775.0,278775.0,20388.867690045572,20388.867690045572,0.0,0.0,No reported delinquency in the harmonized source fields | High utilization with low estimated risk | Exposure limit reached,"{""automatic_increases_enabled"": true, ""within_maximum_increase"": true, ""within_account_exposure"": true, ""within_expected_loss_ceiling"": true, ""meets_profitability_hurdle"": false, ""payment_history_eligible"": true, ""not_overextended"": true}",credit_age_months | credit_lines | debt_to_income | income_inr
0,0.26305942172428065,,,,,asia,taiwan_credit,702000.0,184700.0,LIQ-000276,No change,0.0,702000.0,0.0726667301080929,Moderate,572675.0,572675.0,27049.372782023864,27049.372782023864,0.0,0.0,No reported delinquency in the harmonized source fields | Exposure limit reached,"{""automatic_increases_enabled"": true, ""within_maximum_increase"": true, ""within_account_exposure"": true, ""within_expected_loss_ceiling"": true, ""meets_profitability_hurdle"": false, ""payment_history_eligible"": true, ""not_overextended"": true}",credit_age_months | credit_lines | debt_to_income | income_inr
0,0.33401577555519324,,,,,asia,taiwan_credit,108000.0,36100.0,LIQ-000277,No change,0.0,108000.0,0.06934387152945824,Moderate,90025.0,90025.0,4057.7433223856615,4057.7433223856615,0.0,0.0,No reported delinquency in the harmonized source fields | Exposure limit reached,"{""automatic_increases_enabled"": true, ""within_maximum_increase"": true, ""within_account_exposure"": true, ""within_expected_loss_ceiling"": true, ""meets_profitability_hurdle"": false, ""payment_history_eligible"": true, ""not_overextended"": true}",credit_age_months | credit_lines | debt_to_income | income_inr
1,0.8186307158348084,,,,,asia,taiwan_credit,1257000.0,1029000.0,LIQ-000278,Manual review,0.0,1257000.0,0.3087419324809964,Very high,1200000.0,1200000.0,240818.7073351772,240818.7073351772,0.0,0.0,Reported delinquency | Manual review required,"{""automatic_increases_enabled"": true, ""within_maximum_increase"": true, ""within_account_exposure"": true, ""within_expected_loss_ceiling"": false, ""meets_profitability_hurdle"": false, ""payment_history_eligible"": false, ""not_overextended"": true}",credit_age_months | credit_lines | debt_to_income | income_inr
0,0.17536346265945119,,,,,asia,taiwan_credit,1714000.0,300600.0,LIQ-000279,No change,0.0,1714000.0,0.07102555540407707,Moderate,1360650.0,1360650.0,62816.59927436235,62816.59927436235,0.0,0.0,No reported delinquency in the harmonized source fields | Low utilization provides no evidence of additional need | Incremental return below profitability hurdle,"{""automatic_increases_enabled"": true, ""within_maximum_increase"": true, ""within_account_exposure"": true, ""within_expected_loss_ceiling"": true, ""meets_profitability_hurdle"": false, ""payment_history_eligible"": true, ""not_overextended"": true}",credit_age_months | credit_lines | debt_to_income | income_inr
1,1.2370732724529194,,,,,asia,taiwan_credit,60000.0,74200.0,LIQ-000280,Manual review,0.0,60000.0,0.4075891887917565,Very high,60000.0,60000.0,15895.978362878503,15895.978362878503,0.0,0.0,Reported delinquency | Manual review required,"{""automatic_increases_enabled"": true, ""within_maximum_increase"": true, ""within_account_exposure"": true, ""within_expected_loss_ceiling"": false, ""meets_profitability_hurdle"": false, ""payment_history_eligible"": false, ""not_overextended"": false}",credit_age_months | credit_lines | debt_to_income | income_inr
0,0.4237465020562967,,,,,asia,taiwan_credit,329000.0,139400.0,LIQ-000281,No change,0.0,329000.0,0.08516958900453168,Moderate,281600.0,281600.0,15589.441571389481,15589.441571389481,0.0,0.0,No reported delinquency in the harmonized source fields | Exposure limit reached,"{""automatic_increases_enabled"": true, ""within_maximum_increase"": true, ""within_account_exposure"": true, ""within_expected_loss_ceiling"": true, ""meets_profitability_hurdle"": false, ""payment_history_eligible"": true, ""not_overextended"": true}",credit_age_months | credit_lines | debt_to_income | income_inr
0,0.28926634152775704,,,,,asia,taiwan_credit,219000.0,63300.0,LIQ-000282,No change,0.0,219000.0,0.06946640549037054,Moderate,180075.0,180075.0,8130.95592964101,8130.95592964101,0.0,0.0,No reported delinquency in the harmonized source fields | Exposure limit reached,"{""automatic_increases_enabled"": true, ""within_maximum_increase"": true, ""within_account_exposure"": true, ""within_expected_loss_ceiling"": true, ""meets_profitability_hurdle"": false, ""payment_history_eligible"": true, ""not_overextended"": true}",credit_age_months | credit_lines | debt_to_income | income_inr
0,0.878885543209616,,,,,asia,taiwan_credit,295000.0,259300.0,LIQ-000283,Increase 30%,0.3,383500.0,0.14642042254009177,Moderate,286075.0,352450.0,27226.69454580189,33543.82065076598,21198.11777972632,0.3193690060975717,No reported delinquency in the harmonized source fields | High utilization with low estimated risk,"{""automatic_increases_enabled"": true, ""within_maximum_increase"": true, ""within_account_exposure"": true, ""within_expected_loss_ceiling"": true, ""meets_profitability_hurdle"": true, ""payment_history_eligible"": true, ""not_overextended"": true}",credit_age_months | credit_lines | debt_to_income | income_inr
0,0.817890575391474,,,,,asia,taiwan_credit,267000.0,218400.0,LIQ-000284,Increase 30%,0.3,347100.0,0.13399787456498716,Moderate,254850.0,314925.0,22197.082916376534,27429.532420796077,17622.620485527226,0.2933436618481436,No reported delinquency in the harmonized source fields | High utilization with low estimated risk,"{""automatic_increases_enabled"": true, ""within_maximum_increase"": true, ""within_account_exposure"": true, ""within_expected_loss_ceiling"": true, ""meets_profitability_hurdle"": true, ""payment_history_eligible"": true, ""not_overextended"": true}",credit_age_months | credit_lines | debt_to_income | income_inr
0,0.524621800983368,,,,,asia,taiwan_credit,593000.0,311100.0,LIQ-000285,Increase 30%,0.3,770900.0,0.08962827602182603,Moderate,522525.0,655950.0,30441.459703398024,38214.583976735914,21513.83053527864,0.16124287453834468,No reported delinquency in the harmonized source fields,"{""automatic_increases_enabled"": true, ""within_maximum_increase"": true, ""within_account_exposure"": true, ""within_expected_loss_ceiling"": true, ""meets_profitability_hurdle"": true, ""payment_history_eligible"": true, ""not_overextended"": true}",credit_age_months | credit_lines | debt_to_income | income_inr
1,0.5368732264175494,,,,,asia,taiwan_credit,325000.0,174500.0,LIQ-000286,Manual review,0.0,325000.0,0.3142759908648635,Very high,287375.0,287375.0,58704.79086861361,58704.79086861361,0.0,0.0,Reported delinquency | Manual review required,"{""automatic_increases_enabled"": true, ""within_maximum_increase"": true, ""within_account_exposure"": true, ""within_expected_loss_ceiling"": false, ""meets_profitability_hurdle"": false, ""payment_history_eligible"": false, ""not_overextended"": true}",credit_age_months | credit_lines | debt_to_income | income_inr
0,0.551635272988862,,,,,asia,taiwan_credit,194000.0,107000.0,LIQ-000287,No change,0.0,194000.0,0.08210223476850792,Moderate,172250.0,172250.0,9192.371460269069,9192.371460269069,0.0,0.0,No reported delinquency in the harmonized source fields | Exposure limit reached,"{""automatic_increases_enabled"": true, ""within_maximum_increase"": true, ""within_account_exposure"": true, ""within_expected_loss_ceiling"": true, ""meets_profitability_hurdle"": false, ""payment_history_eligible"": true, ""not_overextended"": true}",credit_age_months | credit_lines | debt_to_income | income_inr
1,0.3047460623889504,,,,,asia,taiwan_credit,313000.0,95400.0,LIQ-000288,Manual review,0.0,313000.0,0.3146274719551284,Very high,258600.0,258600.0,52885.73176093753,52885.73176093753,0.0,0.0,Reported delinquency | Manual review required,"{""automatic_increases_enabled"": true, ""within_maximum_increase"": true, ""within_account_exposure"": true, ""within_expected_loss_ceiling"": false, ""meets_profitability_hurdle"": false, ""payment_history_eligible"": false, ""not_overextended"": true}",credit_age_months | credit_lines | debt_to_income | income_inr
2,1.1196244530752812,,,,,asia,taiwan_credit,489000.0,547500.0,LIQ-000289,Freeze automatic increases,0.0,489000.0,0.461048523800418,Very high,489000.0,489000.0,146544.27328996288,146544.27328996288,0.0,0.0,Repeated delinquency,"{""automatic_increases_enabled"": true, ""within_maximum_increase"": true, ""within_account_exposure"": true, ""within_expected_loss_ceiling"": false, ""meets_profitability_hurdle"": false, ""payment_history_eligible"": false, ""not_overextended"": false}",credit_age_months | credit_lines | debt_to_income | income_inr
0,0.926868326500247,,,,,asia,taiwan_credit,162000.0,150200.0,LIQ-000290,No change,0.0,162000.0,0.12820990373935923,Moderate,159050.0,159050.0,13254.660373334305,13254.660373334305,0.0,0.0,No reported delinquency in the harmonized source fields | High utilization with low estimated risk | Exposure limit reached,"{""automatic_increases_enabled"": true, ""within_maximum_increase"": true, ""within_account_exposure"": true, ""within_expected_loss_ceiling"": true, ""meets_profitability_hurdle"": false, ""payment_history_eligible"": true, ""not_overextended"": true}",credit_age_months | credit_lines | debt_to_income | income_inr
2,0.8361833420073105,,,,,asia,taiwan_credit,120000.0,100300.0,LIQ-000291,Freeze automatic increases,0.0,120000.0,0.3853945700536139,Very high,115075.0,115075.0,28827.032096797753,28827.032096797753,0.0,0.0,Repeated delinquency,"{""automatic_increases_enabled"": true, ""within_maximum_increase"": true, ""within_account_exposure"": true, ""within_expected_loss_ceiling"": false, ""meets_profitability_hurdle"": false, ""payment_history_eligible"": false, ""not_overextended"": true}",credit_age_months | credit_lines | debt_to_income | income_inr
0,0.8970369741302091,,,,,asia,taiwan_credit,1278000.0,1146400.0,LIQ-000292,Increase 30%,0.3,1661400.0,0.12938289957362467,Moderate,1245100.0,1532650.0,104711.52136842805,128894.1556704853,98512.45486947965,0.342592435644165,No reported delinquency in the harmonized source fields | High utilization with low estimated risk,"{""automatic_increases_enabled"": true, ""within_maximum_increase"": true, ""within_account_exposure"": true, ""within_expected_loss_ceiling"": true, ""meets_profitability_hurdle"": true, ""payment_history_eligible"": true, ""not_overextended"": true}",credit_age_months | credit_lines | debt_to_income | income_inr
1,0.4924265296388737,,,,,asia,taiwan_credit,231000.0,113800.0,LIQ-000293,Manual review,0.0,231000.0,0.33390648123239525,Very high,201700.0,201700.0,43776.809221973184,43776.809221973184,0.0,0.0,Reported delinquency | Manual review required,"{""automatic_increases_enabled"": true, ""within_maximum_increase"": true, ""within_account_exposure"": true, ""within_expected_loss_ceiling"": false, ""meets_profitability_hurdle"": false, ""payment_history_eligible"": false, ""not_overextended"": true}",credit_age_months | credit_lines | debt_to_income | income_inr
0,0.12274769757962094,,,,,asia,taiwan_credit,320000.0,39300.0,LIQ-000294,No change,0.0,320000.0,0.07403411164865732,Moderate,249825.0,249825.0,12022.121762706782,12022.121762706782,0.0,0.0,No reported delinquency in the harmonized source fields | Low utilization provides no evidence of additional need | Incremental return below profitability hurdle,"{""automatic_increases_enabled"": true, ""within_maximum_increase"": true, ""within_account_exposure"": true, ""within_expected_loss_ceiling"": true, ""meets_profitability_hurdle"": false, ""payment_history_eligible"": true, ""not_overextended"": true}",credit_age_months | credit_lines | debt_to_income | income_inr
0,0.19413661877070248,,,,,asia,taiwan_credit,270000.0,52400.0,LIQ-000295,No change,0.0,270000.0,0.07124174382106481,Moderate,215600.0,215600.0,9983.817979084022,9983.817979084022,0.0,0.0,No reported delinquency in the harmonized source fields | Low utilization provides no evidence of additional need | Incremental return below profitability hurdle,"{""automatic_increases_enabled"": true, ""within_maximum_increase"": true, ""within_account_exposure"": true, ""within_expected_loss_ceiling"": true, ""meets_profitability_hurdle"": false, ""payment_history_eligible"": true, ""not_overextended"": true}",credit_age_months | credit_lines | debt_to_income | income_inr
0,0.6383424400022357,,,,,asia,taiwan_credit,500000.0,319200.0,LIQ-000296,Increase 30%,0.3,650000.0,0.11213565824520577,Moderate,454800.0,567300.0,33149.543290447735,41349.463299628405,23558.49797375877,0.20940887087785573,No reported delinquency in the harmonized source fields,"{""automatic_increases_enabled"": true, ""within_maximum_increase"": true, ""within_account_exposure"": true, ""within_expected_loss_ceiling"": true, ""meets_profitability_hurdle"": true, ""payment_history_eligible"": true, ""not_overextended"": true}",credit_age_months | credit_lines | debt_to_income | income_inr
0,0.20268251770547965,,,,,asia,taiwan_credit,1108000.0,224600.0,LIQ-000297,No change,0.0,1108000.0,0.07009471210831149,Moderate,887150.0,887150.0,40419.940500477554,40419.940500477554,0.0,0.0,No reported delinquency in the harmonized source fields | Incremental return below profitability hurdle,"{""automatic_increases_enabled"": true, ""within_maximum_increase"": true, ""within_account_exposure"": true, ""within_expected_loss_ceiling"": true, ""meets_profitability_hurdle"": false, ""payment_history_eligible"": true, ""not_overextended"": true}",credit_age_months | credit_lines | debt_to_income | income_inr
0,0.7038404486224119,,,,,asia,taiwan_credit,510000.0,359000.0,LIQ-000298,Increase 30%,0.3,663000.0,0.11258142348426615,Moderate,472250.0,587000.0,34558.27520628905,42955.442130421754,28166.832432058727,0.2454625920005118,No reported delinquency in the harmonized source fields | High utilization with low estimated risk,"{""automatic_increases_enabled"": true, ""within_maximum_increase"": true, ""within_account_exposure"": true, ""within_expected_loss_ceiling"": true, ""meets_profitability_hurdle"": true, ""payment_history_eligible"": true, ""not_overextended"": true}",credit_age_months | credit_lines | debt_to_income | income_inr
1,0.26316908922006743,,,,,asia,taiwan_credit,130000.0,34200.0,LIQ-000299,Manual review,0.0,130000.0,0.3007822677437314,Very high,106050.0,106050.0,20733.673671244764,20733.673671244764,0.0,0.0,Reported delinquency | Manual review required,"{""automatic_increases_enabled"": true, ""within_maximum_increase"": true, ""within_account_exposure"": true, ""within_expected_loss_ceiling"": false, ""meets_profitability_hurdle"": false, ""payment_history_eligible"": false, ""not_overextended"": true}",credit_age_months | credit_lines | debt_to_income | income_inr
0,0.6163559240733809,,,,,asia,taiwan_credit,142000.0,87500.0,LIQ-000300,No change,0.0,142000.0,0.0902504897232765,Moderate,128375.0,128375.0,7530.839301846654,7530.839301846654,0.0,0.0,No reported delinquency in the harmonized source fields | Exposure limit reached,"{""automatic_increases_enabled"": true, ""within_maximum_increase"": true, ""within_account_exposure"": true, ""within_expected_loss_ceiling"": true, ""meets_profitability_hurdle"": false, ""payment_history_eligible"": true, ""not_overextended"": true}",credit_age_months | credit_lines | debt_to_income | income_inr
0,0.4916443470805261,,,,,asia,taiwan_credit,270000.0,132700.0,LIQ-000301,No change,0.0,270000.0,0.09380052946279228,Moderate,235675.0,235675.0,14369.185857743323,14369.185857743323,0.0,0.0,No reported delinquency in the harmonized source fields | Exposure limit reached,"{""automatic_increases_enabled"": true, ""within_maximum_increase"": true, ""within_account_exposure"": true, ""within_expected_loss_ceiling"": true, ""meets_profitability_hurdle"": false, ""payment_history_eligible"": true, ""not_overextended"": true}",credit_age_months | credit_lines | debt_to_income | income_inr
0,0.34105801730610286,,,,,asia,taiwan_credit,294000.0,100300.0,LIQ-000302,No change,0.0,294000.0,0.06934387152945824,Moderate,245575.0,245575.0,11068.928813050361,11068.928813050361,0.0,0.0,No reported delinquency in the harmonized source fields | Exposure limit reached,"{""automatic_increases_enabled"": true, ""within_maximum_increase"": true, ""within_account_exposure"": true, ""within_expected_loss_ceiling"": true, ""meets_profitability_hurdle"": false, ""payment_history_eligible"": true, ""not_overextended"": true}",credit_age_months | credit_lines | debt_to_income | income_inr
2,0.6639342371692218,,,,,asia,taiwan_credit,114000.0,75700.0,LIQ-000303,Freeze automatic increases,0.0,114000.0,0.4167333461642943,Very high,104425.0,104425.0,28286.296787584182,28286.296787584182,0.0,0.0,Repeated delinquency,"{""automatic_increases_enabled"": true, ""within_maximum_increase"": true, ""within_account_exposure"": true, ""within_expected_loss_ceiling"": false, ""meets_profitability_hurdle"": false, ""payment_history_eligible"": false, ""not_overextended"": true}",credit_age_months | credit_lines | debt_to_income | income_inr
2,1.002502116195741,,,,,asia,taiwan_credit,596000.0,597500.0,LIQ-000304,Freeze automatic increases,0.0,596000.0,0.4306243391923113,Very high,596000.0,596000.0,166823.8690031014,166823.8690031014,0.0,0.0,Repeated delinquency,"{""automatic_increases_enabled"": true, ""within_maximum_increase"": true, ""within_account_exposure"": true, ""within_expected_loss_ceiling"": false, ""meets_profitability_hurdle"": false, ""payment_history_eligible"": false, ""not_overextended"": true}",credit_age_months | credit_lines | debt_to_income | income_inr
1,1.0754255550848324,,,,,asia,taiwan_credit,173000.0,186000.0,LIQ-000305,Manual review,0.0,173000.0,0.4105526974514963,Very high,173000.0,173000.0,46166.65082842076,46166.65082842076,0.0,0.0,Reported delinquency | Manual review required,"{""automatic_increases_enabled"": true, ""within_maximum_increase"": true, ""within_account_exposure"": true, ""within_expected_loss_ceiling"": false, ""meets_profitability_hurdle"": false, ""payment_history_eligible"": false, ""not_overextended"": true}",credit_age_months | credit_lines | debt_to_income | income_inr
1,0.29730108277387685,,,,,asia,taiwan_credit,924000.0,274700.0,LIQ-000306,Manual review,0.0,924000.0,0.2967843555937329,High,761675.0,761675.0,146934.59563045672,146934.59563045672,0.0,0.0,Reported delinquency | Manual review required,"{""automatic_increases_enabled"": true, ""within_maximum_increase"": true, ""within_account_exposure"": true, ""within_expected_loss_ceiling"": false, ""meets_profitability_hurdle"": false, ""payment_history_eligible"": false, ""not_overextended"": true}",credit_age_months | credit_lines | debt_to_income | income_inr
0,0.5628071628352973,,,,,asia,taiwan_credit,1143000.0,643300.0,LIQ-000307,Increase 30%,0.3,1485900.0,0.08711596043527224,Moderate,1018075.0,1275250.0,57648.87792309086,72211.5085543026,47498.93772622995,0.18469500428202568,No reported delinquency in the harmonized source fields,"{""automatic_increases_enabled"": true, ""within_maximum_increase"": true, ""within_account_exposure"": true, ""within_expected_loss_ceiling"": true, ""meets_profitability_hurdle"": true, ""payment_history_eligible"": true, ""not_overextended"": true}",credit_age_months | credit_lines | debt_to_income | income_inr
0,0.5910423147111268,,,,,asia,taiwan_credit,298000.0,176100.0,LIQ-000308,No change,0.0,298000.0,0.10840032671474488,Moderate,267525.0,267525.0,18849.86831283538,18849.86831283538,0.0,0.0,No reported delinquency in the harmonized source fields | Exposure limit reached,"{""automatic_increases_enabled"": true, ""within_maximum_increase"": true, ""within_account_exposure"": true, ""within_expected_loss_ceiling"": true, ""meets_profitability_hurdle"": false, ""payment_history_eligible"": true, ""not_overextended"": true}",credit_age_months | credit_lines | debt_to_income | income_inr
1,0.8940765997883271,,,,,asia,taiwan_credit,466000.0,416600.0,LIQ-000309,Manual review,0.0,466000.0,0.4021581730305423,Very high,453650.0,453650.0,118585.3858769486,118585.3858769486,0.0,0.0,Reported delinquency | Manual review required,"{""automatic_increases_enabled"": true, ""within_maximum_increase"": true, ""within_account_exposure"": true, ""within_expected_loss_ceiling"": false, ""meets_profitability_hurdle"": false, ""payment_history_eligible"": false, ""not_overextended"": true}",credit_age_months | credit_lines | debt_to_income | income_inr
0,0.26865888101824076,,,,,asia,taiwan_credit,157000.0,42200.0,LIQ-000310,No change,0.0,157000.0,0.06556805526914398,Moderate,128300.0,128300.0,5468.047969170263,5468.047969170263,0.0,0.0,No reported delinquency in the harmonized source fields | Exposure limit reached,"{""automatic_increases_enabled"": true, ""within_maximum_increase"": true, ""within_account_exposure"": true, ""within_expected_loss_ceiling"": true, ""meets_profitability_hurdle"": false, ""payment_history_eligible"": true, ""not_overextended"": true}",credit_age_months | credit_lines | debt_to_income | income_inr
0,0.8654017689128959,,,,,asia,taiwan_credit,525000.0,454300.0,LIQ-000311,Increase 30%,0.3,682500.0,0.13710775366716862,Moderate,507325.0,625450.0,45212.82423397761,55740.12894523491,37697.809032194884,0.3191348912778403,No reported delinquency in the harmonized source fields | High utilization with low estimated risk,"{""automatic_increases_enabled"": true, ""within_maximum_increase"": true, ""within_account_exposure"": true, ""within_expected_loss_ceiling"": true, ""meets_profitability_hurdle"": true, ""payment_history_eligible"": true, ""not_overextended"": true}",credit_age_months | credit_lines | debt_to_income | income_inr
1,0.35142712365927603,,,,,asia,taiwan_credit,253000.0,88900.0,LIQ-000312,Manual review,0.0,253000.0,0.31368931960687124,Very high,211975.0,211975.0,43221.290790383246,43221.290790383246,0.0,0.0,Reported delinquency | Manual review required,"{""automatic_increases_enabled"": true, ""within_maximum_increase"": true, ""within_account_exposure"": true, ""within_expected_loss_ceiling"": false, ""meets_profitability_hurdle"": false, ""payment_history_eligible"": false, ""not_overextended"": true}",credit_age_months | credit_lines | debt_to_income | income_inr
1,0.6204153280288459,,,,,asia,taiwan_credit,173000.0,107300.0,LIQ-000313,Manual review,0.0,173000.0,0.33304401321869637,Very high,156575.0,156575.0,33895.1381403163,33895.1381403163,0.0,0.0,Reported delinquency | Manual review required,"{""automatic_increases_enabled"": true, ""within_maximum_increase"": true, ""within_account_exposure"": true, ""within_expected_loss_ceiling"": false, ""meets_profitability_hurdle"": false, ""payment_history_eligible"": false, ""not_overextended"": true}",credit_age_months | credit_lines | debt_to_income | income_inr
0,0.6746927210449978,,,,,asia,taiwan_credit,290000.0,195700.0,LIQ-000314,No change,0.0,290000.0,0.11258142348426615,Moderate,266425.0,266425.0,19496.428738667146,19496.428738667146,0.0,0.0,No reported delinquency in the harmonized source fields | High utilization with low estimated risk | Exposure limit reached,"{""automatic_increases_enabled"": true, ""within_maximum_increase"": true, ""within_account_exposure"": true, ""within_expected_loss_ceiling"": true, ""meets_profitability_hurdle"": false, ""payment_history_eligible"": true, ""not_overextended"": true}",credit_age_months | credit_lines | debt_to_income | income_inr
0,0.4366371007373636,,,,,asia,taiwan_credit,259000.0,113100.0,LIQ-000315,No change,0.0,259000.0,0.08516958900453168,Moderate,222525.0,222525.0,12319.03581560172,12319.03581560172,0.0,0.0,No reported delinquency in the harmonized source fields | Exposure limit reached,"{""automatic_increases_enabled"": true, ""within_maximum_increase"": true, ""within_account_exposure"": true, ""within_expected_loss_ceiling"": true, ""meets_profitability_hurdle"": false, ""payment_history_eligible"": true, ""not_overextended"": true}",credit_age_months | credit_lines | debt_to_income | income_inr
0,0.5309263903721134,,,,,asia,taiwan_credit,283000.0,150300.0,LIQ-000316,No change,0.0,283000.0,0.08962827602182603,Moderate,249825.0,249825.0,14554.399637149249,14554.399637149249,0.0,0.0,No reported delinquency in the harmonized source fields | Exposure limit reached,"{""automatic_increases_enabled"": true, ""within_maximum_increase"": true, ""within_account_exposure"": true, ""within_expected_loss_ceiling"": true, ""meets_profitability_hurdle"": false, ""payment_history_eligible"": true, ""not_overextended"": true}",credit_age_months | credit_lines | debt_to_income | income_inr
0,0.3708204775406441,,,,,asia,taiwan_credit,649000.0,240700.0,LIQ-000317,No change,0.0,649000.0,0.0774889191905499,Moderate,546925.0,546925.0,27547.40763338948,27547.40763338948,0.0,0.0,No reported delinquency in the harmonized source fields | Exposure limit reached,"{""automatic_increases_enabled"": true, ""within_maximum_increase"": true, ""within_account_exposure"": true, ""within_expected_loss_ceiling"": true, ""meets_profitability_hurdle"": false, ""payment_history_eligible"": true, ""not_overextended"": true}",credit_age_months | credit_lines | debt_to_income | income_inr
1,0.8211930810619971,,,,,asia,taiwan_credit,210000.0,172500.0,LIQ-000318,Manual review,0.0,210000.0,0.3087419324809964,Very high,200625.0,200625.0,40261.87763259994,40261.87763259994,0.0,0.0,Reported delinquency | Manual review required,"{""automatic_increases_enabled"": true, ""within_maximum_increase"": true, ""within_account_exposure"": true, ""within_expected_loss_ceiling"": false, ""meets_profitability_hurdle"": false, ""payment_history_eligible"": false, ""not_overextended"": true}",credit_age_months | credit_lines | debt_to_income | income_inr
1,0.2781229687855673,,,,,asia,taiwan_credit,1081000.0,300700.0,LIQ-000319,Manual review,0.0,1081000.0,0.2816692676923907,High,885925.0,885925.0,162199.5998872478,162199.5998872478,0.0,0.0,Reported delinquency | Manual review required,"{""automatic_increases_enabled"": true, ""within_maximum_increase"": true, ""within_account_exposure"": true, ""within_expected_loss_ceiling"": false, ""meets_profitability_hurdle"": false, ""payment_history_eligible"": false, ""not_overextended"": true}",credit_age_months | credit_lines | debt_to_income | income_inr
2,0.13211756893033857,,,,,asia,taiwan_credit,148000.0,19600.0,LIQ-000320,Freeze automatic increases,0.0,148000.0,0.31571202044512764,Very high,115900.0,115900.0,23784.165060233692,23784.165060233692,0.0,0.0,Repeated delinquency,"{""automatic_increases_enabled"": true, ""within_maximum_increase"": true, ""within_account_exposure"": true, ""within_expected_loss_ceiling"": false, ""meets_profitability_hurdle"": false, ""payment_history_eligible"": false, ""not_overextended"": true}",credit_age_months | credit_lines | debt_to_income | income_inr
0,0.8651566071179164,,,,,asia,taiwan_credit,1000000.0,865200.0,LIQ-000321,Increase 30%,0.3,1300000.0,0.13710775366716862,Moderate,966300.0,1191300.0,86116.69453958029,106168.7035134037,71937.62619806551,0.3197227831025134,No reported delinquency in the harmonized source fields | High utilization with low estimated risk,"{""automatic_increases_enabled"": true, ""within_maximum_increase"": true, ""within_account_exposure"": true, ""within_expected_loss_ceiling"": true, ""meets_profitability_hurdle"": true, ""payment_history_eligible"": true, ""not_overextended"": true}",credit_age_months | credit_lines | debt_to_income | income_inr
1,0.6072387631067242,,,,,asia,taiwan_credit,181000.0,109900.0,LIQ-000322,Manual review,0.0,181000.0,0.32124426954279334,Very high,163225.0,163225.0,34082.81233247959,34082.81233247959,0.0,0.0,Reported delinquency | Manual review required,"{""automatic_increases_enabled"": true, ""within_maximum_increase"": true, ""within_account_exposure"": true, ""within_expected_loss_ceiling"": false, ""meets_profitability_hurdle"": false, ""payment_history_eligible"": false, ""not_overextended"": true}",credit_age_months | credit_lines | debt_to_income | income_inr
0,0.3785326670762397,,,,,asia,taiwan_credit,350000.0,132500.0,LIQ-000323,No change,0.0,350000.0,0.0753745722583789,Moderate,295625.0,295625.0,14483.695150524121,14483.695150524121,0.0,0.0,No reported delinquency in the harmonized source fields | Exposure limit reached,"{""automatic_increases_enabled"": true, ""within_maximum_increase"": true, ""within_account_exposure"": true, ""within_expected_loss_ceiling"": true, ""meets_profitability_hurdle"": false, ""payment_history_eligible"": true, ""not_overextended"": true}",credit_age_months | credit_lines | debt_to_income | income_inr
0,0.5621980958315026,,,,,asia,taiwan_credit,255000.0,143400.0,LIQ-000324,No change,0.0,255000.0,0.08711596043527224,Moderate,227100.0,227100.0,12859.622499652713,12859.622499652713,0.0,0.0,No reported delinquency in the harmonized source fields | Exposure limit reached,"{""automatic_increases_enabled"": true, ""within_maximum_increase"": true, ""within_account_exposure"": true, ""within_expected_loss_ceiling"": true, ""meets_profitability_hurdle"": false, ""payment_history_eligible"": true, ""not_overextended"": true}",credit_age_months | credit_lines | debt_to_income | income_inr
0,0.6233616946945472,,,,,asia,taiwan_credit,280000.0,174500.0,LIQ-000325,No change,0.0,280000.0,0.09451349205903499,Moderate,253625.0,253625.0,15581.139875257288,15581.139875257288,0.0,0.0,No reported delinquency in the harmonized source fields | Exposure limit reached,"{""automatic_increases_enabled"": true, ""within_maximum_increase"": true, ""within_account_exposure"": true, ""within_expected_loss_ceiling"": true, ""meets_profitability_hurdle"": false, ""payment_history_eligible"": true, ""not_overextended"": true}",credit_age_months | credit_lines | debt_to_income | income_inr
1,0.4215486710330511,,,,,asia,taiwan_credit,589000.0,248300.0,LIQ-000326,Manual review,0.0,589000.0,0.32216460564488014,Very high,503825.0,503825.0,105504.47858537063,105504.47858537063,0.0,0.0,Reported delinquency | Manual review required,"{""automatic_increases_enabled"": true, ""within_maximum_increase"": true, ""within_account_exposure"": true, ""within_expected_loss_ceiling"": false, ""meets_profitability_hurdle"": false, ""payment_history_eligible"": false, ""not_overextended"": true}",credit_age_months | credit_lines | debt_to_income | income_inr
1,0.7028427013521565,,,,,asia,taiwan_credit,928000.0,652200.0,LIQ-000327,Manual review,0.0,928000.0,0.3547047913014613,Very high,859050.0,859050.0,198060.94812888824,198060.94812888824,0.0,0.0,Reported delinquency | Manual review required,"{""automatic_increases_enabled"": true, ""within_maximum_increase"": true, ""within_account_exposure"": true, ""within_expected_loss_ceiling"": false, ""meets_profitability_hurdle"": false, ""payment_history_eligible"": false, ""not_overextended"": true}",credit_age_months | credit_lines | debt_to_income | income_inr
1,0.4488931049394431,,,,,asia,taiwan_credit,759000.0,340700.0,LIQ-000328,Manual review,0.0,759000.0,0.3266442694406934,Very high,654425.0,654425.0,138946.71441867176,138946.71441867176,0.0,0.0,Reported delinquency | Manual review required,"{""automatic_increases_enabled"": true, ""within_maximum_increase"": true, ""within_account_exposure"": true, ""within_expected_loss_ceiling"": false, ""meets_profitability_hurdle"": false, ""payment_history_eligible"": false, ""not_overextended"": true}",credit_age_months | credit_lines | debt_to_income | income_inr
0,0.3181641845793743,,,,,asia,taiwan_credit,269000.0,85600.0,LIQ-000329,No change,0.0,269000.0,0.07463037778134031,Moderate,223150.0,223150.0,10824.949721238958,10824.949721238958,0.0,0.0,No reported delinquency in the harmonized source fields | Exposure limit reached,"{""automatic_increases_enabled"": true, ""within_maximum_increase"": true, ""within_account_exposure"": true, ""within_expected_loss_ceiling"": true, ""meets_profitability_hurdle"": false, ""payment_history_eligible"": true, ""not_overextended"": true}",credit_age_months | credit_lines | debt_to_income | income_inr
1,0.58725849380213,,,,,asia,taiwan_credit,395000.0,232000.0,LIQ-000330,Manual review,0.0,395000.0,0.3174929711305808,Very high,354250.0,354250.0,73106.72526495537,73106.72526495537,0.0,0.0,Reported delinquency | Manual review required,"{""automatic_increases_enabled"": true, ""within_maximum_increase"": true, ""within_account_exposure"": true, ""within_expected_loss_ceiling"": false, ""meets_profitability_hurdle"": false, ""payment_history_eligible"": false, ""not_overextended"": true}",credit_age_months | credit_lines | debt_to_income | income_inr
0,0.38584537226874704,,,,,asia,taiwan_credit,211000.0,81400.0,LIQ-000331,No change,0.0,211000.0,0.0753745722583789,Moderate,178600.0,178600.0,8750.234093475206,8750.234093475206,0.0,0.0,No reported delinquency in the harmonized source fields | Exposure limit reached,"{""automatic_increases_enabled"": true, ""within_maximum_increase"": true, ""within_account_exposure"": true, ""within_expected_loss_ceiling"": true, ""meets_profitability_hurdle"": false, ""payment_history_eligible"": true, ""not_overextended"": true}",credit_age_months | credit_lines | debt_to_income | income_inr
0,0.03322738550217813,,,,,asia,taiwan_credit,184000.0,6100.0,LIQ-000332,No change,0.0,184000.0,0.09241949805154091,Moderate,139525.0,139525.0,8381.63980266681,8381.63980266681,0.0,0.0,No reported delinquency in the harmonized source fields | Low utilization provides no evidence of additional need | Incremental return below profitability hurdle,"{""automatic_increases_enabled"": true, ""within_maximum_increase"": true, ""within_account_exposure"": true, ""within_expected_loss_ceiling"": true, ""meets_profitability_hurdle"": false, ""payment_history_eligible"": true, ""not_overextended"": true}",credit_age_months | credit_lines | debt_to_income | income_inr
0,0.7749201063925002,,,,,asia,taiwan_credit,166000.0,128600.0,LIQ-000333,No change,0.0,166000.0,0.12273752595832339,Moderate,156650.0,156650.0,12497.441736891384,12497.441736891384,0.0,0.0,No reported delinquency in the harmonized source fields | High utilization with low estimated risk | Exposure limit reached,"{""automatic_increases_enabled"": true, ""within_maximum_increase"": true, ""within_account_exposure"": true, ""within_expected_loss_ceiling"": true, ""meets_profitability_hurdle"": false, ""payment_history_eligible"": true, ""not_overextended"": true}",credit_age_months | credit_lines | debt_to_income | income_inr
0,0.7828660227385649,,,,,asia,taiwan_credit,263000.0,205900.0,LIQ-000334,No change,0.0,263000.0,0.13173933514049221,Moderate,248725.0,248725.0,21298.462986332303,21298.462986332303,0.0,0.0,No reported delinquency in the harmonized source fields | High utilization with low estimated risk | Exposure limit reached,"{""automatic_increases_enabled"": true, ""within_maximum_increase"": true, ""within_account_exposure"": true, ""within_expected_loss_ceiling"": true, ""meets_profitability_hurdle"": false, ""payment_history_eligible"": true, ""not_overextended"": true}",credit_age_months | credit_lines | debt_to_income | income_inr
1,0.7237381794578434,,,,,asia,taiwan_credit,412000.0,298200.0,LIQ-000335,Manual review,0.0,412000.0,0.3268105007354777,Very high,383550.0,383550.0,81476.30891211011,81476.30891211011,0.0,0.0,Reported delinquency | Manual review required,"{""automatic_increases_enabled"": true, ""within_maximum_increase"": true, ""within_account_exposure"": true, ""within_expected_loss_ceiling"": false, ""meets_profitability_hurdle"": false, ""payment_history_eligible"": false, ""not_overextended"": true}",credit_age_months | credit_lines | debt_to_income | income_inr
0,0.35670765283462247,,,,,asia,taiwan_credit,101000.0,36000.0,LIQ-000336,No change,0.0,101000.0,0.07264242638855538,Moderate,84750.0,84750.0,4001.6896636795445,4001.6896636795445,0.0,0.0,No reported delinquency in the harmonized source fields | Exposure limit reached,"{""automatic_increases_enabled"": true, ""within_maximum_increase"": true, ""within_account_exposure"": true, ""within_expected_loss_ceiling"": true, ""meets_profitability_hurdle"": false, ""payment_history_eligible"": true, ""not_overextended"": true}",credit_age_months | credit_lines | debt_to_income | income_inr
0,0.5476686073924171,,,,,asia,taiwan_credit,340000.0,186200.0,LIQ-000337,No change,0.0,340000.0,0.08480671158901683,Moderate,301550.0,301550.0,16622.751521784216,16622.751521784216,0.0,0.0,No reported delinquency in the harmonized source fields | Exposure limit reached,"{""automatic_increases_enabled"": true, ""within_maximum_increase"": true, ""within_account_exposure"": true, ""within_expected_loss_ceiling"": true, ""meets_profitability_hurdle"": false, ""payment_history_eligible"": true, ""not_overextended"": true}",credit_age_months | credit_lines | debt_to_income | income_inr
0,0.2269292370430467,,,,,asia,taiwan_credit,938000.0,212900.0,LIQ-000338,No change,0.0,938000.0,0.08026424038307127,Moderate,756725.0,756725.0,39479.67224752175,39479.67224752175,0.0,0.0,No reported delinquency in the harmonized source fields | Exposure limit reached,"{""automatic_increases_enabled"": true, ""within_maximum_increase"": true, ""within_account_exposure"": true, ""within_expected_loss_ceiling"": true, ""meets_profitability_hurdle"": false, ""payment_history_eligible"": true, ""not_overextended"": true}",credit_age_months | credit_lines | debt_to_income | income_inr
1,0.4652300356119572,,,,,asia,taiwan_credit,726000.0,337800.0,LIQ-000339,Manual review,0.0,726000.0,0.3239248124523379,Very high,628950.0,628950.0,132426.13201473365,132426.13201473365,0.0,0.0,Reported delinquency | Manual review required,"{""automatic_increases_enabled"": true, ""within_maximum_increase"": true, ""within_account_exposure"": true, ""within_expected_loss_ceiling"": false, ""meets_profitability_hurdle"": false, ""payment_history_eligible"": false, ""not_overextended"": true}",credit_age_months | credit_lines | debt_to_income | income_inr
1,0.463206812317462,,,,,asia,taiwan_credit,239000.0,110700.0,LIQ-000340,Manual review,0.0,239000.0,0.3239248124523379,Very high,206925.0,206925.0,43568.29218085501,43568.29218085501,0.0,0.0,Reported delinquency | Manual review required,"{""automatic_increases_enabled"": true, ""within_maximum_increase"": true, ""within_account_exposure"": true, ""within_expected_loss_ceiling"": false, ""meets_profitability_hurdle"": false, ""payment_history_eligible"": false, ""not_overextended"": true}",credit_age_months | credit_lines | debt_to_income | income_inr
0,0.8227429320599173,,,,,asia,taiwan_credit,141000.0,116000.0,LIQ-000341,No change,0.0,141000.0,0.1311552128043488,Moderate,134750.0,134750.0,11487.5572015009,11487.5572015009,0.0,0.0,No reported delinquency in the harmonized source fields | High utilization with low estimated risk | Exposure limit reached,"{""automatic_increases_enabled"": true, ""within_maximum_increase"": true, ""within_account_exposure"": true, ""within_expected_loss_ceiling"": true, ""meets_profitability_hurdle"": false, ""payment_history_eligible"": true, ""not_overextended"": true}",credit_age_months | credit_lines | debt_to_income | income_inr
0,0.07766215394464139,,,,,asia,taiwan_credit,472000.0,36700.0,LIQ-000342,No change,0.0,472000.0,0.07474433347356034,Moderate,363175.0,363175.0,17644.42765101918,17644.42765101918,0.0,0.0,No reported delinquency in the harmonized source fields | Low utilization provides no evidence of additional need | Incremental return below profitability hurdle,"{""automatic_increases_enabled"": true, ""within_maximum_increase"": true, ""within_account_exposure"": true, ""within_expected_loss_ceiling"": true, ""meets_profitability_hurdle"": false, ""payment_history_eligible"": true, ""not_overextended"": true}",credit_age_months | credit_lines | debt_to_income | income_inr
1,0.9299455036202341,,,,,asia,taiwan_credit,78000.0,72500.0,LIQ-000343,Manual review,0.0,78000.0,0.3609430988851774,Very high,76625.0,76625.0,17977.222218849867,17977.222218849867,0.0,0.0,Reported delinquency | Manual review required,"{""automatic_increases_enabled"": true, ""within_maximum_increase"": true, ""within_account_exposure"": true, ""within_expected_loss_ceiling"": false, ""meets_profitability_hurdle"": false, ""payment_history_eligible"": false, ""not_overextended"": true}",credit_age_months | credit_lines | debt_to_income | income_inr
0,0.6474219172636034,,,,,asia,taiwan_credit,720000.0,466100.0,LIQ-000344,Increase 30%,0.3,936000.0,0.10742653511030126,Moderate,656525.0,818525.0,45843.333876138844,57155.348023253566,35314.76102369785,0.21799235199813488,No reported delinquency in the harmonized source fields,"{""automatic_increases_enabled"": true, ""within_maximum_increase"": true, ""within_account_exposure"": true, ""within_expected_loss_ceiling"": true, ""meets_profitability_hurdle"": true, ""payment_history_eligible"": true, ""not_overextended"": true}",credit_age_months | credit_lines | debt_to_income | income_inr
0,0.5201209808588667,,,,,asia,taiwan_credit,305000.0,158600.0,LIQ-000345,No change,0.0,305000.0,0.08234712963836745,Moderate,268400.0,268400.0,14366.280236709586,14366.280236709586,0.0,0.0,No reported delinquency in the harmonized source fields | Exposure limit reached,"{""automatic_increases_enabled"": true, ""within_maximum_increase"": true, ""within_account_exposure"": true, ""within_expected_loss_ceiling"": true, ""meets_profitability_hurdle"": false, ""payment_history_eligible"": true, ""not_overextended"": true}",credit_age_months | credit_lines | debt_to_income | income_inr
0,0.8122202070696264,,,,,asia,taiwan_credit,1151000.0,934900.0,LIQ-000346,Increase 30%,0.3,1496300.0,0.13399787456498716,Moderate,1096975.0,1355950.0,95545.0069931024,118101.37171065631,75750.50255542091,0.29250121654762395,No reported delinquency in the harmonized source fields | High utilization with low estimated risk,"{""automatic_increases_enabled"": true, ""within_maximum_increase"": true, ""within_account_exposure"": true, ""within_expected_loss_ceiling"": true, ""meets_profitability_hurdle"": true, ""payment_history_eligible"": true, ""not_overextended"": true}",credit_age_months | credit_lines | debt_to_income | income_inr
1,0.7930519392199754,,,,,asia,taiwan_credit,114000.0,90400.0,LIQ-000347,Manual review,0.0,114000.0,0.32811034529311955,Very high,108100.0,108100.0,23054.673412021046,23054.673412021046,0.0,0.0,Reported delinquency | Manual review required,"{""automatic_increases_enabled"": true, ""within_maximum_increase"": true, ""within_account_exposure"": true, ""within_expected_loss_ceiling"": false, ""meets_profitability_hurdle"": false, ""payment_history_eligible"": false, ""not_overextended"": true}",credit_age_months | credit_lines | debt_to_income | income_inr
0,0.4465927780492755,,,,,asia,taiwan_credit,636000.0,284000.0,LIQ-000348,No change,0.0,636000.0,0.08632687031535953,Moderate,548000.0,548000.0,30749.631206331065,30749.631206331065,0.0,0.0,No reported delinquency in the harmonized source fields | Exposure limit reached,"{""automatic_increases_enabled"": true, ""within_maximum_increase"": true, ""within_account_exposure"": true, ""within_expected_loss_ceiling"": true, ""meets_profitability_hurdle"": false, ""payment_history_eligible"": true, ""not_overextended"": true}",credit_age_months | credit_lines | debt_to_income | income_inr
0,0.8598162973870096,,,,,asia,taiwan_credit,328000.0,282000.0,LIQ-000349,Increase 30%,0.3,426400.0,0.13710775366716862,Moderate,316500.0,390300.0,28206.49262317827,34783.551566592345,23256.084115612157,0.3151230909974547,No reported delinquency in the harmonized source fields | High utilization with low estimated risk,"{""automatic_increases_enabled"": true, ""within_maximum_increase"": true, ""within_account_exposure"": true, ""within_expected_loss_ceiling"": true, ""meets_profitability_hurdle"": true, ""payment_history_eligible"": true, ""not_overextended"": true}",credit_age_months | credit_lines | debt_to_income | income_inr
0,0.5892426090860441,,,,,asia,taiwan_credit,282000.0,166200.0,LIQ-000350,No change,0.0,282000.0,0.10840032671474488,Moderate,253050.0,253050.0,17829.956738858025,17829.956738858025,0.0,0.0,No reported delinquency in the harmonized source fields | Exposure limit reached,"{""automatic_increases_enabled"": true, ""within_maximum_increase"": true, ""within_account_exposure"": true, ""within_expected_loss_ceiling"": true, ""meets_profitability_hurdle"": false, ""payment_history_eligible"": true, ""not_overextended"": true}",credit_age_months | credit_lines | debt_to_income | income_inr
0,0.5757687488393955,,,,,asia,taiwan_credit,144000.0,82900.0,LIQ-000351,No change,0.0,144000.0,0.09958469167168506,Moderate,128725.0,128725.0,8332.375633034479,8332.375633034479,0.0,0.0,No reported delinquency in the harmonized source fields | Exposure limit reached,"{""automatic_increases_enabled"": true, ""within_maximum_increase"": true, ""within_account_exposure"": true, ""within_expected_loss_ceiling"": true, ""meets_profitability_hurdle"": false, ""payment_history_eligible"": true, ""not_overextended"": true}",credit_age_months | credit_lines | debt_to_income | income_inr
0,1.1292290831860536,,,,,asia,taiwan_credit,516000.0,582700.0,LIQ-000352,Manual review,0.0,516000.0,0.19613037377187448,High,516000.0,516000.0,65782.12736308669,65782.12736308669,0.0,0.0,Customer-overextension safeguard | Manual review required,"{""automatic_increases_enabled"": true, ""within_maximum_increase"": true, ""within_account_exposure"": true, ""within_expected_loss_ceiling"": false, ""meets_profitability_hurdle"": false, ""payment_history_eligible"": true, ""not_overextended"": false}",credit_age_months | credit_lines | debt_to_income | income_inr
0,1.059217501169435,,,,,asia,taiwan_credit,543000.0,575200.0,LIQ-000353,No change,0.0,543000.0,0.1869573259929914,High,543000.0,543000.0,65986.5882092263,65986.5882092263,0.0,0.0,No reported delinquency in the harmonized source fields | Expected loss exceeds policy ceiling,"{""automatic_increases_enabled"": true, ""within_maximum_increase"": true, ""within_account_exposure"": true, ""within_expected_loss_ceiling"": false, ""meets_profitability_hurdle"": false, ""payment_history_eligible"": true, ""not_overextended"": true}",credit_age_months | credit_lines | debt_to_income | income_inr
0,1.0789335507908766,,,,,asia,taiwan_credit,1117000.0,1205200.0,LIQ-000354,No change,0.0,1117000.0,0.1869573259929914,High,1117000.0,1117000.0,135740.3665372114,135740.3665372114,0.0,0.0,No reported delinquency in the harmonized source fields | Expected loss exceeds policy ceiling,"{""automatic_increases_enabled"": true, ""within_maximum_increase"": true, ""within_account_exposure"": true, ""within_expected_loss_ceiling"": false, ""meets_profitability_hurdle"": false, ""payment_history_eligible"": true, ""not_overextended"": true}",credit_age_months | credit_lines | debt_to_income | income_inr
0,0.301384121479413,,,,,asia,taiwan_credit,674000.0,203100.0,LIQ-000355,No change,0.0,674000.0,0.07302105127930013,Moderate,556275.0,556275.0,26402.86044525524,26402.86044525524,0.0,0.0,No reported delinquency in the harmonized source fields | Exposure limit reached,"{""automatic_increases_enabled"": true, ""within_maximum_increase"": true, ""within_account_exposure"": true, ""within_expected_loss_ceiling"": true, ""meets_profitability_hurdle"": false, ""payment_history_eligible"": true, ""not_overextended"": true}",credit_age_months | credit_lines | debt_to_income | income_inr
0,0.8252520583417322,,,,,asia,taiwan_credit,238000.0,196400.0,LIQ-000356,No change,0.0,238000.0,0.1311552128043488,Moderate,227600.0,227600.0,19403.10218227536,19403.10218227536,0.0,0.0,No reported delinquency in the harmonized source fields | High utilization with low estimated risk | Exposure limit reached,"{""automatic_increases_enabled"": true, ""within_maximum_increase"": true, ""within_account_exposure"": true, ""within_expected_loss_ceiling"": true, ""meets_profitability_hurdle"": false, ""payment_history_eligible"": true, ""not_overextended"": true}",credit_age_months | credit_lines | debt_to_income | income_inr
0,0.7393859155439585,,,,,asia,taiwan_credit,182000.0,134600.0,LIQ-000357,No change,0.0,182000.0,0.10445677510176377,Moderate,170150.0,170150.0,11552.658184317319,11552.658184317319,0.0,0.0,No reported delinquency in the harmonized source fields | High utilization with low estimated risk | Exposure limit reached,"{""automatic_increases_enabled"": true, ""within_maximum_increase"": true, ""within_account_exposure"": true, ""within_expected_loss_ceiling"": true, ""meets_profitability_hurdle"": false, ""payment_history_eligible"": true, ""not_overextended"": true}",credit_age_months | credit_lines | debt_to_income | income_inr
0,0.5352742244883809,,,,,asia,taiwan_credit,144000.0,77100.0,LIQ-000358,No change,0.0,144000.0,0.09300480011477723,Moderate,127275.0,127275.0,7694.170857495377,7694.170857495377,0.0,0.0,No reported delinquency in the harmonized source fields | Exposure limit reached,"{""automatic_increases_enabled"": true, ""within_maximum_increase"": true, ""within_account_exposure"": true, ""within_expected_loss_ceiling"": true, ""meets_profitability_hurdle"": false, ""payment_history_eligible"": true, ""not_overextended"": true}",credit_age_months | credit_lines | debt_to_income | income_inr
0,0.3890111021108288,,,,,asia,taiwan_credit,912000.0,354800.0,LIQ-000359,Increase 30%,0.3,1185600.0,0.0753745722583789,Moderate,772700.0,977900.0,37857.2557896321,47910.716237454675,19657.562880279387,0.09579709005984106,No reported delinquency in the harmonized source fields,"{""automatic_increases_enabled"": true, ""within_maximum_increase"": true, ""within_account_exposure"": true, ""within_expected_loss_ceiling"": true, ""meets_profitability_hurdle"": true, ""payment_history_eligible"": true, ""not_overextended"": true}",credit_age_months | credit_lines | debt_to_income | income_inr
0,0.21653376301308683,,,,,asia,taiwan_credit,211000.0,45700.0,LIQ-000360,No change,0.0,211000.0,0.07036472565222679,Moderate,169675.0,169675.0,7760.437636277028,7760.437636277028,0.0,0.0,No reported delinquency in the harmonized source fields | Incremental return below profitability hurdle,"{""automatic_increases_enabled"": true, ""within_maximum_increase"": true, ""within_account_exposure"": true, ""within_expected_loss_ceiling"": true, ""meets_profitability_hurdle"": false, ""payment_history_eligible"": true, ""not_overextended"": true}",credit_age_months | credit_lines | debt_to_income | income_inr
0,0.6392324625310719,,,,,asia,taiwan_credit,916000.0,585500.0,LIQ-000361,Increase 30%,0.3,1190800.0,0.11213565824520577,Moderate,833375.0,1039475.0,60743.18522356394,75765.43868038293,43410.623899712344,0.21062893692242768,No reported delinquency in the harmonized source fields,"{""automatic_increases_enabled"": true, ""within_maximum_increase"": true, ""within_account_exposure"": true, ""within_expected_loss_ceiling"": true, ""meets_profitability_hurdle"": true, ""payment_history_eligible"": true, ""not_overextended"": true}",credit_age_months | credit_lines | debt_to_income | income_inr
0,0.7153373425852646,,,,,asia,taiwan_credit,492000.0,351900.0,LIQ-000362,Increase 30%,0.3,639600.0,0.10836577022598959,Moderate,456975.0,567675.0,32188.291101864037,39985.75009847512,28175.281619519184,0.25451925582221485,No reported delinquency in the harmonized source fields | High utilization with low estimated risk,"{""automatic_increases_enabled"": true, ""within_maximum_increase"": true, ""within_account_exposure"": true, ""within_expected_loss_ceiling"": true, ""meets_profitability_hurdle"": true, ""payment_history_eligible"": true, ""not_overextended"": true}",credit_age_months | credit_lines | debt_to_income | income_inr
0,0.5893615180775604,,,,,asia,taiwan_credit,434000.0,255800.0,LIQ-000363,Increase 30%,0.3,564200.0,0.10840032671474488,Moderate,389450.0,487100.0,27440.729705387308,34321.16944278895,18010.419064606136,0.1844384952852651,No reported delinquency in the harmonized source fields,"{""automatic_increases_enabled"": true, ""within_maximum_increase"": true, ""within_account_exposure"": true, ""within_expected_loss_ceiling"": true, ""meets_profitability_hurdle"": true, ""payment_history_eligible"": true, ""not_overextended"": true}",credit_age_months | credit_lines | debt_to_income | income_inr
0,0.5369904202576108,,,,,asia,taiwan_credit,287000.0,154100.0,LIQ-000364,No change,0.0,287000.0,0.09300480011477723,Moderate,253775.0,253775.0,15341.490546932935,15341.490546932935,0.0,0.0,No reported delinquency in the harmonized source fields | Exposure limit reached,"{""automatic_increases_enabled"": true, ""within_maximum_increase"": true, ""within_account_exposure"": true, ""within_expected_loss_ceiling"": true, ""meets_profitability_hurdle"": false, ""payment_history_eligible"": true, ""not_overextended"": true}",credit_age_months | credit_lines | debt_to_income | income_inr
0,0.4447926462695928,,,,,asia,taiwan_credit,538000.0,239300.0,LIQ-000365,No change,0.0,538000.0,0.08632687031535953,Moderate,463325.0,463325.0,25998.30817276157,25998.30817276157,0.0,0.0,No reported delinquency in the harmonized source fields | Exposure limit reached,"{""automatic_increases_enabled"": true, ""within_maximum_increase"": true, ""within_account_exposure"": true, ""within_expected_loss_ceiling"": true, ""meets_profitability_hurdle"": false, ""payment_history_eligible"": true, ""not_overextended"": true}",credit_age_months | credit_lines | debt_to_income | income_inr
0,0.36144867733075703,,,,,asia,taiwan_credit,346000.0,125100.0,LIQ-000366,No change,0.0,346000.0,0.07264242638855538,Moderate,290775.0,290775.0,13729.690996535923,13729.690996535923,0.0,0.0,No reported delinquency in the harmonized source fields | Exposure limit reached,"{""automatic_increases_enabled"": true, ""within_maximum_increase"": true, ""within_account_exposure"": true, ""within_expected_loss_ceiling"": true, ""meets_profitability_hurdle"": false, ""payment_history_eligible"": true, ""not_overextended"": true}",credit_age_months | credit_lines | debt_to_income | income_inr
0,0.38022363470211284,,,,,asia,taiwan_credit,275000.0,104600.0,LIQ-000367,No change,0.0,275000.0,0.0753745722583789,Moderate,232400.0,232400.0,11386.082885350717,11386.082885350717,0.0,0.0,No reported delinquency in the harmonized source fields | Exposure limit reached,"{""automatic_increases_enabled"": true, ""within_maximum_increase"": true, ""within_account_exposure"": true, ""within_expected_loss_ceiling"": true, ""meets_profitability_hurdle"": false, ""payment_history_eligible"": true, ""not_overextended"": true}",credit_age_months | credit_lines | debt_to_income | income_inr
0,0.46501962030712835,,,,,asia,taiwan_credit,550000.0,255800.0,LIQ-000368,No change,0.0,550000.0,0.08451901176507008,Moderate,476450.0,476450.0,26174.904051053967,26174.904051053967,0.0,0.0,No reported delinquency in the harmonized source fields | Exposure limit reached,"{""automatic_increases_enabled"": true, ""within_maximum_increase"": true, ""within_account_exposure"": true, ""within_expected_loss_ceiling"": true, ""meets_profitability_hurdle"": false, ""payment_history_eligible"": true, ""not_overextended"": true}",credit_age_months | credit_lines | debt_to_income | income_inr
0,0.6214266267031655,,,,,asia,taiwan_credit,319000.0,198200.0,LIQ-000369,No change,0.0,319000.0,0.09451349205903499,Moderate,288800.0,288800.0,17742.072729322048,17742.072729322048,0.0,0.0,No reported delinquency in the harmonized source fields | Exposure limit reached,"{""automatic_increases_enabled"": true, ""within_maximum_increase"": true, ""within_account_exposure"": true, ""within_expected_loss_ceiling"": true, ""meets_profitability_hurdle"": false, ""payment_history_eligible"": true, ""not_overextended"": true}",credit_age_months | credit_lines | debt_to_income | income_inr
0,0.876949422489242,,,,,asia,taiwan_credit,208000.0,182400.0,LIQ-000370,No change,0.0,208000.0,0.14642042254009177,Moderate,201600.0,201600.0,19186.932169653624,19186.932169653624,0.0,0.0,No reported delinquency in the harmonized source fields | High utilization with low estimated risk | Exposure limit reached,"{""automatic_increases_enabled"": true, ""within_maximum_increase"": true, ""within_account_exposure"": true, ""within_expected_loss_ceiling"": true, ""meets_profitability_hurdle"": false, ""payment_history_eligible"": true, ""not_overextended"": true}",credit_age_months | credit_lines | debt_to_income | income_inr
0,0.4830482828688062,,,,,asia,taiwan_credit,517000.0,249700.0,LIQ-000371,No change,0.0,517000.0,0.10071971691843155,Moderate,450175.0,450175.0,29471.9740664407,29471.9740664407,0.0,0.0,No reported delinquency in the harmonized source fields | Exposure limit reached,"{""automatic_increases_enabled"": true, ""within_maximum_increase"": true, ""within_account_exposure"": true, ""within_expected_loss_ceiling"": true, ""meets_profitability_hurdle"": false, ""payment_history_eligible"": true, ""not_overextended"": true}",credit_age_months | credit_lines | debt_to_income | income_inr
0,0.8034933532415153,,,,,asia,taiwan_credit,336000.0,270000.0,LIQ-000372,Increase 30%,0.3,436800.0,0.13399787456498716,Moderate,319500.0,395100.0,27828.00860028371,34412.664156407176,21619.872100680997,0.2859771441889021,No reported delinquency in the harmonized source fields | High utilization with low estimated risk,"{""automatic_increases_enabled"": true, ""within_maximum_increase"": true, ""within_account_exposure"": true, ""within_expected_loss_ceiling"": true, ""meets_profitability_hurdle"": true, ""payment_history_eligible"": true, ""not_overextended"": true}",credit_age_months | credit_lines | debt_to_income | income_inr
1,1.0397324058672308,,,,,asia,taiwan_credit,481000.0,500100.0,LIQ-000373,Manual review,0.0,481000.0,0.4019744298410222,Very high,481000.0,481000.0,125677.3054897956,125677.3054897956,0.0,0.0,Reported delinquency | Manual review required,"{""automatic_increases_enabled"": true, ""within_maximum_increase"": true, ""within_account_exposure"": true, ""within_expected_loss_ceiling"": false, ""meets_profitability_hurdle"": false, ""payment_history_eligible"": false, ""not_overextended"": true}",credit_age_months | credit_lines | debt_to_income | income_inr
0,0.3308635554046489,,,,,asia,taiwan_credit,261000.0,86400.0,LIQ-000374,No change,0.0,261000.0,0.06934387152945824,Moderate,217350.0,217350.0,9796.728810003038,9796.728810003038,0.0,0.0,No reported delinquency in the harmonized source fields | Exposure limit reached,"{""automatic_increases_enabled"": true, ""within_maximum_increase"": true, ""within_account_exposure"": true, ""within_expected_loss_ceiling"": true, ""meets_profitability_hurdle"": false, ""payment_history_eligible"": true, ""not_overextended"": true}",credit_age_months | credit_lines | debt_to_income | income_inr
0,0.22889554644546203,,,,,asia,taiwan_credit,159000.0,36400.0,LIQ-000375,No change,0.0,159000.0,0.08026424038307127,Moderate,128350.0,128350.0,6696.244914558679,6696.244914558679,0.0,0.0,No reported delinquency in the harmonized source fields | Incremental return below profitability hurdle,"{""automatic_increases_enabled"": true, ""within_maximum_increase"": true, ""within_account_exposure"": true, ""within_expected_loss_ceiling"": true, ""meets_profitability_hurdle"": false, ""payment_history_eligible"": true, ""not_overextended"": true}",credit_age_months | credit_lines | debt_to_income | income_inr
0,0.586494928346465,,,,,asia,taiwan_credit,1081000.0,634000.0,LIQ-000376,Increase 30%,0.3,1405300.0,0.10840032671474488,Moderate,969250.0,1212475.0,68293.56083437322,85431.2459867492,44741.85177587904,0.1839525204065332,No reported delinquency in the harmonized source fields,"{""automatic_increases_enabled"": true, ""within_maximum_increase"": true, ""within_account_exposure"": true, ""within_expected_loss_ceiling"": true, ""meets_profitability_hurdle"": true, ""payment_history_eligible"": true, ""not_overextended"": true}",credit_age_months | credit_lines | debt_to_income | income_inr
0,0.4185333135762997,,,,,asia,taiwan_credit,956000.0,400100.0,LIQ-000377,Increase 30%,0.3,1242800.0,0.08516958900453168,Moderate,817025.0,1032125.0,45230.69424667788,57138.68033334648,22765.714245276693,0.10583781611007295,No reported delinquency in the harmonized source fields,"{""automatic_increases_enabled"": true, ""within_maximum_increase"": true, ""within_account_exposure"": true, ""within_expected_loss_ceiling"": true, ""meets_profitability_hurdle"": true, ""payment_history_eligible"": true, ""not_overextended"": true}",credit_age_months | credit_lines | debt_to_income | income_inr
1,0.8333255280448338,,,,,asia,taiwan_credit,622000.0,518300.0,LIQ-000378,Manual review,0.0,622000.0,0.3043709133925956,Very high,596075.0,596075.0,117928.12993031941,117928.12993031941,0.0,0.0,Reported delinquency | Manual review required,"{""automatic_increases_enabled"": true, ""within_maximum_increase"": true, ""within_account_exposure"": true, ""within_expected_loss_ceiling"": false, ""meets_profitability_hurdle"": false, ""payment_history_eligible"": false, ""not_overextended"": true}",credit_age_months | credit_lines | debt_to_income | income_inr
1,0.8013175870567011,,,,,asia,taiwan_credit,272000.0,218000.0,LIQ-000379,Manual review,0.0,272000.0,0.32811034529311955,Very high,258500.0,258500.0,55130.740767876414,55130.740767876414,0.0,0.0,Reported delinquency | Manual review required,"{""automatic_increases_enabled"": true, ""within_maximum_increase"": true, ""within_account_exposure"": true, ""within_expected_loss_ceiling"": false, ""meets_profitability_hurdle"": false, ""payment_history_eligible"": false, ""not_overextended"": true}",credit_age_months | credit_lines | debt_to_income | income_inr
0,0.8031715409100992,,,,,asia,taiwan_credit,288000.0,231300.0,LIQ-000380,Increase 30%,0.3,374400.0,0.13399787456498716,Moderate,273825.0,338625.0,23849.779201792444,29493.769678469704,18494.043511102962,0.28540190603553955,No reported delinquency in the harmonized source fields | High utilization with low estimated risk,"{""automatic_increases_enabled"": true, ""within_maximum_increase"": true, ""within_account_exposure"": true, ""within_expected_loss_ceiling"": true, ""meets_profitability_hurdle"": true, ""payment_history_eligible"": true, ""not_overextended"": true}",credit_age_months | credit_lines | debt_to_income | income_inr
1,0.6888658666617542,,,,,asia,taiwan_credit,860000.0,592400.0,LIQ-000381,Manual review,0.0,860000.0,0.3547047913014613,Very high,793100.0,793100.0,182855.64048777282,182855.64048777282,0.0,0.0,Reported delinquency | Manual review required,"{""automatic_increases_enabled"": true, ""within_maximum_increase"": true, ""within_account_exposure"": true, ""within_expected_loss_ceiling"": false, ""meets_profitability_hurdle"": false, ""payment_history_eligible"": false, ""not_overextended"": true}",credit_age_months | credit_lines | debt_to_income | income_inr
1,0.7833546773788799,,,,,asia,taiwan_credit,278000.0,217800.0,LIQ-000382,Manual review,0.0,278000.0,0.32811034529311955,Very high,262950.0,262950.0,56079.79994163677,56079.79994163677,0.0,0.0,Reported delinquency | Manual review required,"{""automatic_increases_enabled"": true, ""within_maximum_increase"": true, ""within_account_exposure"": true, ""within_expected_loss_ceiling"": false, ""meets_profitability_hurdle"": false, ""payment_history_eligible"": false, ""not_overextended"": true}",credit_age_months | credit_lines | debt_to_income | income_inr
0,0.249382657281807,,,,,asia,taiwan_credit,232000.0,57900.0,LIQ-000383,No change,0.0,232000.0,0.0735944858898624,Moderate,188475.0,188475.0,9015.96847325968,9015.96847325968,0.0,0.0,No reported delinquency in the harmonized source fields | Exposure limit reached,"{""automatic_increases_enabled"": true, ""within_maximum_increase"": true, ""within_account_exposure"": true, ""within_expected_loss_ceiling"": true, ""meets_profitability_hurdle"": false, ""payment_history_eligible"": true, ""not_overextended"": true}",credit_age_months | credit_lines | debt_to_income | income_inr
0,0.5948974723948913,,,,,asia,taiwan_credit,1182000.0,703200.0,LIQ-000384,Increase 30%,0.3,1536600.0,0.10840032671474488,Moderate,1062300.0,1328250.0,74849.88359489776,93588.77707325893,50177.884176767635,0.18867412738021294,No reported delinquency in the harmonized source fields,"{""automatic_increases_enabled"": true, ""within_maximum_increase"": true, ""within_account_exposure"": true, ""within_expected_loss_ceiling"": true, ""meets_profitability_hurdle"": true, ""payment_history_eligible"": true, ""not_overextended"": true}",credit_age_months | credit_lines | debt_to_income | income_inr
1,0.6019162352131423,,,,,asia,taiwan_credit,339000.0,204000.0,LIQ-000385,Manual review,0.0,339000.0,0.32124426954279334,Very high,305250.0,305250.0,63738.878630659485,63738.878630659485,0.0,0.0,Reported delinquency | Manual review required,"{""automatic_increases_enabled"": true, ""within_maximum_increase"": true, ""within_account_exposure"": true, ""within_expected_loss_ceiling"": false, ""meets_profitability_hurdle"": false, ""payment_history_eligible"": false, ""not_overextended"": true}",credit_age_months | credit_lines | debt_to_income | income_inr
0,0.5456747025624383,,,,,asia,taiwan_credit,1105000.0,603000.0,LIQ-000386,Increase 30%,0.3,1436500.0,0.09412664759454485,Moderate,979500.0,1228125.0,59928.083357256844,75139.53790008277,42419.34140656467,0.1706157522637091,No reported delinquency in the harmonized source fields,"{""automatic_increases_enabled"": true, ""within_maximum_increase"": true, ""within_account_exposure"": true, ""within_expected_loss_ceiling"": true, ""meets_profitability_hurdle"": true, ""payment_history_eligible"": true, ""not_overextended"": true}",credit_age_months | credit_lines | debt_to_income | income_inr
0,0.18296650437901815,,,,,asia,taiwan_credit,141000.0,25800.0,LIQ-000387,No change,0.0,141000.0,0.07050781865063688,Moderate,112200.0,112200.0,5142.135214190947,5142.135214190947,0.0,0.0,No reported delinquency in the harmonized source fields | Low utilization provides no evidence of additional need | Incremental return below profitability hurdle,"{""automatic_increases_enabled"": true, ""within_maximum_increase"": true, ""within_account_exposure"": true, ""within_expected_loss_ceiling"": true, ""meets_profitability_hurdle"": false, ""payment_history_eligible"": true, ""not_overextended"": true}",credit_age_months | credit_lines | debt_to_income | income_inr
0,0.4812628556127172,,,,,asia,taiwan_credit,490000.0,235800.0,LIQ-000388,No change,0.0,490000.0,0.10071971691843155,Moderate,426450.0,426450.0,27918.75013191234,27918.75013191234,0.0,0.0,No reported delinquency in the harmonized source fields | Exposure limit reached,"{""automatic_increases_enabled"": true, ""within_maximum_increase"": true, ""within_account_exposure"": true, ""within_expected_loss_ceiling"": true, ""meets_profitability_hurdle"": false, ""payment_history_eligible"": true, ""not_overextended"": true}",credit_age_months | credit_lines | debt_to_income | income_inr
0,0.5660445585029248,,,,,asia,taiwan_credit,1345000.0,761300.0,LIQ-000389,Increase 30%,0.3,1748500.0,0.08711596043527224,Moderate,1199075.0,1501700.0,67898.07066830064,85034.32456067142,56468.291723824965,0.18659493341206101,No reported delinquency in the harmonized source fields,"{""automatic_increases_enabled"": true, ""within_maximum_increase"": true, ""within_account_exposure"": true, ""within_expected_loss_ceiling"": true, ""meets_profitability_hurdle"": true, ""payment_history_eligible"": true, ""not_overextended"": true}",credit_age_months | credit_lines | debt_to_income | income_inr
1,0.5059405683962898,,,,,asia,taiwan_credit,357000.0,180600.0,LIQ-000390,Manual review,0.0,357000.0,0.3142663172901956,Very high,312900.0,312900.0,63917.05494206644,63917.05494206644,0.0,0.0,Reported delinquency | Manual review required,"{""automatic_increases_enabled"": true, ""within_maximum_increase"": true, ""within_account_exposure"": true, ""within_expected_loss_ceiling"": false, ""meets_profitability_hurdle"": false, ""payment_history_eligible"": false, ""not_overextended"": true}",credit_age_months | credit_lines | debt_to_income | income_inr
2,0.3780306230933042,,,,,asia,taiwan_credit,295000.0,111500.0,LIQ-000391,Freeze automatic increases,0.0,295000.0,0.39023444128816137,Very high,249125.0,249125.0,63191.15087084358,63191.15087084358,0.0,0.0,Repeated delinquency,"{""automatic_increases_enabled"": true, ""within_maximum_increase"": true, ""within_account_exposure"": true, ""within_expected_loss_ceiling"": false, ""meets_profitability_hurdle"": false, ""payment_history_eligible"": false, ""not_overextended"": true}",credit_age_months | credit_lines | debt_to_income | income_inr
0,0.43718654229322335,,,,,asia,taiwan_credit,164000.0,71700.0,LIQ-000392,No change,0.0,164000.0,0.08516958900453168,Moderate,140925.0,140925.0,7801.640814801359,7801.640814801359,0.0,0.0,No reported delinquency in the harmonized source fields | Exposure limit reached,"{""automatic_increases_enabled"": true, ""within_maximum_increase"": true, ""within_account_exposure"": true, ""within_expected_loss_ceiling"": true, ""meets_profitability_hurdle"": false, ""payment_history_eligible"": true, ""not_overextended"": true}",credit_age_months | credit_lines | debt_to_income | income_inr
0,0.3201745089722345,,,,,asia,taiwan_credit,707000.0,226400.0,LIQ-000393,No change,0.0,707000.0,0.07272057605474126,Moderate,586850.0,586850.0,27739.44553752119,27739.44553752119,0.0,0.0,No reported delinquency in the harmonized source fields | Exposure limit reached,"{""automatic_increases_enabled"": true, ""within_maximum_increase"": true, ""within_account_exposure"": true, ""within_expected_loss_ceiling"": true, ""meets_profitability_hurdle"": false, ""payment_history_eligible"": true, ""not_overextended"": true}",credit_age_months | credit_lines | debt_to_income | income_inr
0,0.6649965729315725,,,,,asia,taiwan_credit,212000.0,141000.0,LIQ-000394,No change,0.0,212000.0,0.11251901624577622,Moderate,194250.0,194250.0,14206.932288732321,14206.932288732321,0.0,0.0,No reported delinquency in the harmonized source fields | High utilization with low estimated risk | Exposure limit reached,"{""automatic_increases_enabled"": true, ""within_maximum_increase"": true, ""within_account_exposure"": true, ""within_expected_loss_ceiling"": true, ""meets_profitability_hurdle"": false, ""payment_history_eligible"": true, ""not_overextended"": true}",credit_age_months | credit_lines | debt_to_income | income_inr
0,0.7092325004747566,,,,,asia,taiwan_credit,329000.0,233300.0,LIQ-000395,Increase 30%,0.3,427700.0,0.1120090883370235,Moderate,305075.0,379100.0,22211.26220587134,27600.719502567645,18355.311537237445,0.2479609799018905,No reported delinquency in the harmonized source fields | High utilization with low estimated risk,"{""automatic_increases_enabled"": true, ""within_maximum_increase"": true, ""within_account_exposure"": true, ""within_expected_loss_ceiling"": true, ""meets_profitability_hurdle"": true, ""payment_history_eligible"": true, ""not_overextended"": true}",credit_age_months | credit_lines | debt_to_income | income_inr
3,0.7296389943841147,,,,,asia,taiwan_credit,157000.0,114600.0,LIQ-000396,Freeze automatic increases,0.0,157000.0,0.5017236933411164,Very high,146400.0,146400.0,47744.02665834064,47744.02665834064,0.0,0.0,Repeated delinquency,"{""automatic_increases_enabled"": true, ""within_maximum_increase"": true, ""within_account_exposure"": true, ""within_expected_loss_ceiling"": false, ""meets_profitability_hurdle"": false, ""payment_history_eligible"": false, ""not_overextended"": true}",credit_age_months | credit_lines | debt_to_income | income_inr
0,0.15069304077177123,,,,,asia,taiwan_credit,963000.0,145100.0,LIQ-000397,No change,0.0,963000.0,0.07842608770799829,Moderate,758525.0,758525.0,38667.29631616112,38667.29631616112,0.0,0.0,No reported delinquency in the harmonized source fields | Low utilization provides no evidence of additional need | Incremental return below profitability hurdle,"{""automatic_increases_enabled"": true, ""within_maximum_increase"": true, ""within_account_exposure"": true, ""within_expected_loss_ceiling"": true, ""meets_profitability_hurdle"": false, ""payment_history_eligible"": true, ""not_overextended"": true}",credit_age_months | credit_lines | debt_to_income | income_inr
1,1.0216774295636974,,,,,asia,taiwan_credit,741000.0,757100.0,LIQ-000398,Manual review,0.0,741000.0,0.3861329734899574,Very high,741000.0,741000.0,185980.94668143798,185980.94668143798,0.0,0.0,Reported delinquency | Manual review required,"{""automatic_increases_enabled"": true, ""within_maximum_increase"": true, ""within_account_exposure"": true, ""within_expected_loss_ceiling"": false, ""meets_profitability_hurdle"": false, ""payment_history_eligible"": false, ""not_overextended"": true}",credit_age_months | credit_lines | debt_to_income | income_inr
0,1.0222494271358098,,,,,asia,taiwan_credit,343000.0,350600.0,LIQ-000399,Increase 30%,0.3,445900.0,0.1607178436105998,High,343000.0,422075.0,35832.043232983226,44092.739497263545,29761.833720255556,0.37637475460329506,No reported delinquency in the harmonized source fields,"{""automatic_increases_enabled"": true, ""within_maximum_increase"": true, ""within_account_exposure"": true, ""within_expected_loss_ceiling"": true, ""meets_profitability_hurdle"": true, ""payment_history_eligible"": true, ""not_overextended"": true}",credit_age_months | credit_lines | debt_to_income | income_inr
0,0.7297136623520903,,,,,asia,taiwan_credit,165000.0,120400.0,LIQ-000400,No change,0.0,165000.0,0.1017785605541567,Moderate,153850.0,153850.0,10178.110501817055,10178.110501817055,0.0,0.0,No reported delinquency in the harmonized source fields | High utilization with low estimated risk | Exposure limit reached,"{""automatic_increases_enabled"": true, ""within_maximum_increase"": true, ""within_account_exposure"": true, ""within_expected_loss_ceiling"": true, ""meets_profitability_hurdle"": false, ""payment_history_eligible"": true, ""not_overextended"": true}",credit_age_months | credit_lines | debt_to_income | income_inr
0,0.6464203457619551,,,,,asia,taiwan_credit,950000.0,614100.0,LIQ-000401,Increase 30%,0.3,1235000.0,0.11213565824520577,Moderate,866025.0,1079775.0,63122.98423067282,78702.8322481161,45880.40221638568,0.21464515656788621,No reported delinquency in the harmonized source fields,"{""automatic_increases_enabled"": true, ""within_maximum_increase"": true, ""within_account_exposure"": true, ""within_expected_loss_ceiling"": true, ""meets_profitability_hurdle"": true, ""payment_history_eligible"": true, ""not_overextended"": true}",credit_age_months | credit_lines | debt_to_income | income_inr
0,0.8544817041110637,,,,,asia,taiwan_credit,276000.0,235800.0,LIQ-000402,Increase 30%,0.3,358800.0,0.1248660570378491,Moderate,265950.0,328050.0,21585.28311499038,26625.50150732316,19851.082792411908,0.3196631689599341,No reported delinquency in the harmonized source fields | High utilization with low estimated risk,"{""automatic_increases_enabled"": true, ""within_maximum_increase"": true, ""within_account_exposure"": true, ""within_expected_loss_ceiling"": true, ""meets_profitability_hurdle"": true, ""payment_history_eligible"": true, ""not_overextended"": true}",credit_age_months | credit_lines | debt_to_income | income_inr
0,0.297455877499023,,,,,asia,taiwan_credit,171000.0,50900.0,LIQ-000403,No change,0.0,171000.0,0.0704930385460487,Moderate,140975.0,140975.0,6459.5414708689905,6459.5414708689905,0.0,0.0,No reported delinquency in the harmonized source fields | Exposure limit reached,"{""automatic_increases_enabled"": true, ""within_maximum_increase"": true, ""within_account_exposure"": true, ""within_expected_loss_ceiling"": true, ""meets_profitability_hurdle"": false, ""payment_history_eligible"": true, ""not_overextended"": true}",credit_age_months | credit_lines | debt_to_income | income_inr
0,0.8911310961947152,,,,,asia,taiwan_credit,111000.0,98900.0,LIQ-000404,No change,0.0,111000.0,0.13134863297965527,Moderate,107975.0,107975.0,9218.53961988588,9218.53961988588,0.0,0.0,No reported delinquency in the harmonized source fields | High utilization with low estimated risk | Exposure limit reached,"{""automatic_increases_enabled"": true, ""within_maximum_increase"": true, ""within_account_exposure"": true, ""within_expected_loss_ceiling"": true, ""meets_profitability_hurdle"": false, ""payment_history_eligible"": true, ""not_overextended"": true}",credit_age_months | credit_lines | debt_to_income | income_inr
2,0.7815278967289583,,,,,asia,taiwan_credit,230000.0,179800.0,LIQ-000405,Freeze automatic increases,0.0,230000.0,0.39255274081770786,Very high,217450.0,217450.0,55484.38576902688,55484.38576902688,0.0,0.0,Repeated delinquency,"{""automatic_increases_enabled"": true, ""within_maximum_increase"": true, ""within_account_exposure"": true, ""within_expected_loss_ceiling"": false, ""meets_profitability_hurdle"": false, ""payment_history_eligible"": false, ""not_overextended"": true}",credit_age_months | credit_lines | debt_to_income | income_inr
2,0.8121222371058415,,,,,asia,taiwan_credit,136000.0,110400.0,LIQ-000406,Freeze automatic increases,0.0,136000.0,0.3909213311441426,Very high,129600.0,129600.0,32931.21293558258,32931.21293558258,0.0,0.0,Repeated delinquency,"{""automatic_increases_enabled"": true, ""within_maximum_increase"": true, ""within_account_exposure"": true, ""within_expected_loss_ceiling"": false, ""meets_profitability_hurdle"": false, ""payment_history_eligible"": false, ""not_overextended"": true}",credit_age_months | credit_lines | debt_to_income | income_inr
0,0.4659911912815632,,,,,asia,taiwan_credit,233000.0,108600.0,LIQ-000407,No change,0.0,233000.0,0.08451901176507008,Moderate,201900.0,201900.0,11091.852508988974,11091.852508988974,0.0,0.0,No reported delinquency in the harmonized source fields | Exposure limit reached,"{""automatic_increases_enabled"": true, ""within_maximum_increase"": true, ""within_account_exposure"": true, ""within_expected_loss_ceiling"": true, ""meets_profitability_hurdle"": false, ""payment_history_eligible"": true, ""not_overextended"": true}",credit_age_months | credit_lines | debt_to_income | income_inr
0,0.7832161134332702,,,,,asia,taiwan_credit,568000.0,444900.0,LIQ-000408,Increase 30%,0.3,738400.0,0.13173933514049221,Moderate,537225.0,665025.0,46002.88180855311,56946.4683786738,35423.09212800965,0.27717599474185955,No reported delinquency in the harmonized source fields | High utilization with low estimated risk,"{""automatic_increases_enabled"": true, ""within_maximum_increase"": true, ""within_account_exposure"": true, ""within_expected_loss_ceiling"": true, ""meets_profitability_hurdle"": true, ""payment_history_eligible"": true, ""not_overextended"": true}",credit_age_months | credit_lines | debt_to_income | income_inr
0,0.21405388715043552,,,,,asia,taiwan_credit,274000.0,58700.0,LIQ-000409,No change,0.0,274000.0,0.0709076720979037,Moderate,220175.0,220175.0,10147.862857701368,10147.862857701368,0.0,0.0,No reported delinquency in the harmonized source fields | Incremental return below profitability hurdle,"{""automatic_increases_enabled"": true, ""within_maximum_increase"": true, ""within_account_exposure"": true, ""within_expected_loss_ceiling"": true, ""meets_profitability_hurdle"": false, ""payment_history_eligible"": true, ""not_overextended"": true}",credit_age_months | credit_lines | debt_to_income | income_inr
1,0.8844578029148558,,,,,asia,taiwan_credit,441000.0,390000.0,LIQ-000410,Manual review,0.0,441000.0,0.41984312501776916,Very high,428250.0,428250.0,116868.58188775879,116868.58188775879,0.0,0.0,Reported delinquency | Manual review required,"{""automatic_increases_enabled"": true, ""within_maximum_increase"": true, ""within_account_exposure"": true, ""within_expected_loss_ceiling"": false, ""meets_profitability_hurdle"": false, ""payment_history_eligible"": false, ""not_overextended"": true}",credit_age_months | credit_lines | debt_to_income | income_inr
0,0.1096826351163803,,,,,asia,taiwan_credit,219000.0,24000.0,LIQ-000411,No change,0.0,219000.0,0.07309756732665466,Moderate,170250.0,170250.0,8089.159544285922,8089.159544285922,0.0,0.0,No reported delinquency in the harmonized source fields | Low utilization provides no evidence of additional need | Incremental return below profitability hurdle,"{""automatic_increases_enabled"": true, ""within_maximum_increase"": true, ""within_account_exposure"": true, ""within_expected_loss_ceiling"": true, ""meets_profitability_hurdle"": false, ""payment_history_eligible"": true, ""not_overextended"": true}",credit_age_months | credit_lines | debt_to_income | income_inr
0,0.6648013436356293,,,,,asia,taiwan_credit,365000.0,242700.0,LIQ-000412,Increase 30%,0.3,474500.0,0.11251901624577622,Moderate,334425.0,416550.0,24458.961805195915,30465.367541165757,18333.31591989472,0.2232367235299205,No reported delinquency in the harmonized source fields | High utilization with low estimated risk,"{""automatic_increases_enabled"": true, ""within_maximum_increase"": true, ""within_account_exposure"": true, ""within_expected_loss_ceiling"": true, ""meets_profitability_hurdle"": true, ""payment_history_eligible"": true, ""not_overextended"": true}",credit_age_months | credit_lines | debt_to_income | income_inr
0,1.002833025123377,,,,,asia,taiwan_credit,1220000.0,1223500.0,LIQ-000413,Increase 30%,0.3,1586000.0,0.1501624039049119,High,1220000.0,1495375.0,119078.78629659514,145956.91808054995,106279.55591179103,0.38594482401013536,No reported delinquency in the harmonized source fields,"{""automatic_increases_enabled"": true, ""within_maximum_increase"": true, ""within_account_exposure"": true, ""within_expected_loss_ceiling"": true, ""meets_profitability_hurdle"": true, ""payment_history_eligible"": true, ""not_overextended"": true}",credit_age_months | credit_lines | debt_to_income | income_inr
1,0.32750148192112755,,,,,asia,taiwan_credit,279000.0,91400.0,LIQ-000414,Manual review,0.0,279000.0,0.3154179927316523,Very high,232100.0,232100.0,47585.535473460724,47585.535473460724,0.0,0.0,Reported delinquency | Manual review required,"{""automatic_increases_enabled"": true, ""within_maximum_increase"": true, ""within_account_exposure"": true, ""within_expected_loss_ceiling"": false, ""meets_profitability_hurdle"": false, ""payment_history_eligible"": false, ""not_overextended"": true}",credit_age_months | credit_lines | debt_to_income | income_inr
0,0.97917775869665,,,,,asia,taiwan_credit,449000.0,439700.0,LIQ-000415,Increase 30%,0.3,583700.0,0.14175789753573287,Moderate,446675.0,547700.0,41157.81077315276,50466.52031220858,38281.582956243416,0.37893177882943246,No reported delinquency in the harmonized source fields | High utilization with low estimated risk,"{""automatic_increases_enabled"": true, ""within_maximum_increase"": true, ""within_account_exposure"": true, ""within_expected_loss_ceiling"": true, ""meets_profitability_hurdle"": true, ""payment_history_eligible"": true, ""not_overextended"": true}",credit_age_months | credit_lines | debt_to_income | income_inr
0,0.6355334223210983,,,,,asia,taiwan_credit,127000.0,80700.0,LIQ-000416,No change,0.0,127000.0,0.10158334797157326,Moderate,115425.0,115425.0,7621.417660752249,7621.417660752249,0.0,0.0,No reported delinquency in the harmonized source fields | Exposure limit reached,"{""automatic_increases_enabled"": true, ""within_maximum_increase"": true, ""within_account_exposure"": true, ""within_expected_loss_ceiling"": true, ""meets_profitability_hurdle"": false, ""payment_history_eligible"": true, ""not_overextended"": true}",credit_age_months | credit_lines | debt_to_income | income_inr
0,0.7241907343125004,,,,,asia,taiwan_credit,940000.0,680700.0,LIQ-000417,Increase 30%,0.3,1222000.0,0.10803036497610345,Moderate,875175.0,1086675.0,61454.55853417487,76306.03295926469,55078.944641163005,0.26042054203859577,No reported delinquency in the harmonized source fields | High utilization with low estimated risk,"{""automatic_increases_enabled"": true, ""within_maximum_increase"": true, ""within_account_exposure"": true, ""within_expected_loss_ceiling"": true, ""meets_profitability_hurdle"": true, ""payment_history_eligible"": true, ""not_overextended"": true}",credit_age_months | credit_lines | debt_to_income | income_inr
0,0.9751686130179501,,,,,asia,taiwan_credit,257000.0,250600.0,LIQ-000418,Increase 30%,0.3,334100.0,0.14175789753573287,Moderate,255400.0,313225.0,23533.228569907016,28861.376346159454,21706.233150227345,0.37537800519199904,No reported delinquency in the harmonized source fields | High utilization with low estimated risk,"{""automatic_increases_enabled"": true, ""within_maximum_increase"": true, ""within_account_exposure"": true, ""within_expected_loss_ceiling"": true, ""meets_profitability_hurdle"": true, ""payment_history_eligible"": true, ""not_overextended"": true}",credit_age_months | credit_lines | debt_to_income | income_inr
0,0.14845511133429318,,,,,asia,taiwan_credit,693000.0,102900.0,LIQ-000419,No change,0.0,693000.0,0.07842608770799829,Moderate,545475.0,545475.0,27806.655625138243,27806.655625138243,0.0,0.0,No reported delinquency in the harmonized source fields | Low utilization provides no evidence of additional need | Incremental return below profitability hurdle,"{""automatic_increases_enabled"": true, ""within_maximum_increase"": true, ""within_account_exposure"": true, ""within_expected_loss_ceiling"": true, ""meets_profitability_hurdle"": false, ""payment_history_eligible"": true, ""not_overextended"": true}",credit_age_months | credit_lines | debt_to_income | income_inr
0,0.6825212891696185,,,,,asia,taiwan_credit,323000.0,220500.0,LIQ-000420,No change,0.0,323000.0,0.11258142348426615,Moderate,297375.0,297375.0,21761.28552561187,21761.28552561187,0.0,0.0,No reported delinquency in the harmonized source fields | High utilization with low estimated risk | Exposure limit reached,"{""automatic_increases_enabled"": true, ""within_maximum_increase"": true, ""within_account_exposure"": true, ""within_expected_loss_ceiling"": true, ""meets_profitability_hurdle"": false, ""payment_history_eligible"": true, ""not_overextended"": true}",credit_age_months | credit_lines | debt_to_income | income_inr
0,0.43850140458427667,,,,,asia,taiwan_credit,521000.0,228500.0,LIQ-000421,No change,0.0,521000.0,0.08516958900453168,Moderate,447875.0,447875.0,24794.46428901301,24794.46428901301,0.0,0.0,No reported delinquency in the harmonized source fields | Exposure limit reached,"{""automatic_increases_enabled"": true, ""within_maximum_increase"": true, ""within_account_exposure"": true, ""within_expected_loss_ceiling"": true, ""meets_profitability_hurdle"": false, ""payment_history_eligible"": true, ""not_overextended"": true}",credit_age_months | credit_lines | debt_to_income | income_inr
1,0.7609211380602575,,,,,asia,taiwan_credit,541000.0,411700.0,LIQ-000422,Manual review,0.0,541000.0,0.3046278166337148,Very high,508675.0,508675.0,100721.76050700067,100721.76050700067,0.0,0.0,Reported delinquency | Manual review required,"{""automatic_increases_enabled"": true, ""within_maximum_increase"": true, ""within_account_exposure"": true, ""within_expected_loss_ceiling"": false, ""meets_profitability_hurdle"": false, ""payment_history_eligible"": false, ""not_overextended"": true}",credit_age_months | credit_lines | debt_to_income | income_inr
0,0.13683806861047496,,,,,asia,taiwan_credit,261000.0,35700.0,LIQ-000423,No change,0.0,261000.0,0.06569109633042208,Moderate,204675.0,204675.0,8739.461341928942,8739.461341928942,0.0,0.0,No reported delinquency in the harmonized source fields | Low utilization provides no evidence of additional need | Incremental return below profitability hurdle,"{""automatic_increases_enabled"": true, ""within_maximum_increase"": true, ""within_account_exposure"": true, ""within_expected_loss_ceiling"": true, ""meets_profitability_hurdle"": false, ""payment_history_eligible"": true, ""not_overextended"": true}",credit_age_months | credit_lines | debt_to_income | income_inr
0,0.5108410954196314,,,,,asia,taiwan_credit,712000.0,363700.0,LIQ-000424,Increase 30%,0.3,925600.0,0.08234712963836745,Moderate,624925.0,785125.0,33449.506993016905,42024.31360226011,25401.4839795199,0.15856107353008678,No reported delinquency in the harmonized source fields,"{""automatic_increases_enabled"": true, ""within_maximum_increase"": true, ""within_account_exposure"": true, ""within_expected_loss_ceiling"": true, ""meets_profitability_hurdle"": true, ""payment_history_eligible"": true, ""not_overextended"": true}",credit_age_months | credit_lines | debt_to_income | income_inr
1,0.5963612015981612,,,,,asia,taiwan_credit,214000.0,127600.0,LIQ-000425,Manual review,0.0,214000.0,0.3174929711305808,Very high,192400.0,192400.0,39705.670969590436,39705.670969590436,0.0,0.0,Reported delinquency | Manual review required,"{""automatic_increases_enabled"": true, ""within_maximum_increase"": true, ""within_account_exposure"": true, ""within_expected_loss_ceiling"": false, ""meets_profitability_hurdle"": false, ""payment_history_eligible"": false, ""not_overextended"": true}",credit_age_months | credit_lines | debt_to_income | income_inr
0,0.28526414929934596,,,,,asia,taiwan_credit,580000.0,165500.0,LIQ-000426,No change,0.0,580000.0,0.06946640549037054,Moderate,476375.0,476375.0,21509.838295058926,21509.838295058926,0.0,0.0,No reported delinquency in the harmonized source fields | Exposure limit reached,"{""automatic_increases_enabled"": true, ""within_maximum_increase"": true, ""within_account_exposure"": true, ""within_expected_loss_ceiling"": true, ""meets_profitability_hurdle"": false, ""payment_history_eligible"": true, ""not_overextended"": true}",credit_age_months | credit_lines | debt_to_income | income_inr
0,0.5845931565020602,,,,,asia,taiwan_credit,272000.0,159000.0,LIQ-000427,No change,0.0,272000.0,0.10840032671474488,Moderate,243750.0,243750.0,17174.676763867392,17174.676763867392,0.0,0.0,No reported delinquency in the harmonized source fields | Exposure limit reached,"{""automatic_increases_enabled"": true, ""within_maximum_increase"": true, ""within_account_exposure"": true, ""within_expected_loss_ceiling"": true, ""meets_profitability_hurdle"": false, ""payment_history_eligible"": true, ""not_overextended"": true}",credit_age_months | credit_lines | debt_to_income | income_inr
0,0.535747262614315,,,,,asia,taiwan_credit,439000.0,235200.0,LIQ-000428,No change,0.0,439000.0,0.09300480011477723,Moderate,388050.0,388050.0,23458.83324495055,23458.83324495055,0.0,0.0,No reported delinquency in the harmonized source fields | Exposure limit reached,"{""automatic_increases_enabled"": true, ""within_maximum_increase"": true, ""within_account_exposure"": true, ""within_expected_loss_ceiling"": true, ""meets_profitability_hurdle"": false, ""payment_history_eligible"": true, ""not_overextended"": true}",credit_age_months | credit_lines | debt_to_income | income_inr
1,0.6919784657724845,,,,,asia,taiwan_credit,259000.0,179200.0,LIQ-000429,Manual review,0.0,259000.0,0.3547047913014613,Very high,239050.0,239050.0,55114.91723439931,55114.91723439931,0.0,0.0,Reported delinquency | Manual review required,"{""automatic_increases_enabled"": true, ""within_maximum_increase"": true, ""within_account_exposure"": true, ""within_expected_loss_ceiling"": false, ""meets_profitability_hurdle"": false, ""payment_history_eligible"": false, ""not_overextended"": true}",credit_age_months | credit_lines | debt_to_income | income_inr
1,0.838308896029548,,,,,asia,taiwan_credit,362000.0,303500.0,LIQ-000430,Manual review,0.0,362000.0,0.2944475094731016,High,347375.0,347375.0,66484.40734209213,66484.40734209213,0.0,0.0,Reported delinquency | Manual review required,"{""automatic_increases_enabled"": true, ""within_maximum_increase"": true, ""within_account_exposure"": true, ""within_expected_loss_ceiling"": false, ""meets_profitability_hurdle"": false, ""payment_history_eligible"": false, ""not_overextended"": true}",credit_age_months | credit_lines | debt_to_income | income_inr
0,0.7001763859263603,,,,,asia,taiwan_credit,174000.0,121800.0,LIQ-000431,No change,0.0,174000.0,0.11258142348426615,Moderate,160950.0,160950.0,11777.987071365214,11777.987071365214,0.0,0.0,No reported delinquency in the harmonized source fields | High utilization with low estimated risk | Exposure limit reached,"{""automatic_increases_enabled"": true, ""within_maximum_increase"": true, ""within_account_exposure"": true, ""within_expected_loss_ceiling"": true, ""meets_profitability_hurdle"": false, ""payment_history_eligible"": true, ""not_overextended"": true}",credit_age_months | credit_lines | debt_to_income | income_inr
1,0.9182876125150766,,,,,asia,taiwan_credit,411000.0,377400.0,LIQ-000432,Manual review,0.0,411000.0,0.3811342340674926,Very high,402600.0,402600.0,99739.01771312214,99739.01771312214,0.0,0.0,Reported delinquency | Manual review required,"{""automatic_increases_enabled"": true, ""within_maximum_increase"": true, ""within_account_exposure"": true, ""within_expected_loss_ceiling"": false, ""meets_profitability_hurdle"": false, ""payment_history_eligible"": false, ""not_overextended"": true}",credit_age_months | credit_lines | debt_to_income | income_inr
1,0.8232295047612914,,,,,asia,taiwan_credit,360000.0,296400.0,LIQ-000433,Manual review,0.0,360000.0,0.3087419324809964,Very high,344100.0,344100.0,69054.76432836207,69054.76432836207,0.0,0.0,Reported delinquency | Manual review required,"{""automatic_increases_enabled"": true, ""within_maximum_increase"": true, ""within_account_exposure"": true, ""within_expected_loss_ceiling"": false, ""meets_profitability_hurdle"": false, ""payment_history_eligible"": false, ""not_overextended"": true}",credit_age_months | credit_lines | debt_to_income | income_inr
0,0.6978245277427269,,,,,asia,taiwan_credit,246000.0,171700.0,LIQ-000434,No change,0.0,246000.0,0.11258142348426615,Moderate,227425.0,227425.0,16642.489653341,16642.489653341,0.0,0.0,No reported delinquency in the harmonized source fields | High utilization with low estimated risk | Exposure limit reached,"{""automatic_increases_enabled"": true, ""within_maximum_increase"": true, ""within_account_exposure"": true, ""within_expected_loss_ceiling"": true, ""meets_profitability_hurdle"": false, ""payment_history_eligible"": true, ""not_overextended"": true}",credit_age_months | credit_lines | debt_to_income | income_inr
0,0.6544213393864187,,,,,asia,taiwan_credit,338000.0,221200.0,LIQ-000435,No change,0.0,338000.0,0.10742653511030126,Moderate,308800.0,308800.0,21562.65412733967,21562.65412733967,0.0,0.0,No reported delinquency in the harmonized source fields | High utilization with low estimated risk | Exposure limit reached,"{""automatic_increases_enabled"": true, ""within_maximum_increase"": true, ""within_account_exposure"": true, ""within_expected_loss_ceiling"": true, ""meets_profitability_hurdle"": false, ""payment_history_eligible"": true, ""not_overextended"": true}",credit_age_months | credit_lines | debt_to_income | income_inr
0,0.6615678370939405,,,,,asia,taiwan_credit,382000.0,252700.0,LIQ-000436,Increase 30%,0.3,496600.0,0.10689963846561308,Moderate,349675.0,435625.0,24297.085202301118,30269.300754278756,19355.441751677852,0.2251942030445358,No reported delinquency in the harmonized source fields | High utilization with low estimated risk,"{""automatic_increases_enabled"": true, ""within_maximum_increase"": true, ""within_account_exposure"": true, ""within_expected_loss_ceiling"": true, ""meets_profitability_hurdle"": true, ""payment_history_eligible"": true, ""not_overextended"": true}",credit_age_months | credit_lines | debt_to_income | income_inr
0,0.42208971550792485,,,,,asia,taiwan_credit,234000.0,98800.0,LIQ-000437,No change,0.0,234000.0,0.08516958900453168,Moderate,200200.0,200200.0,11083.11861715971,11083.11861715971,0.0,0.0,No reported delinquency in the harmonized source fields | Exposure limit reached,"{""automatic_increases_enabled"": true, ""within_maximum_increase"": true, ""within_account_exposure"": true, ""within_expected_loss_ceiling"": true, ""meets_profitability_hurdle"": false, ""payment_history_eligible"": true, ""not_overextended"": true}",credit_age_months | credit_lines | debt_to_income | income_inr
1,0.12894217777246542,,,,,asia,taiwan_credit,322000.0,41500.0,LIQ-000438,Manual review,0.0,322000.0,0.20990429407240832,High,251875.0,251875.0,34365.2686451671,34365.2686451671,0.0,0.0,Reported delinquency | Manual review required,"{""automatic_increases_enabled"": true, ""within_maximum_increase"": true, ""within_account_exposure"": true, ""within_expected_loss_ceiling"": false, ""meets_profitability_hurdle"": false, ""payment_history_eligible"": false, ""not_overextended"": true}",credit_age_months | credit_lines | debt_to_income | income_inr
0,0.8072345041530298,,,,,asia,taiwan_credit,182000.0,146900.0,LIQ-000439,No change,0.0,182000.0,0.13399787456498716,Moderate,173225.0,173225.0,15087.658183987935,15087.658183987935,0.0,0.0,No reported delinquency in the harmonized source fields | High utilization with low estimated risk | Exposure limit reached,"{""automatic_increases_enabled"": true, ""within_maximum_increase"": true, ""within_account_exposure"": true, ""within_expected_loss_ceiling"": true, ""meets_profitability_hurdle"": false, ""payment_history_eligible"": true, ""not_overextended"": true}",credit_age_months | credit_lines | debt_to_income | income_inr
0,0.839654861793792,,,,,asia,taiwan_credit,1608000.0,1350200.0,LIQ-000440,Increase 30%,0.3,2090400.0,0.1270419994521549,Moderate,1543550.0,1905350.0,127462.19086534293,157338.65787650621,113037.11730477016,0.3124298432967666,No reported delinquency in the harmonized source fields | High utilization with low estimated risk,"{""automatic_increases_enabled"": true, ""within_maximum_increase"": true, ""within_account_exposure"": true, ""within_expected_loss_ceiling"": true, ""meets_profitability_hurdle"": true, ""payment_history_eligible"": true, ""not_overextended"": true}",credit_age_months | credit_lines | debt_to_income | income_inr
0,0.8644400958668017,,,,,asia,taiwan_credit,697000.0,602500.0,LIQ-000441,Increase 30%,0.3,906100.0,0.13710775366716862,Moderate,673375.0,830200.0,60011.20685665929,73987.45711141422,50023.68926346718,0.31897777308125097,No reported delinquency in the harmonized source fields | High utilization with low estimated risk,"{""automatic_increases_enabled"": true, ""within_maximum_increase"": true, ""within_account_exposure"": true, ""within_expected_loss_ceiling"": true, ""meets_profitability_hurdle"": true, ""payment_history_eligible"": true, ""not_overextended"": true}",credit_age_months | credit_lines | debt_to_income | income_inr
0,0.0194969620643877,,,,,asia,taiwan_credit,418000.0,8100.0,LIQ-000442,No change,0.0,418000.0,0.12590768401618183,Moderate,315525.0,315525.0,25822.56429948375,25822.56429948375,0.0,0.0,No reported delinquency in the harmonized source fields | Low utilization provides no evidence of additional need | Incremental return below profitability hurdle,"{""automatic_increases_enabled"": true, ""within_maximum_increase"": true, ""within_account_exposure"": true, ""within_expected_loss_ceiling"": true, ""meets_profitability_hurdle"": false, ""payment_history_eligible"": true, ""not_overextended"": true}",credit_age_months | credit_lines | debt_to_income | income_inr
1,0.33691065593517977,,,,,asia,taiwan_credit,750000.0,252700.0,LIQ-000443,Manual review,0.0,750000.0,0.3154179927316523,Very high,625675.0,625675.0,128276.94919154476,128276.94919154476,0.0,0.0,Reported delinquency | Manual review required,"{""automatic_increases_enabled"": true, ""within_maximum_increase"": true, ""within_account_exposure"": true, ""within_expected_loss_ceiling"": false, ""meets_profitability_hurdle"": false, ""payment_history_eligible"": false, ""not_overextended"": true}",credit_age_months | credit_lines | debt_to_income | income_inr
0,0.535521122672,,,,,asia,taiwan_credit,97000.0,51900.0,LIQ-000444,No change,0.0,97000.0,0.09300480011477723,Moderate,85725.0,85725.0,5182.343718395531,5182.343718395531,0.0,0.0,No reported delinquency in the harmonized source fields | Exposure limit reached,"{""automatic_increases_enabled"": true, ""within_maximum_increase"": true, ""within_account_exposure"": true, ""within_expected_loss_ceiling"": true, ""meets_profitability_hurdle"": false, ""payment_history_eligible"": true, ""not_overextended"": true}",credit_age_months | credit_lines | debt_to_income | income_inr
0,0.5276069784763192,,,,,asia,taiwan_credit,66000.0,34800.0,LIQ-000445,No change,0.0,66000.0,0.08962827602182603,Moderate,58200.0,58200.0,3390.637681905679,3390.637681905679,0.0,0.0,No reported delinquency in the harmonized source fields | Exposure limit reached,"{""automatic_increases_enabled"": true, ""within_maximum_increase"": true, ""within_account_exposure"": true, ""within_expected_loss_ceiling"": true, ""meets_profitability_hurdle"": false, ""payment_history_eligible"": true, ""not_overextended"": true}",credit_age_months | credit_lines | debt_to_income | income_inr
0,0.8890893092261374,,,,,asia,taiwan_credit,270000.0,240100.0,LIQ-000446,Increase 30%,0.3,351000.0,0.13134863297965527,Moderate,262525.0,323275.0,22413.4949174396,27600.12406222374,20325.220972090323,0.33457153863523165,No reported delinquency in the harmonized source fields | High utilization with low estimated risk,"{""automatic_increases_enabled"": true, ""within_maximum_increase"": true, ""within_account_exposure"": true, ""within_expected_loss_ceiling"": true, ""meets_profitability_hurdle"": true, ""payment_history_eligible"": true, ""not_overextended"": true}",credit_age_months | credit_lines | debt_to_income | income_inr
0,0.46043042400090417,,,,,asia,taiwan_credit,143000.0,65800.0,LIQ-000447,No change,0.0,143000.0,0.08451901176507008,Moderate,123700.0,123700.0,6795.75114097046,6795.75114097046,0.0,0.0,No reported delinquency in the harmonized source fields | Exposure limit reached,"{""automatic_increases_enabled"": true, ""within_maximum_increase"": true, ""within_account_exposure"": true, ""within_expected_loss_ceiling"": true, ""meets_profitability_hurdle"": false, ""payment_history_eligible"": true, ""not_overextended"": true}",credit_age_months | credit_lines | debt_to_income | income_inr
0,0.3066365794040854,,,,,asia,taiwan_credit,300000.0,92000.0,LIQ-000448,No change,0.0,300000.0,0.0786746960365438,Moderate,248000.0,248000.0,12682.361001090861,12682.361001090861,0.0,0.0,No reported delinquency in the harmonized source fields | Exposure limit reached,"{""automatic_increases_enabled"": true, ""within_maximum_increase"": true, ""within_account_exposure"": true, ""within_expected_loss_ceiling"": true, ""meets_profitability_hurdle"": false, ""payment_history_eligible"": true, ""not_overextended"": true}",credit_age_months | credit_lines | debt_to_income | income_inr
0,0.9598395796521108,,,,,asia,taiwan_credit,400000.0,383900.0,LIQ-000449,Increase 30%,0.3,520000.0,0.15259195677769735,High,395975.0,485975.0,39274.690055281666,48201.31952677696,32485.526194826416,0.36095029105362686,No reported delinquency in the harmonized source fields,"{""automatic_increases_enabled"": true, ""within_maximum_increase"": true, ""within_account_exposure"": true, ""within_expected_loss_ceiling"": true, ""meets_profitability_hurdle"": true, ""payment_history_eligible"": true, ""not_overextended"": true}",credit_age_months | credit_lines | debt_to_income | income_inr
1,0.9598399330972488,,,,,asia,taiwan_credit,637000.0,611400.0,LIQ-000450,Manual review,0.0,637000.0,0.3861383783109434,Very high,630600.0,630600.0,158274.2598858726,158274.2598858726,0.0,0.0,Reported delinquency | Manual review required,"{""automatic_increases_enabled"": true, ""within_maximum_increase"": true, ""within_account_exposure"": true, ""within_expected_loss_ceiling"": false, ""meets_profitability_hurdle"": false, ""payment_history_eligible"": false, ""not_overextended"": true}",credit_age_months | credit_lines | debt_to_income | income_inr
0,0.46759406532261677,,,,,asia,taiwan_credit,167000.0,78100.0,LIQ-000451,No change,0.0,167000.0,0.08451901176507008,Moderate,144775.0,144775.0,7953.555953387214,7953.555953387214,0.0,0.0,No reported delinquency in the harmonized source fields | Exposure limit reached,"{""automatic_increases_enabled"": true, ""within_maximum_increase"": true, ""within_account_exposure"": true, ""within_expected_loss_ceiling"": true, ""meets_profitability_hurdle"": false, ""payment_history_eligible"": true, ""not_overextended"": true}",credit_age_months | credit_lines | debt_to_income | income_inr
1,0.919749768754998,,,,,asia,taiwan_credit,454000.0,417600.0,LIQ-000452,Manual review,0.0,454000.0,0.3811342340674926,Very high,444900.0,444900.0,110218.30347880785,110218.30347880785,0.0,0.0,Reported delinquency | Manual review required,"{""automatic_increases_enabled"": true, ""within_maximum_increase"": true, ""within_account_exposure"": true, ""within_expected_loss_ceiling"": false, ""meets_profitability_hurdle"": false, ""payment_history_eligible"": false, ""not_overextended"": true}",credit_age_months | credit_lines | debt_to_income | income_inr
1,0.11921412013530114,,,,,asia,taiwan_credit,353000.0,42100.0,LIQ-000453,Manual review,0.0,353000.0,0.21980814507922145,High,275275.0,275275.0,39329.996638843746,39329.996638843746,0.0,0.0,Reported delinquency | Manual review required,"{""automatic_increases_enabled"": true, ""within_maximum_increase"": true, ""within_account_exposure"": true, ""within_expected_loss_ceiling"": false, ""meets_profitability_hurdle"": false, ""payment_history_eligible"": false, ""not_overextended"": true}",credit_age_months | credit_lines | debt_to_income | income_inr
1,0.7795766319165023,,,,,asia,taiwan_credit,439000.0,342200.0,LIQ-000454,Manual review,0.0,439000.0,0.32811034529311955,Very high,414800.0,414800.0,88465.1112979309,88465.1112979309,0.0,0.0,Reported delinquency | Manual review required,"{""automatic_increases_enabled"": true, ""within_maximum_increase"": true, ""within_account_exposure"": true, ""within_expected_loss_ceiling"": false, ""meets_profitability_hurdle"": false, ""payment_history_eligible"": false, ""not_overextended"": true}",credit_age_months | credit_lines | debt_to_income | income_inr
0,0.8222423754095215,,,,,asia,taiwan_credit,250000.0,205600.0,LIQ-000455,No change,0.0,250000.0,0.1311552128043488,Moderate,238900.0,238900.0,20366.437220323303,20366.437220323303,0.0,0.0,No reported delinquency in the harmonized source fields | High utilization with low estimated risk | Exposure limit reached,"{""automatic_increases_enabled"": true, ""within_maximum_increase"": true, ""within_account_exposure"": true, ""within_expected_loss_ceiling"": true, ""meets_profitability_hurdle"": false, ""payment_history_eligible"": true, ""not_overextended"": true}",credit_age_months | credit_lines | debt_to_income | income_inr
1,1.0505305097381217,,,,,asia,taiwan_credit,860000.0,903500.0,LIQ-000456,Manual review,0.0,860000.0,0.4115404589262243,Very high,860000.0,860000.0,230051.11653975942,230051.11653975942,0.0,0.0,Reported delinquency | Manual review required,"{""automatic_increases_enabled"": true, ""within_maximum_increase"": true, ""within_account_exposure"": true, ""within_expected_loss_ceiling"": false, ""meets_profitability_hurdle"": false, ""payment_history_eligible"": false, ""not_overextended"": true}",credit_age_months | credit_lines | debt_to_income | income_inr
0,0.08818806654001927,,,,,asia,taiwan_credit,327000.0,28800.0,LIQ-000457,No change,0.0,327000.0,0.07436753576004311,Moderate,252450.0,252450.0,12203.154861704876,12203.154861704876,0.0,0.0,No reported delinquency in the harmonized source fields | Low utilization provides no evidence of additional need | Incremental return below profitability hurdle,"{""automatic_increases_enabled"": true, ""within_maximum_increase"": true, ""within_account_exposure"": true, ""within_expected_loss_ceiling"": true, ""meets_profitability_hurdle"": false, ""payment_history_eligible"": true, ""not_overextended"": true}",credit_age_months | credit_lines | debt_to_income | income_inr
0,0.29038972150857284,,,,,asia,taiwan_credit,1109000.0,322000.0,LIQ-000458,No change,0.0,1109000.0,0.06946640549037054,Moderate,912250.0,912250.0,41190.97346558385,41190.97346558385,0.0,0.0,No reported delinquency in the harmonized source fields | Exposure limit reached,"{""automatic_increases_enabled"": true, ""within_maximum_increase"": true, ""within_account_exposure"": true, ""within_expected_loss_ceiling"": true, ""meets_profitability_hurdle"": false, ""payment_history_eligible"": true, ""not_overextended"": true}",credit_age_months | credit_lines | debt_to_income | income_inr
2,0.6125906137666554,,,,,asia,taiwan_credit,209000.0,128000.0,LIQ-000459,Freeze automatic increases,0.0,209000.0,0.4091273436659573,Very high,188750.0,188750.0,50194.810976017136,50194.810976017136,0.0,0.0,Repeated delinquency,"{""automatic_increases_enabled"": true, ""within_maximum_increase"": true, ""within_account_exposure"": true, ""within_expected_loss_ceiling"": false, ""meets_profitability_hurdle"": false, ""payment_history_eligible"": false, ""not_overextended"": true}",credit_age_months | credit_lines | debt_to_income | income_inr
1,0.365416463530751,,,,,asia,taiwan_credit,567000.0,207200.0,LIQ-000460,Manual review,0.0,567000.0,0.31368931960687124,Very high,477050.0,477050.0,97269.56844699765,97269.56844699765,0.0,0.0,Reported delinquency | Manual review required,"{""automatic_increases_enabled"": true, ""within_maximum_increase"": true, ""within_account_exposure"": true, ""within_expected_loss_ceiling"": false, ""meets_profitability_hurdle"": false, ""payment_history_eligible"": false, ""not_overextended"": true}",credit_age_months | credit_lines | debt_to_income | income_inr
0,0.358270973920969,,,,,asia,taiwan_credit,337000.0,120700.0,LIQ-000461,No change,0.0,337000.0,0.07264242638855538,Moderate,282925.0,282925.0,13359.033015888319,13359.033015888319,0.0,0.0,No reported delinquency in the harmonized source fields | Exposure limit reached,"{""automatic_increases_enabled"": true, ""within_maximum_increase"": true, ""within_account_exposure"": true, ""within_expected_loss_ceiling"": true, ""meets_profitability_hurdle"": false, ""payment_history_eligible"": true, ""not_overextended"": true}",credit_age_months | credit_lines | debt_to_income | income_inr
0,0.8118298564879464,,,,,asia,taiwan_credit,283000.0,229700.0,LIQ-000462,Increase 30%,0.3,367900.0,0.13399787456498716,Moderate,269675.0,333350.0,23488.31993515339,29034.324466055004,18475.492201519104,0.2901529988460009,No reported delinquency in the harmonized source fields | High utilization with low estimated risk,"{""automatic_increases_enabled"": true, ""within_maximum_increase"": true, ""within_account_exposure"": true, ""within_expected_loss_ceiling"": true, ""meets_profitability_hurdle"": true, ""payment_history_eligible"": true, ""not_overextended"": true}",credit_age_months | credit_lines | debt_to_income | income_inr
0,0.47486660571596917,,,,,asia,taiwan_credit,528000.0,250700.0,LIQ-000463,No change,0.0,528000.0,0.08843012259683386,Moderate,458675.0,458675.0,26364.446213366802,26364.446213366802,0.0,0.0,No reported delinquency in the harmonized source fields | Exposure limit reached,"{""automatic_increases_enabled"": true, ""within_maximum_increase"": true, ""within_account_exposure"": true, ""within_expected_loss_ceiling"": true, ""meets_profitability_hurdle"": false, ""payment_history_eligible"": true, ""not_overextended"": true}",credit_age_months | credit_lines | debt_to_income | income_inr
1,0.9497992402728888,,,,,asia,taiwan_credit,288000.0,273500.0,LIQ-000464,Manual review,0.0,288000.0,0.3865701421054288,Very high,284375.0,284375.0,71455.07470480035,71455.07470480035,0.0,0.0,Reported delinquency | Manual review required,"{""automatic_increases_enabled"": true, ""within_maximum_increase"": true, ""within_account_exposure"": true, ""within_expected_loss_ceiling"": false, ""meets_profitability_hurdle"": false, ""payment_history_eligible"": false, ""not_overextended"": true}",credit_age_months | credit_lines | debt_to_income | income_inr
1,0.9077184662884973,,,,,asia,taiwan_credit,62000.0,56300.0,LIQ-000465,Manual review,0.0,62000.0,0.4000060129253518,Very high,60575.0,60575.0,15749.736751419572,15749.736751419572,0.0,0.0,Reported delinquency | Manual review required,"{""automatic_increases_enabled"": true, ""within_maximum_increase"": true, ""within_account_exposure"": true, ""within_expected_loss_ceiling"": false, ""meets_profitability_hurdle"": false, ""payment_history_eligible"": false, ""not_overextended"": true}",credit_age_months | credit_lines | debt_to_income | income_inr
1,0.8484108545867041,,,,,asia,taiwan_credit,50000.0,42400.0,LIQ-000466,Manual review,0.0,50000.0,0.2977839485203479,High,48100.0,48100.0,9310.215150488677,9310.215150488677,0.0,0.0,Reported delinquency | Manual review required,"{""automatic_increases_enabled"": true, ""within_maximum_increase"": true, ""within_account_exposure"": true, ""within_expected_loss_ceiling"": false, ""meets_profitability_hurdle"": false, ""payment_history_eligible"": false, ""not_overextended"": true}",credit_age_months | credit_lines | debt_to_income | income_inr
1,0.6998295145997543,,,,,asia,taiwan_credit,800000.0,559900.0,LIQ-000467,Manual review,0.0,800000.0,0.3547047913014613,Very high,739975.0,739975.0,170607.24066314424,170607.24066314424,0.0,0.0,Reported delinquency | Manual review required,"{""automatic_increases_enabled"": true, ""within_maximum_increase"": true, ""within_account_exposure"": true, ""within_expected_loss_ceiling"": false, ""meets_profitability_hurdle"": false, ""payment_history_eligible"": false, ""not_overextended"": true}",credit_age_months | credit_lines | debt_to_income | income_inr
0,0.6878570420330987,,,,,asia,taiwan_credit,779000.0,535800.0,LIQ-000468,Increase 30%,0.3,1012700.0,0.11258142348426615,Moderate,718200.0,893475.0,52556.38592515997,65382.64677594306,41565.250051896524,0.23714306120037953,No reported delinquency in the harmonized source fields | High utilization with low estimated risk,"{""automatic_increases_enabled"": true, ""within_maximum_increase"": true, ""within_account_exposure"": true, ""within_expected_loss_ceiling"": true, ""meets_profitability_hurdle"": true, ""payment_history_eligible"": true, ""not_overextended"": true}",credit_age_months | credit_lines | debt_to_income | income_inr
2,0.9246966388565371,,,,,asia,taiwan_credit,1194000.0,1104100.0,LIQ-000469,Freeze automatic increases,0.0,1194000.0,0.3982324411000762,Very high,1171525.0,1171525.0,303250.5193638484,303250.5193638484,0.0,0.0,Repeated delinquency,"{""automatic_increases_enabled"": true, ""within_maximum_increase"": true, ""within_account_exposure"": true, ""within_expected_loss_ceiling"": false, ""meets_profitability_hurdle"": false, ""payment_history_eligible"": false, ""not_overextended"": true}",credit_age_months | credit_lines | debt_to_income | income_inr
0,0.4476546836588946,,,,,asia,taiwan_credit,346000.0,154900.0,LIQ-000470,No change,0.0,346000.0,0.08632687031535953,Moderate,298225.0,298225.0,16734.140084868763,16734.140084868763,0.0,0.0,No reported delinquency in the harmonized source fields | Exposure limit reached,"{""automatic_increases_enabled"": true, ""within_maximum_increase"": true, ""within_account_exposure"": true, ""within_expected_loss_ceiling"": true, ""meets_profitability_hurdle"": false, ""payment_history_eligible"": true, ""not_overextended"": true}",credit_age_months | credit_lines | debt_to_income | income_inr
0,1.159589318781975,,,,,asia,taiwan_credit,151000.0,175100.0,LIQ-000471,Manual review,0.0,151000.0,0.19613037377187448,High,151000.0,151000.0,19250.19618570948,19250.19618570948,0.0,0.0,Customer-overextension safeguard | Manual review required,"{""automatic_increases_enabled"": true, ""within_maximum_increase"": true, ""within_account_exposure"": true, ""within_expected_loss_ceiling"": false, ""meets_profitability_hurdle"": false, ""payment_history_eligible"": true, ""not_overextended"": false}",credit_age_months | credit_lines | debt_to_income | income_inr
0,1.0847497599941094,,,,,asia,taiwan_credit,266000.0,288500.0,LIQ-000472,No change,0.0,266000.0,0.1869573259929914,High,266000.0,266000.0,32324.921664188212,32324.921664188212,0.0,0.0,No reported delinquency in the harmonized source fields | Expected loss exceeds policy ceiling,"{""automatic_increases_enabled"": true, ""within_maximum_increase"": true, ""within_account_exposure"": true, ""within_expected_loss_ceiling"": false, ""meets_profitability_hurdle"": false, ""payment_history_eligible"": true, ""not_overextended"": true}",credit_age_months | credit_lines | debt_to_income | income_inr
0,0.05606162171551336,,,,,asia,taiwan_credit,353000.0,19800.0,LIQ-000473,No change,0.0,353000.0,0.08462333036938612,Moderate,269700.0,269700.0,14834.892930405233,14834.892930405233,0.0,0.0,No reported delinquency in the harmonized source fields | Low utilization provides no evidence of additional need | Incremental return below profitability hurdle,"{""automatic_increases_enabled"": true, ""within_maximum_increase"": true, ""within_account_exposure"": true, ""within_expected_loss_ceiling"": true, ""meets_profitability_hurdle"": false, ""payment_history_eligible"": true, ""not_overextended"": true}",credit_age_months | credit_lines | debt_to_income | income_inr
0,0.30481936030009504,,,,,asia,taiwan_credit,182000.0,55500.0,LIQ-000474,No change,0.0,182000.0,0.0786746960365438,Moderate,150375.0,150375.0,7689.959820721929,7689.959820721929,0.0,0.0,No reported delinquency in the harmonized source fields | Exposure limit reached,"{""automatic_increases_enabled"": true, ""within_maximum_increase"": true, ""within_account_exposure"": true, ""within_expected_loss_ceiling"": true, ""meets_profitability_hurdle"": false, ""payment_history_eligible"": true, ""not_overextended"": true}",credit_age_months | credit_lines | debt_to_income | income_inr
1,0.6303901839999415,,,,,asia,taiwan_credit,1022000.0,644300.0,LIQ-000475,Manual review,0.0,1022000.0,0.3376675416663338,Very high,927575.0,927575.0,203587.7804747472,203587.7804747472,0.0,0.0,Reported delinquency | Manual review required,"{""automatic_increases_enabled"": true, ""within_maximum_increase"": true, ""within_account_exposure"": true, ""within_expected_loss_ceiling"": false, ""meets_profitability_hurdle"": false, ""payment_history_eligible"": false, ""not_overextended"": true}",credit_age_months | credit_lines | debt_to_income | income_inr
1,0.8956037383734106,,,,,asia,taiwan_credit,1501000.0,1344300.0,LIQ-000476,Manual review,0.0,1501000.0,0.4021581730305423,Very high,1461825.0,1461825.0,382125.1663387422,382125.1663387422,0.0,0.0,Reported delinquency | Manual review required,"{""automatic_increases_enabled"": true, ""within_maximum_increase"": true, ""within_account_exposure"": true, ""within_expected_loss_ceiling"": false, ""meets_profitability_hurdle"": false, ""payment_history_eligible"": false, ""not_overextended"": true}",credit_age_months | credit_lines | debt_to_income | income_inr
1,0.2907144036932889,,,,,asia,taiwan_credit,478000.0,139000.0,LIQ-000477,Manual review,0.0,478000.0,0.2912321358270735,High,393250.0,393250.0,74442.57431909784,74442.57431909784,0.0,0.0,Reported delinquency | Manual review required,"{""automatic_increases_enabled"": true, ""within_maximum_increase"": true, ""within_account_exposure"": true, ""within_expected_loss_ceiling"": false, ""meets_profitability_hurdle"": false, ""payment_history_eligible"": false, ""not_overextended"": true}",credit_age_months | credit_lines | debt_to_income | income_inr
0,0.8496054107421758,,,,,asia,taiwan_credit,348000.0,295700.0,LIQ-000478,Increase 30%,0.3,452400.0,0.1248660570378491,Moderate,334925.0,413225.0,27183.496699711046,33538.554672652375,24864.90509677936,0.3175594520661476,No reported delinquency in the harmonized source fields | High utilization with low estimated risk,"{""automatic_increases_enabled"": true, ""within_maximum_increase"": true, ""within_account_exposure"": true, ""within_expected_loss_ceiling"": true, ""meets_profitability_hurdle"": true, ""payment_history_eligible"": true, ""not_overextended"": true}",credit_age_months | credit_lines | debt_to_income | income_inr
0,0.40643569054027767,,,,,asia,taiwan_credit,151000.0,61400.0,LIQ-000479,No change,0.0,151000.0,0.08516958900453168,Moderate,128600.0,128600.0,7119.325944888804,7119.325944888804,0.0,0.0,No reported delinquency in the harmonized source fields | Exposure limit reached,"{""automatic_increases_enabled"": true, ""within_maximum_increase"": true, ""within_account_exposure"": true, ""within_expected_loss_ceiling"": true, ""meets_profitability_hurdle"": false, ""payment_history_eligible"": true, ""not_overextended"": true}",credit_age_months | credit_lines | debt_to_income | income_inr
1,0.6597849632798363,,,,,asia,taiwan_credit,956000.0,630800.0,LIQ-000480,Manual review,0.0,956000.0,0.3587003580810879,Very high,874700.0,874700.0,203940.88208879295,203940.88208879295,0.0,0.0,Reported delinquency | Manual review required,"{""automatic_increases_enabled"": true, ""within_maximum_increase"": true, ""within_account_exposure"": true, ""within_expected_loss_ceiling"": false, ""meets_profitability_hurdle"": false, ""payment_history_eligible"": false, ""not_overextended"": true}",credit_age_months | credit_lines | debt_to_income | income_inr
0,0.6035973131936045,,,,,asia,taiwan_credit,368000.0,222100.0,LIQ-000481,No change,0.0,368000.0,0.08907457679992008,Moderate,331525.0,331525.0,19194.791897835777,19194.791897835777,0.0,0.0,No reported delinquency in the harmonized source fields | Exposure limit reached,"{""automatic_increases_enabled"": true, ""within_maximum_increase"": true, ""within_account_exposure"": true, ""within_expected_loss_ceiling"": true, ""meets_profitability_hurdle"": false, ""payment_history_eligible"": true, ""not_overextended"": true}",credit_age_months | credit_lines | debt_to_income | income_inr
0,0.3645183567485547,,,,,asia,taiwan_credit,290000.0,105700.0,LIQ-000482,No change,0.0,290000.0,0.0774889191905499,Moderate,243925.0,243925.0,12285.964998810676,12285.964998810676,0.0,0.0,No reported delinquency in the harmonized source fields | Exposure limit reached,"{""automatic_increases_enabled"": true, ""within_maximum_increase"": true, ""within_account_exposure"": true, ""within_expected_loss_ceiling"": true, ""meets_profitability_hurdle"": false, ""payment_history_eligible"": true, ""not_overextended"": true}",credit_age_months | credit_lines | debt_to_income | income_inr
0,0.6829182287801252,,,,,asia,taiwan_credit,479000.0,327100.0,LIQ-000483,Increase 30%,0.3,622700.0,0.11258142348426615,Moderate,441025.0,548800.0,32273.29448989651,40160.04538530742,25193.677416586812,0.23376179463314137,No reported delinquency in the harmonized source fields | High utilization with low estimated risk,"{""automatic_increases_enabled"": true, ""within_maximum_increase"": true, ""within_account_exposure"": true, ""within_expected_loss_ceiling"": true, ""meets_profitability_hurdle"": true, ""payment_history_eligible"": true, ""not_overextended"": true}",credit_age_months | credit_lines | debt_to_income | income_inr
0,0.46028188697943,,,,,asia,taiwan_credit,239000.0,110000.0,LIQ-000484,No change,0.0,239000.0,0.08451901176507008,Moderate,206750.0,206750.0,11358.298693578356,11358.298693578356,0.0,0.0,No reported delinquency in the harmonized source fields | Exposure limit reached,"{""automatic_increases_enabled"": true, ""within_maximum_increase"": true, ""within_account_exposure"": true, ""within_expected_loss_ceiling"": true, ""meets_profitability_hurdle"": false, ""payment_history_eligible"": true, ""not_overextended"": true}",credit_age_months | credit_lines | debt_to_income | income_inr
1,0.29433896339142596,,,,,asia,taiwan_credit,385000.0,113300.0,LIQ-000485,Manual review,0.0,385000.0,0.2933619625224672,High,317075.0,317075.0,60461.53377342734,60461.53377342734,0.0,0.0,Reported delinquency | Manual review required,"{""automatic_increases_enabled"": true, ""within_maximum_increase"": true, ""within_account_exposure"": true, ""within_expected_loss_ceiling"": false, ""meets_profitability_hurdle"": false, ""payment_history_eligible"": false, ""not_overextended"": true}",credit_age_months | credit_lines | debt_to_income | income_inr
0,0.09766963870157143,,,,,asia,taiwan_credit,137000.0,13400.0,LIQ-000486,No change,0.0,137000.0,0.07512812496958393,Moderate,106100.0,106100.0,5181.211138527356,5181.211138527356,0.0,0.0,No reported delinquency in the harmonized source fields | Low utilization provides no evidence of additional need | Incremental return below profitability hurdle,"{""automatic_increases_enabled"": true, ""within_maximum_increase"": true, ""within_account_exposure"": true, ""within_expected_loss_ceiling"": true, ""meets_profitability_hurdle"": false, ""payment_history_eligible"": true, ""not_overextended"": true}",credit_age_months | credit_lines | debt_to_income | income_inr
1,0.7641321907341037,,,,,asia,taiwan_credit,709000.0,541800.0,LIQ-000487,Manual review,0.0,709000.0,0.3046278166337148,Very high,667200.0,667200.0,132110.99151770942,132110.99151770942,0.0,0.0,Reported delinquency | Manual review required,"{""automatic_increases_enabled"": true, ""within_maximum_increase"": true, ""within_account_exposure"": true, ""within_expected_loss_ceiling"": false, ""meets_profitability_hurdle"": false, ""payment_history_eligible"": false, ""not_overextended"": true}",credit_age_months | credit_lines | debt_to_income | income_inr
1,0.6193094731092924,,,,,asia,taiwan_credit,327000.0,202500.0,LIQ-000488,Manual review,0.0,327000.0,0.33304401321869637,Very high,295875.0,295875.0,64050.608317203165,64050.608317203165,0.0,0.0,Reported delinquency | Manual review required,"{""automatic_increases_enabled"": true, ""within_maximum_increase"": true, ""within_account_exposure"": true, ""within_expected_loss_ceiling"": false, ""meets_profitability_hurdle"": false, ""payment_history_eligible"": false, ""not_overextended"": true}",credit_age_months | credit_lines | debt_to_income | income_inr
0,0.6574090725062899,,,,,asia,taiwan_credit,743000.0,488500.0,LIQ-000489,Increase 30%,0.3,965900.0,0.10689963846561308,Moderate,679375.0,846550.0,47206.21222367433,58822.327812992095,37431.503735077145,0.22390610877868788,No reported delinquency in the harmonized source fields | High utilization with low estimated risk,"{""automatic_increases_enabled"": true, ""within_maximum_increase"": true, ""within_account_exposure"": true, ""within_expected_loss_ceiling"": true, ""meets_profitability_hurdle"": true, ""payment_history_eligible"": true, ""not_overextended"": true}",credit_age_months | credit_lines | debt_to_income | income_inr
0,0.2757250349568608,,,,,asia,taiwan_credit,307000.0,84600.0,LIQ-000490,No change,0.0,307000.0,0.06556805526914398,Moderate,251400.0,251400.0,10714.475911530819,10714.475911530819,0.0,0.0,No reported delinquency in the harmonized source fields | Exposure limit reached,"{""automatic_increases_enabled"": true, ""within_maximum_increase"": true, ""within_account_exposure"": true, ""within_expected_loss_ceiling"": true, ""meets_profitability_hurdle"": false, ""payment_history_eligible"": true, ""not_overextended"": true}",credit_age_months | credit_lines | debt_to_income | income_inr
0,0.5482215461914302,,,,,asia,taiwan_credit,320000.0,175400.0,LIQ-000491,No change,0.0,320000.0,0.08480671158901683,Moderate,283850.0,283850.0,15647.050304952578,15647.050304952578,0.0,0.0,No reported delinquency in the harmonized source fields | Exposure limit reached,"{""automatic_increases_enabled"": true, ""within_maximum_increase"": true, ""within_account_exposure"": true, ""within_expected_loss_ceiling"": true, ""meets_profitability_hurdle"": false, ""payment_history_eligible"": true, ""not_overextended"": true}",credit_age_months | credit_lines | debt_to_income | income_inr
1,0.6269238034508188,,,,,asia,taiwan_credit,159000.0,99700.0,LIQ-000492,Manual review,0.0,159000.0,0.3376675416663338,Very high,144175.0,144175.0,31644.09158283339,31644.09158283339,0.0,0.0,Reported delinquency | Manual review required,"{""automatic_increases_enabled"": true, ""within_maximum_increase"": true, ""within_account_exposure"": true, ""within_expected_loss_ceiling"": false, ""meets_profitability_hurdle"": false, ""payment_history_eligible"": false, ""not_overextended"": true}",credit_age_months | credit_lines | debt_to_income | income_inr
0,0.4224019451692397,,,,,asia,taiwan_credit,574000.0,242500.0,LIQ-000493,No change,0.0,574000.0,0.08516958900453168,Moderate,491125.0,491125.0,27188.794359902906,27188.794359902906,0.0,0.0,No reported delinquency in the harmonized source fields | Exposure limit reached,"{""automatic_increases_enabled"": true, ""within_maximum_increase"": true, ""within_account_exposure"": true, ""within_expected_loss_ceiling"": true, ""meets_profitability_hurdle"": false, ""payment_history_eligible"": true, ""not_overextended"": true}",credit_age_months | credit_lines | debt_to_income | income_inr
0,1.0217474056970113,,,,,asia,taiwan_credit,198000.0,202300.0,LIQ-000494,No change,0.0,198000.0,0.1607178436105998,High,198000.0,198000.0,20684.386472684193,20684.386472684193,0.0,0.0,No reported delinquency in the harmonized source fields | Exposure limit reached,"{""automatic_increases_enabled"": true, ""within_maximum_increase"": true, ""within_account_exposure"": true, ""within_expected_loss_ceiling"": true, ""meets_profitability_hurdle"": false, ""payment_history_eligible"": true, ""not_overextended"": true}",credit_age_months | credit_lines | debt_to_income | income_inr
1,0.73137253374812,,,,,asia,taiwan_credit,255000.0,186500.0,LIQ-000495,Manual review,0.0,255000.0,0.3139140952892999,Very high,237875.0,237875.0,48537.00502101244,48537.00502101244,0.0,0.0,Reported delinquency | Manual review required,"{""automatic_increases_enabled"": true, ""within_maximum_increase"": true, ""within_account_exposure"": true, ""within_expected_loss_ceiling"": false, ""meets_profitability_hurdle"": false, ""payment_history_eligible"": false, ""not_overextended"": true}",credit_age_months | credit_lines | debt_to_income | income_inr
1,0.5517573206641844,,,,,asia,taiwan_credit,350000.0,193100.0,LIQ-000496,Manual review,0.0,350000.0,0.325748538169878,Very high,310775.0,310775.0,65802.42626733349,65802.42626733349,0.0,0.0,Reported delinquency | Manual review required,"{""automatic_increases_enabled"": true, ""within_maximum_increase"": true, ""within_account_exposure"": true, ""within_expected_loss_ceiling"": false, ""meets_profitability_hurdle"": false, ""payment_history_eligible"": false, ""not_overextended"": true}",credit_age_months | credit_lines | debt_to_income | income_inr
0,0.6766315178796027,,,,,asia,taiwan_credit,379000.0,256400.0,LIQ-000497,Increase 30%,0.3,492700.0,0.11258142348426615,Moderate,348350.0,433625.0,25491.530265983674,31731.777842937194,19599.245312820804,0.22983577030572622,No reported delinquency in the harmonized source fields | High utilization with low estimated risk,"{""automatic_increases_enabled"": true, ""within_maximum_increase"": true, ""within_account_exposure"": true, ""within_expected_loss_ceiling"": true, ""meets_profitability_hurdle"": true, ""payment_history_eligible"": true, ""not_overextended"": true}",credit_age_months | credit_lines | debt_to_income | income_inr
0,0.9475126555970298,,,,,asia,taiwan_credit,115000.0,109000.0,LIQ-000498,No change,0.0,115000.0,0.14209487564002465,Moderate,113500.0,113500.0,10483.04945034282,10483.04945034282,0.0,0.0,No reported delinquency in the harmonized source fields | High utilization with low estimated risk | Exposure limit reached,"{""automatic_increases_enabled"": true, ""within_maximum_increase"": true, ""within_account_exposure"": true, ""within_expected_loss_ceiling"": true, ""meets_profitability_hurdle"": false, ""payment_history_eligible"": true, ""not_overextended"": true}",credit_age_months | credit_lines | debt_to_income | income_inr
0,0.9815207152975379,,,,,asia,taiwan_credit,301000.0,295400.0,LIQ-000499,Increase 30%,0.3,391300.0,0.14175789753573287,Moderate,299600.0,367325.0,27605.93296610862,33846.2928130035,25691.793254995788,0.3793546438537584,No reported delinquency in the harmonized source fields | High utilization with low estimated risk,"{""automatic_increases_enabled"": true, ""within_maximum_increase"": true, ""within_account_exposure"": true, ""within_expected_loss_ceiling"": true, ""meets_profitability_hurdle"": true, ""payment_history_eligible"": true, ""not_overextended"": true}",credit_age_months | credit_lines | debt_to_income | income_inr
1,0.9322381677169502,,,,,asia,taiwan_credit,587000.0,547200.0,LIQ-000500,Manual review,0.0,587000.0,0.3637023533917834,Very high,577050.0,577050.0,136418.3879660736,136418.3879660736,0.0,0.0,Reported delinquency | Manual review required,"{""automatic_increases_enabled"": true, ""within_maximum_increase"": true, ""within_account_exposure"": true, ""within_expected_loss_ceiling"": false, ""meets_profitability_hurdle"": false, ""payment_history_eligible"": false, ""not_overextended"": true}",credit_age_months | credit_lines | debt_to_income | income_inr
0,0.25382438761195786,,,,,asia,taiwan_credit,274000.0,69500.0,LIQ-000501,No change,0.0,274000.0,0.0735944858898624,Moderate,222875.0,222875.0,10661.541177757003,10661.541177757003,0.0,0.0,No reported delinquency in the harmonized source fields | Exposure limit reached,"{""automatic_increases_enabled"": true, ""within_maximum_increase"": true, ""within_account_exposure"": true, ""within_expected_loss_ceiling"": true, ""meets_profitability_hurdle"": false, ""payment_history_eligible"": true, ""not_overextended"": true}",credit_age_months | credit_lines | debt_to_income | income_inr
0,0.302664818700378,,,,,asia,taiwan_credit,302000.0,91400.0,LIQ-000502,No change,0.0,302000.0,0.07302105127930013,Moderate,249350.0,249350.0,11835.069438720766,11835.069438720766,0.0,0.0,No reported delinquency in the harmonized source fields | Exposure limit reached,"{""automatic_increases_enabled"": true, ""within_maximum_increase"": true, ""within_account_exposure"": true, ""within_expected_loss_ceiling"": true, ""meets_profitability_hurdle"": false, ""payment_history_eligible"": true, ""not_overextended"": true}",credit_age_months | credit_lines | debt_to_income | income_inr
1,0.24477957093366634,,,,,asia,taiwan_credit,389000.0,95200.0,LIQ-000503,Manual review,0.0,389000.0,0.30385278261851806,Very high,315550.0,315550.0,62322.4846109277,62322.4846109277,0.0,0.0,Reported delinquency | Manual review required,"{""automatic_increases_enabled"": true, ""within_maximum_increase"": true, ""within_account_exposure"": true, ""within_expected_loss_ceiling"": false, ""meets_profitability_hurdle"": false, ""payment_history_eligible"": false, ""not_overextended"": true}",credit_age_months | credit_lines | debt_to_income | income_inr
0,0.7290777237731856,,,,,asia,taiwan_credit,322000.0,234800.0,LIQ-000504,Increase 30%,0.3,418600.0,0.1017785605541567,Moderate,300200.0,372650.0,19860.050520932597,24653.057383829222,19239.8331319398,0.2655601536499627,No reported delinquency in the harmonized source fields | High utilization with low estimated risk,"{""automatic_increases_enabled"": true, ""within_maximum_increase"": true, ""within_account_exposure"": true, ""within_expected_loss_ceiling"": true, ""meets_profitability_hurdle"": true, ""payment_history_eligible"": true, ""not_overextended"": true}",credit_age_months | credit_lines | debt_to_income | income_inr
0,0.8913925676132088,,,,,asia,taiwan_credit,179000.0,159600.0,LIQ-000505,No change,0.0,179000.0,0.12458924894582052,Moderate,174150.0,174150.0,14103.19150754452,14103.19150754452,0.0,0.0,No reported delinquency in the harmonized source fields | High utilization with low estimated risk | Exposure limit reached,"{""automatic_increases_enabled"": true, ""within_maximum_increase"": true, ""within_account_exposure"": true, ""within_expected_loss_ceiling"": true, ""meets_profitability_hurdle"": false, ""payment_history_eligible"": true, ""not_overextended"": true}",credit_age_months | credit_lines | debt_to_income | income_inr
0,0.48198846368499965,,,,,asia,taiwan_credit,342000.0,164800.0,LIQ-000506,No change,0.0,342000.0,0.10071971691843155,Moderate,297700.0,297700.0,19489.7688223011,19489.7688223011,0.0,0.0,No reported delinquency in the harmonized source fields | Exposure limit reached,"{""automatic_increases_enabled"": true, ""within_maximum_increase"": true, ""within_account_exposure"": true, ""within_expected_loss_ceiling"": true, ""meets_profitability_hurdle"": false, ""payment_history_eligible"": true, ""not_overextended"": true}",credit_age_months | credit_lines | debt_to_income | income_inr
0,0.45185821329392273,,,,,asia,taiwan_credit,668000.0,301800.0,LIQ-000507,Increase 30%,0.3,868400.0,0.08632687031535953,Moderate,576450.0,726750.0,32346.03085563785,40779.734451096905,18516.97848009861,0.1232001229547479,No reported delinquency in the harmonized source fields,"{""automatic_increases_enabled"": true, ""within_maximum_increase"": true, ""within_account_exposure"": true, ""within_expected_loss_ceiling"": true, ""meets_profitability_hurdle"": true, ""payment_history_eligible"": true, ""not_overextended"": true}",credit_age_months | credit_lines | debt_to_income | income_inr
0,0.45766813347064395,,,,,asia,taiwan_credit,177000.0,81000.0,LIQ-000508,No change,0.0,177000.0,0.08451901176507008,Moderate,153000.0,153000.0,8405.41572003622,8405.41572003622,0.0,0.0,No reported delinquency in the harmonized source fields | Exposure limit reached,"{""automatic_increases_enabled"": true, ""within_maximum_increase"": true, ""within_account_exposure"": true, ""within_expected_loss_ceiling"": true, ""meets_profitability_hurdle"": false, ""payment_history_eligible"": true, ""not_overextended"": true}",credit_age_months | credit_lines | debt_to_income | income_inr
0,0.27094805259157634,,,,,asia,taiwan_credit,274000.0,74200.0,LIQ-000509,No change,0.0,274000.0,0.06556805526914398,Moderate,224050.0,224050.0,9548.839808983612,9548.839808983612,0.0,0.0,No reported delinquency in the harmonized source fields | Exposure limit reached,"{""automatic_increases_enabled"": true, ""within_maximum_increase"": true, ""within_account_exposure"": true, ""within_expected_loss_ceiling"": true, ""meets_profitability_hurdle"": false, ""payment_history_eligible"": true, ""not_overextended"": true}",credit_age_months | credit_lines | debt_to_income | income_inr
0,1.119590118001789,,,,,asia,taiwan_credit,143000.0,160100.0,LIQ-000510,Manual review,0.0,143000.0,0.19613037377187448,High,143000.0,143000.0,18230.31824209573,18230.31824209573,0.0,0.0,Customer-overextension safeguard | Manual review required,"{""automatic_increases_enabled"": true, ""within_maximum_increase"": true, ""within_account_exposure"": true, ""within_expected_loss_ceiling"": false, ""meets_profitability_hurdle"": false, ""payment_history_eligible"": true, ""not_overextended"": false}",credit_age_months | credit_lines | debt_to_income | income_inr
0,0.5017245488062815,,,,,asia,taiwan_credit,645000.0,323600.0,LIQ-000511,Increase 30%,0.3,838500.0,0.08234712963836745,Moderate,564650.0,709775.0,30223.249387697717,37991.15706039697,22260.744867972375,0.15339014551574418,No reported delinquency in the harmonized source fields,"{""automatic_increases_enabled"": true, ""within_maximum_increase"": true, ""within_account_exposure"": true, ""within_expected_loss_ceiling"": true, ""meets_profitability_hurdle"": true, ""payment_history_eligible"": true, ""not_overextended"": true}",credit_age_months | credit_lines | debt_to_income | income_inr
0,0.8676323975916863,,,,,asia,taiwan_credit,330000.0,286300.0,LIQ-000512,Increase 30%,0.3,429000.0,0.13861883877649436,Moderate,319075.0,393325.0,28749.37388869646,35439.46559514702,23647.801834493137,0.3184889135958672,No reported delinquency in the harmonized source fields | High utilization with low estimated risk,"{""automatic_increases_enabled"": true, ""within_maximum_increase"": true, ""within_account_exposure"": true, ""within_expected_loss_ceiling"": true, ""meets_profitability_hurdle"": true, ""payment_history_eligible"": true, ""not_overextended"": true}",credit_age_months | credit_lines | debt_to_income | income_inr
2,1.118886678574022,,,,,asia,taiwan_credit,201000.0,224900.0,LIQ-000513,Freeze automatic increases,0.0,201000.0,0.461048523800418,Very high,201000.0,201000.0,60235.989634524616,60235.989634524616,0.0,0.0,Repeated delinquency,"{""automatic_increases_enabled"": true, ""within_maximum_increase"": true, ""within_account_exposure"": true, ""within_expected_loss_ceiling"": false, ""meets_profitability_hurdle"": false, ""payment_history_eligible"": false, ""not_overextended"": false}",credit_age_months | credit_lines | debt_to_income | income_inr
0,1.0344511900314823,,,,,asia,taiwan_credit,372000.0,384800.0,LIQ-000514,No change,0.0,372000.0,0.18563980389219367,High,372000.0,372000.0,44887.70458113243,44887.70458113243,0.0,0.0,No reported delinquency in the harmonized source fields | Expected loss exceeds policy ceiling,"{""automatic_increases_enabled"": true, ""within_maximum_increase"": true, ""within_account_exposure"": true, ""within_expected_loss_ceiling"": false, ""meets_profitability_hurdle"": false, ""payment_history_eligible"": true, ""not_overextended"": true}",credit_age_months | credit_lines | debt_to_income | income_inr
1,0.27610800531215496,,,,,asia,taiwan_credit,160000.0,44200.0,LIQ-000515,Manual review,0.0,160000.0,0.2816692676923907,High,131050.0,131050.0,23993.292395207074,23993.292395207074,0.0,0.0,Reported delinquency | Manual review required,"{""automatic_increases_enabled"": true, ""within_maximum_increase"": true, ""within_account_exposure"": true, ""within_expected_loss_ceiling"": false, ""meets_profitability_hurdle"": false, ""payment_history_eligible"": false, ""not_overextended"": true}",credit_age_months | credit_lines | debt_to_income | income_inr
0,0.5416779994683208,,,,,asia,taiwan_credit,179000.0,97000.0,LIQ-000516,No change,0.0,179000.0,0.09412664759454485,Moderate,158500.0,158500.0,9697.397868427985,9697.397868427985,0.0,0.0,No reported delinquency in the harmonized source fields | Exposure limit reached,"{""automatic_increases_enabled"": true, ""within_maximum_increase"": true, ""within_account_exposure"": true, ""within_expected_loss_ceiling"": true, ""meets_profitability_hurdle"": false, ""payment_history_eligible"": true, ""not_overextended"": true}",credit_age_months | credit_lines | debt_to_income | income_inr
1,0.6724617351096556,,,,,asia,taiwan_credit,135000.0,90800.0,LIQ-000517,Manual review,0.0,135000.0,0.35454740758702724,Very high,123950.0,123950.0,28564.998260767818,28564.998260767818,0.0,0.0,Reported delinquency | Manual review required,"{""automatic_increases_enabled"": true, ""within_maximum_increase"": true, ""within_account_exposure"": true, ""within_expected_loss_ceiling"": false, ""meets_profitability_hurdle"": false, ""payment_history_eligible"": false, ""not_overextended"": true}",credit_age_months | credit_lines | debt_to_income | income_inr
1,0.9510847769635687,,,,,asia,taiwan_credit,175000.0,166400.0,LIQ-000518,Manual review,0.0,175000.0,0.3865701421054288,Very high,172850.0,172850.0,43432.12189090019,43432.12189090019,0.0,0.0,Reported delinquency | Manual review required,"{""automatic_increases_enabled"": true, ""within_maximum_increase"": true, ""within_account_exposure"": true, ""within_expected_loss_ceiling"": false, ""meets_profitability_hurdle"": false, ""payment_history_eligible"": false, ""not_overextended"": true}",credit_age_months | credit_lines | debt_to_income | income_inr
0,0.6104888001254459,,,,,asia,taiwan_credit,846000.0,516500.0,LIQ-000519,Increase 30%,0.3,1099800.0,0.0902504897232765,Moderate,763625.0,953975.0,44796.39463970906,55962.86210694576,39753.94002955361,0.20884654599187608,No reported delinquency in the harmonized source fields,"{""automatic_increases_enabled"": true, ""within_maximum_increase"": true, ""within_account_exposure"": true, ""within_expected_loss_ceiling"": true, ""meets_profitability_hurdle"": true, ""payment_history_eligible"": true, ""not_overextended"": true}",credit_age_months | credit_lines | debt_to_income | income_inr
0,0.37820698333681446,,,,,asia,taiwan_credit,217000.0,82100.0,LIQ-000520,No change,0.0,217000.0,0.0753745722583789,Moderate,183275.0,183275.0,8979.278574925356,8979.278574925356,0.0,0.0,No reported delinquency in the harmonized source fields | Exposure limit reached,"{""automatic_increases_enabled"": true, ""within_maximum_increase"": true, ""within_account_exposure"": true, ""within_expected_loss_ceiling"": true, ""meets_profitability_hurdle"": false, ""payment_history_eligible"": true, ""not_overextended"": true}",credit_age_months | credit_lines | debt_to_income | income_inr
0,0.510292212602873,,,,,asia,taiwan_credit,474000.0,241900.0,LIQ-000521,No change,0.0,474000.0,0.08234712963836745,Moderate,415975.0,415975.0,22265.325713357935,22265.325713357935,0.0,0.0,No reported delinquency in the harmonized source fields | Exposure limit reached,"{""automatic_increases_enabled"": true, ""within_maximum_increase"": true, ""within_account_exposure"": true, ""within_expected_loss_ceiling"": true, ""meets_profitability_hurdle"": false, ""payment_history_eligible"": true, ""not_overextended"": true}",credit_age_months | credit_lines | debt_to_income | income_inr
0,0.05080895963446441,,,,,asia,taiwan_credit,203000.0,10300.0,LIQ-000522,No change,0.0,203000.0,0.08385060109668925,Moderate,154825.0,154825.0,8438.410054616694,8438.410054616694,0.0,0.0,No reported delinquency in the harmonized source fields | Low utilization provides no evidence of additional need | Incremental return below profitability hurdle,"{""automatic_increases_enabled"": true, ""within_maximum_increase"": true, ""within_account_exposure"": true, ""within_expected_loss_ceiling"": true, ""meets_profitability_hurdle"": false, ""payment_history_eligible"": true, ""not_overextended"": true}",credit_age_months | credit_lines | debt_to_income | income_inr
0,0.704591964541018,,,,,asia,taiwan_credit,573000.0,403700.0,LIQ-000523,Increase 30%,0.3,744900.0,0.11258142348426615,Moderate,530675.0,659600.0,38833.69548988341,48268.15950464427,31722.21533461222,0.24605169931830306,No reported delinquency in the harmonized source fields | High utilization with low estimated risk,"{""automatic_increases_enabled"": true, ""within_maximum_increase"": true, ""within_account_exposure"": true, ""within_expected_loss_ceiling"": true, ""meets_profitability_hurdle"": true, ""payment_history_eligible"": true, ""not_overextended"": true}",credit_age_months | credit_lines | debt_to_income | income_inr
1,0.8103063194926968,,,,,asia,taiwan_credit,180000.0,145900.0,LIQ-000524,Manual review,0.0,180000.0,0.3184649206623864,Very high,171475.0,171475.0,35495.701975878765,35495.701975878765,0.0,0.0,Reported delinquency | Manual review required,"{""automatic_increases_enabled"": true, ""within_maximum_increase"": true, ""within_account_exposure"": true, ""within_expected_loss_ceiling"": false, ""meets_profitability_hurdle"": false, ""payment_history_eligible"": false, ""not_overextended"": true}",credit_age_months | credit_lines | debt_to_income | income_inr
0,0.5582645016672899,,,,,asia,taiwan_credit,359000.0,200400.0,LIQ-000525,No change,0.0,359000.0,0.08210223476850792,Moderate,319350.0,319350.0,17042.576637659953,17042.576637659953,0.0,0.0,No reported delinquency in the harmonized source fields | Exposure limit reached,"{""automatic_increases_enabled"": true, ""within_maximum_increase"": true, ""within_account_exposure"": true, ""within_expected_loss_ceiling"": true, ""meets_profitability_hurdle"": false, ""payment_history_eligible"": true, ""not_overextended"": true}",credit_age_months | credit_lines | debt_to_income | income_inr
1,0.8810125683428983,,,,,asia,taiwan_credit,362000.0,318900.0,LIQ-000526,Manual review,0.0,362000.0,0.41984312501776916,Very high,351225.0,351225.0,95848.61102983789,95848.61102983789,0.0,0.0,Reported delinquency | Manual review required,"{""automatic_increases_enabled"": true, ""within_maximum_increase"": true, ""within_account_exposure"": true, ""within_expected_loss_ceiling"": false, ""meets_profitability_hurdle"": false, ""payment_history_eligible"": false, ""not_overextended"": true}",credit_age_months | credit_lines | debt_to_income | income_inr
0,0.39109840570742327,,,,,asia,taiwan_credit,1589000.0,621500.0,LIQ-000527,Increase 30%,0.3,2065700.0,0.0753745722583789,Moderate,1347125.0,1704650.0,66000.33092481965,83516.72199015964,34797.201372963,0.09732802285983637,No reported delinquency in the harmonized source fields,"{""automatic_increases_enabled"": true, ""within_maximum_increase"": true, ""within_account_exposure"": true, ""within_expected_loss_ceiling"": true, ""meets_profitability_hurdle"": true, ""payment_history_eligible"": true, ""not_overextended"": true}",credit_age_months | credit_lines | debt_to_income | income_inr
0,0.8410587498292618,,,,,asia,taiwan_credit,527000.0,443200.0,LIQ-000528,Increase 30%,0.3,685100.0,0.12153563721790035,Moderate,506050.0,624625.0,39977.02098917701,49344.22830820016,37442.04595607786,0.31576678014824255,No reported delinquency in the harmonized source fields | High utilization with low estimated risk,"{""automatic_increases_enabled"": true, ""within_maximum_increase"": true, ""within_account_exposure"": true, ""within_expected_loss_ceiling"": true, ""meets_profitability_hurdle"": true, ""payment_history_eligible"": true, ""not_overextended"": true}",credit_age_months | credit_lines | debt_to_income | income_inr
1,0.5190088531369225,,,,,asia,taiwan_credit,238000.0,123500.0,LIQ-000529,Manual review,0.0,238000.0,0.30068856047646064,Very high,209375.0,209375.0,40921.833777343316,40921.833777343316,0.0,0.0,Reported delinquency | Manual review required,"{""automatic_increases_enabled"": true, ""within_maximum_increase"": true, ""within_account_exposure"": true, ""within_expected_loss_ceiling"": false, ""meets_profitability_hurdle"": false, ""payment_history_eligible"": false, ""not_overextended"": true}",credit_age_months | credit_lines | debt_to_income | income_inr
2,0.4152272218591624,,,,,asia,taiwan_credit,546000.0,226700.0,LIQ-000530,Freeze automatic increases,0.0,546000.0,0.39941559067437193,Very high,466175.0,466175.0,121028.41593870647,121028.41593870647,0.0,0.0,Repeated delinquency,"{""automatic_increases_enabled"": true, ""within_maximum_increase"": true, ""within_account_exposure"": true, ""within_expected_loss_ceiling"": false, ""meets_profitability_hurdle"": false, ""payment_history_eligible"": false, ""not_overextended"": true}",credit_age_months | credit_lines | debt_to_income | income_inr
0,0.3937007488198193,,,,,asia,taiwan_credit,1405000.0,553100.0,LIQ-000531,Increase 30%,0.3,1826500.0,0.0753745722583789,Moderate,1192025.0,1508150.0,58401.443422591175,73889.5047484582,31203.06380206986,0.09870482815996792,No reported delinquency in the harmonized source fields,"{""automatic_increases_enabled"": true, ""within_maximum_increase"": true, ""within_account_exposure"": true, ""within_expected_loss_ceiling"": true, ""meets_profitability_hurdle"": true, ""payment_history_eligible"": true, ""not_overextended"": true}",credit_age_months | credit_lines | debt_to_income | income_inr
0,0.8033068590051622,,,,,asia,taiwan_credit,121000.0,97200.0,LIQ-000532,No change,0.0,121000.0,0.13399787456498716,Moderate,115050.0,115050.0,10020.696054656151,10020.696054656151,0.0,0.0,No reported delinquency in the harmonized source fields | High utilization with low estimated risk | Exposure limit reached,"{""automatic_increases_enabled"": true, ""within_maximum_increase"": true, ""within_account_exposure"": true, ""within_expected_loss_ceiling"": true, ""meets_profitability_hurdle"": false, ""payment_history_eligible"": true, ""not_overextended"": true}",credit_age_months | credit_lines | debt_to_income | income_inr
0,0.6267392848228326,,,,,asia,taiwan_credit,202000.0,126600.0,LIQ-000533,No change,0.0,202000.0,0.0987359063062026,Moderate,183150.0,183150.0,11754.262805987655,11754.262805987655,0.0,0.0,No reported delinquency in the harmonized source fields | Exposure limit reached,"{""automatic_increases_enabled"": true, ""within_maximum_increase"": true, ""within_account_exposure"": true, ""within_expected_loss_ceiling"": true, ""meets_profitability_hurdle"": false, ""payment_history_eligible"": true, ""not_overextended"": true}",credit_age_months | credit_lines | debt_to_income | income_inr
0,0.5618830086653985,,,,,asia,taiwan_credit,300000.0,168600.0,LIQ-000534,No change,0.0,300000.0,0.08711596043527224,Moderate,267150.0,267150.0,15127.468739683936,15127.468739683936,0.0,0.0,No reported delinquency in the harmonized source fields | Exposure limit reached,"{""automatic_increases_enabled"": true, ""within_maximum_increase"": true, ""within_account_exposure"": true, ""within_expected_loss_ceiling"": true, ""meets_profitability_hurdle"": false, ""payment_history_eligible"": true, ""not_overextended"": true}",credit_age_months | credit_lines | debt_to_income | income_inr
1,0.7482421868311117,,,,,asia,taiwan_credit,267000.0,199800.0,LIQ-000535,Manual review,0.0,267000.0,0.3139140952892999,Very high,250200.0,250200.0,51051.84931689885,51051.84931689885,0.0,0.0,Reported delinquency | Manual review required,"{""automatic_increases_enabled"": true, ""within_maximum_increase"": true, ""within_account_exposure"": true, ""within_expected_loss_ceiling"": false, ""meets_profitability_hurdle"": false, ""payment_history_eligible"": false, ""not_overextended"": true}",credit_age_months | credit_lines | debt_to_income | income_inr
0,0.5035227650213511,,,,,asia,taiwan_credit,282000.0,142000.0,LIQ-000536,No change,0.0,282000.0,0.08234712963836745,Moderate,247000.0,247000.0,13220.831663439894,13220.831663439894,0.0,0.0,No reported delinquency in the harmonized source fields | Exposure limit reached,"{""automatic_increases_enabled"": true, ""within_maximum_increase"": true, ""within_account_exposure"": true, ""within_expected_loss_ceiling"": true, ""meets_profitability_hurdle"": false, ""payment_history_eligible"": true, ""not_overextended"": true}",credit_age_months | credit_lines | debt_to_income | income_inr
0,0.5851120738536089,,,,,asia,taiwan_credit,150000.0,87800.0,LIQ-000537,No change,0.0,150000.0,0.10840032671474488,Moderate,134450.0,134450.0,9473.375552418343,9473.375552418343,0.0,0.0,No reported delinquency in the harmonized source fields | Exposure limit reached,"{""automatic_increases_enabled"": true, ""within_maximum_increase"": true, ""within_account_exposure"": true, ""within_expected_loss_ceiling"": true, ""meets_profitability_hurdle"": false, ""payment_history_eligible"": true, ""not_overextended"": true}",credit_age_months | credit_lines | debt_to_income | income_inr
1,0.9865919230943402,,,,,asia,taiwan_credit,872000.0,860300.0,LIQ-000538,Manual review,0.0,872000.0,0.39748521230828265,Very high,869075.0,869075.0,224538.8995764335,224538.8995764335,0.0,0.0,Reported delinquency | Manual review required,"{""automatic_increases_enabled"": true, ""within_maximum_increase"": true, ""within_account_exposure"": true, ""within_expected_loss_ceiling"": false, ""meets_profitability_hurdle"": false, ""payment_history_eligible"": false, ""not_overextended"": true}",credit_age_months | credit_lines | debt_to_income | income_inr
0,0.29615453195656855,,,,,asia,taiwan_credit,139000.0,41200.0,LIQ-000539,No change,0.0,139000.0,0.0704930385460487,Moderate,114550.0,114550.0,5248.735417542422,5248.735417542422,0.0,0.0,No reported delinquency in the harmonized source fields | Exposure limit reached,"{""automatic_increases_enabled"": true, ""within_maximum_increase"": true, ""within_account_exposure"": true, ""within_expected_loss_ceiling"": true, ""meets_profitability_hurdle"": false, ""payment_history_eligible"": true, ""not_overextended"": true}",credit_age_months | credit_lines | debt_to_income | income_inr
0,0.3411400405627454,,,,,asia,taiwan_credit,307000.0,104700.0,LIQ-000540,No change,0.0,307000.0,0.06934387152945824,Moderate,256425.0,256425.0,11557.976467011866,11557.976467011866,0.0,0.0,No reported delinquency in the harmonized source fields | Exposure limit reached,"{""automatic_increases_enabled"": true, ""within_maximum_increase"": true, ""within_account_exposure"": true, ""within_expected_loss_ceiling"": true, ""meets_profitability_hurdle"": false, ""payment_history_eligible"": true, ""not_overextended"": true}",credit_age_months | credit_lines | debt_to_income | income_inr
0,0.9814128891065502,,,,,asia,taiwan_credit,691000.0,678200.0,LIQ-000541,Increase 30%,0.3,898300.0,0.14175789753573287,Moderate,687800.0,843275.0,63375.703251300096,77701.57917888934,59204.09172933214,0.38079492992012953,No reported delinquency in the harmonized source fields | High utilization with low estimated risk,"{""automatic_increases_enabled"": true, ""within_maximum_increase"": true, ""within_account_exposure"": true, ""within_expected_loss_ceiling"": true, ""meets_profitability_hurdle"": true, ""payment_history_eligible"": true, ""not_overextended"": true}",credit_age_months | credit_lines | debt_to_income | income_inr
0,0.8605918764832178,,,,,asia,taiwan_credit,343000.0,295200.0,LIQ-000542,Increase 30%,0.3,445900.0,0.13710775366716862,Moderate,331050.0,408225.0,29503.189203485515,36381.028281506944,24361.040042651763,0.3156597349226014,No reported delinquency in the harmonized source fields | High utilization with low estimated risk,"{""automatic_increases_enabled"": true, ""within_maximum_increase"": true, ""within_account_exposure"": true, ""within_expected_loss_ceiling"": true, ""meets_profitability_hurdle"": true, ""payment_history_eligible"": true, ""not_overextended"": true}",credit_age_months | credit_lines | debt_to_income | income_inr
0,0.46934285855905045,,,,,asia,taiwan_credit,185000.0,86800.0,LIQ-000543,No change,0.0,185000.0,0.08451901176507008,Moderate,160450.0,160450.0,8814.699034508572,8814.699034508572,0.0,0.0,No reported delinquency in the harmonized source fields | Exposure limit reached,"{""automatic_increases_enabled"": true, ""within_maximum_increase"": true, ""within_account_exposure"": true, ""within_expected_loss_ceiling"": true, ""meets_profitability_hurdle"": false, ""payment_history_eligible"": true, ""not_overextended"": true}",credit_age_months | credit_lines | debt_to_income | income_inr
0,0.4157162359658228,,,,,asia,taiwan_credit,146000.0,60700.0,LIQ-000544,No change,0.0,146000.0,0.08516958900453168,Moderate,124675.0,124675.0,6902.037030940993,6902.037030940993,0.0,0.0,No reported delinquency in the harmonized source fields | Exposure limit reached,"{""automatic_increases_enabled"": true, ""within_maximum_increase"": true, ""within_account_exposure"": true, ""within_expected_loss_ceiling"": true, ""meets_profitability_hurdle"": false, ""payment_history_eligible"": true, ""not_overextended"": true}",credit_age_months | credit_lines | debt_to_income | income_inr
0,0.40019775263495083,,,,,asia,taiwan_credit,301000.0,120500.0,LIQ-000545,No change,0.0,301000.0,0.0808458283099629,Moderate,255875.0,255875.0,13446.177107227642,13446.177107227642,0.0,0.0,No reported delinquency in the harmonized source fields | Exposure limit reached,"{""automatic_increases_enabled"": true, ""within_maximum_increase"": true, ""within_account_exposure"": true, ""within_expected_loss_ceiling"": true, ""meets_profitability_hurdle"": false, ""payment_history_eligible"": true, ""not_overextended"": true}",credit_age_months | credit_lines | debt_to_income | income_inr
0,0.8799484596897631,,,,,asia,taiwan_credit,214000.0,188300.0,LIQ-000546,No change,0.0,214000.0,0.14642042254009177,Moderate,207575.0,207575.0,19755.59248569371,19755.59248569371,0.0,0.0,No reported delinquency in the harmonized source fields | High utilization with low estimated risk | Exposure limit reached,"{""automatic_increases_enabled"": true, ""within_maximum_increase"": true, ""within_account_exposure"": true, ""within_expected_loss_ceiling"": true, ""meets_profitability_hurdle"": false, ""payment_history_eligible"": true, ""not_overextended"": true}",credit_age_months | credit_lines | debt_to_income | income_inr
0,0.47516686573683925,,,,,asia,taiwan_credit,400000.0,190100.0,LIQ-000547,No change,0.0,400000.0,0.08843012259683386,Moderate,347525.0,347525.0,19975.590931052047,19975.590931052047,0.0,0.0,No reported delinquency in the harmonized source fields | Exposure limit reached,"{""automatic_increases_enabled"": true, ""within_maximum_increase"": true, ""within_account_exposure"": true, ""within_expected_loss_ceiling"": true, ""meets_profitability_hurdle"": false, ""payment_history_eligible"": true, ""not_overextended"": true}",credit_age_months | credit_lines | debt_to_income | income_inr
0,0.3676405147506857,,,,,asia,taiwan_credit,141000.0,51800.0,LIQ-000548,No change,0.0,141000.0,0.0774889191905499,Moderate,118700.0,118700.0,5978.657560146878,5978.657560146878,0.0,0.0,No reported delinquency in the harmonized source fields | Exposure limit reached,"{""automatic_increases_enabled"": true, ""within_maximum_increase"": true, ""within_account_exposure"": true, ""within_expected_loss_ceiling"": true, ""meets_profitability_hurdle"": false, ""payment_history_eligible"": true, ""not_overextended"": true}",credit_age_months | credit_lines | debt_to_income | income_inr
0,0.8887108510151039,,,,,asia,taiwan_credit,594000.0,527900.0,LIQ-000549,Increase 30%,0.3,772200.0,0.13134863297965527,Moderate,577475.0,711125.0,49302.85868945218,60713.44280797728,44903.444065515585,0.3359778830191963,No reported delinquency in the harmonized source fields | High utilization with low estimated risk,"{""automatic_increases_enabled"": true, ""within_maximum_increase"": true, ""within_account_exposure"": true, ""within_expected_loss_ceiling"": true, ""meets_profitability_hurdle"": true, ""payment_history_eligible"": true, ""not_overextended"": true}",credit_age_months | credit_lines | debt_to_income | income_inr
0,0.24788138965410159,,,,,asia,taiwan_credit,377000.0,93500.0,LIQ-000550,No change,0.0,377000.0,0.0735944858898624,Moderate,306125.0,306125.0,14643.922795472181,14643.922795472181,0.0,0.0,No reported delinquency in the harmonized source fields | Exposure limit reached,"{""automatic_increases_enabled"": true, ""within_maximum_increase"": true, ""within_account_exposure"": true, ""within_expected_loss_ceiling"": true, ""meets_profitability_hurdle"": false, ""payment_history_eligible"": true, ""not_overextended"": true}",credit_age_months | credit_lines | debt_to_income | income_inr
0,0.5414056775886912,,,,,asia,taiwan_credit,396000.0,214400.0,LIQ-000551,No change,0.0,396000.0,0.09412664759454485,Moderate,350600.0,350600.0,21450.521720320827,21450.521720320827,0.0,0.0,No reported delinquency in the harmonized source fields | Exposure limit reached,"{""automatic_increases_enabled"": true, ""within_maximum_increase"": true, ""within_account_exposure"": true, ""within_expected_loss_ceiling"": true, ""meets_profitability_hurdle"": false, ""payment_history_eligible"": true, ""not_overextended"": true}",credit_age_months | credit_lines | debt_to_income | income_inr
0,0.9610956943431604,,,,,asia,taiwan_credit,893000.0,858300.0,LIQ-000552,Increase 30%,0.3,1160900.0,0.15259195677769735,High,884325.0,1085250.0,87711.57341533419,107640.27371044745,72885.70938762944,0.3627508243754109,No reported delinquency in the harmonized source fields,"{""automatic_increases_enabled"": true, ""within_maximum_increase"": true, ""within_account_exposure"": true, ""within_expected_loss_ceiling"": true, ""meets_profitability_hurdle"": true, ""payment_history_eligible"": true, ""not_overextended"": true}",credit_age_months | credit_lines | debt_to_income | income_inr
0,0.7435176392620433,,,,,asia,taiwan_credit,263000.0,195500.0,LIQ-000553,No change,0.0,263000.0,0.10445677510176377,Moderate,246125.0,246125.0,16711.125451749045,16711.125451749045,0.0,0.0,No reported delinquency in the harmonized source fields | High utilization with low estimated risk | Exposure limit reached,"{""automatic_increases_enabled"": true, ""within_maximum_increase"": true, ""within_account_exposure"": true, ""within_expected_loss_ceiling"": true, ""meets_profitability_hurdle"": false, ""payment_history_eligible"": true, ""not_overextended"": true}",credit_age_months | credit_lines | debt_to_income | income_inr
0,1.2353866309238377,,,,,asia,taiwan_credit,218000.0,269300.0,LIQ-000554,Manual review,0.0,218000.0,0.1855143832497812,High,218000.0,218000.0,26287.388106493996,26287.388106493996,0.0,0.0,Customer-overextension safeguard | Manual review required,"{""automatic_increases_enabled"": true, ""within_maximum_increase"": true, ""within_account_exposure"": true, ""within_expected_loss_ceiling"": false, ""meets_profitability_hurdle"": false, ""payment_history_eligible"": true, ""not_overextended"": false}",credit_age_months | credit_lines | debt_to_income | income_inr
0,0.538239661391848,,,,,asia,taiwan_credit,245000.0,131900.0,LIQ-000555,No change,0.0,245000.0,0.09412664759454485,Moderate,216725.0,216725.0,13259.738504953028,13259.738504953028,0.0,0.0,No reported delinquency in the harmonized source fields | Exposure limit reached,"{""automatic_increases_enabled"": true, ""within_maximum_increase"": true, ""within_account_exposure"": true, ""within_expected_loss_ceiling"": true, ""meets_profitability_hurdle"": false, ""payment_history_eligible"": true, ""not_overextended"": true}",credit_age_months | credit_lines | debt_to_income | income_inr
1,0.5580484625259533,,,,,asia,taiwan_credit,309000.0,172400.0,LIQ-000556,Manual review,0.0,309000.0,0.325748538169878,Very high,274850.0,274850.0,58195.79071539413,58195.79071539413,0.0,0.0,Reported delinquency | Manual review required,"{""automatic_increases_enabled"": true, ""within_maximum_increase"": true, ""within_account_exposure"": true, ""within_expected_loss_ceiling"": false, ""meets_profitability_hurdle"": false, ""payment_history_eligible"": false, ""not_overextended"": true}",credit_age_months | credit_lines | debt_to_income | income_inr
0,0.48894129029357875,,,,,asia,taiwan_credit,330000.0,161400.0,LIQ-000557,No change,0.0,330000.0,0.09380052946279228,Moderate,287850.0,287850.0,17550.313563812095,17550.313563812095,0.0,0.0,No reported delinquency in the harmonized source fields | Exposure limit reached,"{""automatic_increases_enabled"": true, ""within_maximum_increase"": true, ""within_account_exposure"": true, ""within_expected_loss_ceiling"": true, ""meets_profitability_hurdle"": false, ""payment_history_eligible"": true, ""not_overextended"": true}",credit_age_months | credit_lines | debt_to_income | income_inr
0,0.7199353611614607,,,,,asia,taiwan_credit,204000.0,146900.0,LIQ-000558,No change,0.0,204000.0,0.10836577022598959,Moderate,189725.0,189725.0,13363.80224148182,13363.80224148182,0.0,0.0,No reported delinquency in the harmonized source fields | High utilization with low estimated risk | Exposure limit reached,"{""automatic_increases_enabled"": true, ""within_maximum_increase"": true, ""within_account_exposure"": true, ""within_expected_loss_ceiling"": true, ""meets_profitability_hurdle"": false, ""payment_history_eligible"": true, ""not_overextended"": true}",credit_age_months | credit_lines | debt_to_income | income_inr
0,0.6383987176853098,,,,,asia,taiwan_credit,94000.0,60000.0,LIQ-000559,No change,0.0,94000.0,0.11213565824520577,Moderate,85500.0,85500.0,6231.939206977311,6231.939206977311,0.0,0.0,No reported delinquency in the harmonized source fields | Exposure limit reached,"{""automatic_increases_enabled"": true, ""within_maximum_increase"": true, ""within_account_exposure"": true, ""within_expected_loss_ceiling"": true, ""meets_profitability_hurdle"": false, ""payment_history_eligible"": true, ""not_overextended"": true}",credit_age_months | credit_lines | debt_to_income | income_inr
0,0.7231868188580727,,,,,asia,taiwan_credit,243000.0,175700.0,LIQ-000560,No change,0.0,243000.0,0.10803036497610345,Moderate,226175.0,226175.0,15881.949069005628,15881.949069005628,0.0,0.0,No reported delinquency in the harmonized source fields | High utilization with low estimated risk | Exposure limit reached,"{""automatic_increases_enabled"": true, ""within_maximum_increase"": true, ""within_account_exposure"": true, ""within_expected_loss_ceiling"": true, ""meets_profitability_hurdle"": false, ""payment_history_eligible"": true, ""not_overextended"": true}",credit_age_months | credit_lines | debt_to_income | income_inr
1,0.37081154368472047,,,,,asia,taiwan_credit,442000.0,163900.0,LIQ-000561,Manual review,0.0,442000.0,0.31368931960687124,Very high,372475.0,372475.0,75946.9290583701,75946.9290583701,0.0,0.0,Reported delinquency | Manual review required,"{""automatic_increases_enabled"": true, ""within_maximum_increase"": true, ""within_account_exposure"": true, ""within_expected_loss_ceiling"": false, ""meets_profitability_hurdle"": false, ""payment_history_eligible"": false, ""not_overextended"": true}",credit_age_months | credit_lines | debt_to_income | income_inr
0,0.7664003072054041,,,,,asia,taiwan_credit,382000.0,292800.0,LIQ-000562,Increase 30%,0.3,496600.0,0.11246511318108421,Moderate,359700.0,445650.0,26294.905787303396,32578.050497947617,24039.85107990219,0.27969576590927503,No reported delinquency in the harmonized source fields | High utilization with low estimated risk,"{""automatic_increases_enabled"": true, ""within_maximum_increase"": true, ""within_account_exposure"": true, ""within_expected_loss_ceiling"": true, ""meets_profitability_hurdle"": true, ""payment_history_eligible"": true, ""not_overextended"": true}",credit_age_months | credit_lines | debt_to_income | income_inr
0,0.846852611717513,,,,,asia,taiwan_credit,763000.0,646100.0,LIQ-000563,Increase 30%,0.3,991900.0,0.1248660570378491,Moderate,733775.0,905450.0,59555.33415191602,73488.9813741983,54469.671999162994,0.3172836580699752,No reported delinquency in the harmonized source fields | High utilization with low estimated risk,"{""automatic_increases_enabled"": true, ""within_maximum_increase"": true, ""within_account_exposure"": true, ""within_expected_loss_ceiling"": true, ""meets_profitability_hurdle"": true, ""payment_history_eligible"": true, ""not_overextended"": true}",credit_age_months | credit_lines | debt_to_income | income_inr
0,0.6332809838507998,,,,,asia,taiwan_credit,1248000.0,790300.0,LIQ-000564,Increase 30%,0.3,1622400.0,0.10158334797157326,Moderate,1133575.0,1414375.0,74849.02338996952,93390.01606174106,60209.353795313305,0.21442077562433515,No reported delinquency in the harmonized source fields,"{""automatic_increases_enabled"": true, ""within_maximum_increase"": true, ""within_account_exposure"": true, ""within_expected_loss_ceiling"": true, ""meets_profitability_hurdle"": true, ""payment_history_eligible"": true, ""not_overextended"": true}",credit_age_months | credit_lines | debt_to_income | income_inr
0,0.4029085529760723,,,,,asia,taiwan_credit,573000.0,230900.0,LIQ-000565,No change,0.0,573000.0,0.08516958900453168,Moderate,487475.0,487475.0,26986.729509989655,26986.729509989655,0.0,0.0,No reported delinquency in the harmonized source fields | Exposure limit reached,"{""automatic_increases_enabled"": true, ""within_maximum_increase"": true, ""within_account_exposure"": true, ""within_expected_loss_ceiling"": true, ""meets_profitability_hurdle"": false, ""payment_history_eligible"": true, ""not_overextended"": true}",credit_age_months | credit_lines | debt_to_income | income_inr
0,1.0232769335731917,,,,,asia,taiwan_credit,860000.0,880000.0,LIQ-000566,Increase 30%,0.3,1118000.0,0.1607178436105998,High,860000.0,1058500.0,89841.27457832529,110577.89435018293,74961.8458649135,0.3776415408811763,No reported delinquency in the harmonized source fields,"{""automatic_increases_enabled"": true, ""within_maximum_increase"": true, ""within_account_exposure"": true, ""within_expected_loss_ceiling"": true, ""meets_profitability_hurdle"": true, ""payment_history_eligible"": true, ""not_overextended"": true}",credit_age_months | credit_lines | debt_to_income | income_inr
0,0.8797174368805768,,,,,asia,taiwan_credit,576000.0,506700.0,LIQ-000567,Increase 30%,0.3,748800.0,0.14642042254009177,Moderate,558675.0,688275.0,53170.92921568075,65505.385610458085,41621.45257727695,0.3211531834666431,No reported delinquency in the harmonized source fields | High utilization with low estimated risk,"{""automatic_increases_enabled"": true, ""within_maximum_increase"": true, ""within_account_exposure"": true, ""within_expected_loss_ceiling"": true, ""meets_profitability_hurdle"": true, ""payment_history_eligible"": true, ""not_overextended"": true}",credit_age_months | credit_lines | debt_to_income | income_inr
0,0.7758263136667529,,,,,asia,taiwan_credit,1064000.0,825500.0,LIQ-000568,Increase 30%,0.3,1383200.0,0.12273752595832339,Moderate,1004375.0,1243775.0,80128.4267123542,99227.61312672889,66933.08871189067,0.27958683672468954,No reported delinquency in the harmonized source fields | High utilization with low estimated risk,"{""automatic_increases_enabled"": true, ""within_maximum_increase"": true, ""within_account_exposure"": true, ""within_expected_loss_ceiling"": true, ""meets_profitability_hurdle"": true, ""payment_history_eligible"": true, ""not_overextended"": true}",credit_age_months | credit_lines | debt_to_income | income_inr
1,0.2352419133224769,,,,,asia,taiwan_credit,1166000.0,274300.0,LIQ-000569,Manual review,0.0,1166000.0,0.29443223335928176,High,943075.0,943075.0,180486.59100894802,180486.59100894802,0.0,0.0,Reported delinquency | Manual review required,"{""automatic_increases_enabled"": true, ""within_maximum_increase"": true, ""within_account_exposure"": true, ""within_expected_loss_ceiling"": false, ""meets_profitability_hurdle"": false, ""payment_history_eligible"": false, ""not_overextended"": true}",credit_age_months | credit_lines | debt_to_income | income_inr
0,0.6521589112950322,,,,,asia,taiwan_credit,649000.0,423300.0,LIQ-000570,Increase 30%,0.3,843700.0,0.10742653511030126,Moderate,592575.0,738600.0,41377.8813779414,51574.405241104534,32198.07252095444,0.2204969869608248,No reported delinquency in the harmonized source fields | High utilization with low estimated risk,"{""automatic_increases_enabled"": true, ""within_maximum_increase"": true, ""within_account_exposure"": true, ""within_expected_loss_ceiling"": true, ""meets_profitability_hurdle"": true, ""payment_history_eligible"": true, ""not_overextended"": true}",credit_age_months | credit_lines | debt_to_income | income_inr
1,0.7718864814525953,,,,,asia,taiwan_credit,554000.0,427600.0,LIQ-000571,Manual review,0.0,554000.0,0.32199672053046346,Very high,522400.0,522400.0,109337.20642332418,109337.20642332418,0.0,0.0,Reported delinquency | Manual review required,"{""automatic_increases_enabled"": true, ""within_maximum_increase"": true, ""within_account_exposure"": true, ""within_expected_loss_ceiling"": false, ""meets_profitability_hurdle"": false, ""payment_history_eligible"": false, ""not_overextended"": true}",credit_age_months | credit_lines | debt_to_income | income_inr
0,0.42237973028759956,,,,,asia,taiwan_credit,306000.0,129200.0,LIQ-000572,No change,0.0,306000.0,0.08516958900453168,Moderate,261800.0,261800.0,14493.308960901157,14493.308960901157,0.0,0.0,No reported delinquency in the harmonized source fields | Exposure limit reached,"{""automatic_increases_enabled"": true, ""within_maximum_increase"": true, ""within_account_exposure"": true, ""within_expected_loss_ceiling"": true, ""meets_profitability_hurdle"": false, ""payment_history_eligible"": true, ""not_overextended"": true}",credit_age_months | credit_lines | debt_to_income | income_inr
0,0.40338992898476717,,,,,asia,taiwan_credit,341000.0,137600.0,LIQ-000573,No change,0.0,341000.0,0.08516958900453168,Moderate,290150.0,290150.0,16062.771562282165,16062.771562282165,0.0,0.0,No reported delinquency in the harmonized source fields | Exposure limit reached,"{""automatic_increases_enabled"": true, ""within_maximum_increase"": true, ""within_account_exposure"": true, ""within_expected_loss_ceiling"": true, ""meets_profitability_hurdle"": false, ""payment_history_eligible"": true, ""not_overextended"": true}",credit_age_months | credit_lines | debt_to_income | income_inr
1,0.8327806773228691,,,,,asia,taiwan_credit,281000.0,234000.0,LIQ-000574,Manual review,0.0,281000.0,0.3043709133925956,Very high,269250.0,269250.0,53268.714480121635,53268.714480121635,0.0,0.0,Reported delinquency | Manual review required,"{""automatic_increases_enabled"": true, ""within_maximum_increase"": true, ""within_account_exposure"": true, ""within_expected_loss_ceiling"": false, ""meets_profitability_hurdle"": false, ""payment_history_eligible"": false, ""not_overextended"": true}",credit_age_months | credit_lines | debt_to_income | income_inr
0,0.6426499636139009,,,,,asia,taiwan_credit,524000.0,336700.0,LIQ-000575,Increase 30%,0.3,681200.0,0.11213565824520577,Moderate,477175.0,595075.0,34780.41627005144,43373.93243967279,24979.501816046402,0.21187024441091096,No reported delinquency in the harmonized source fields,"{""automatic_increases_enabled"": true, ""within_maximum_increase"": true, ""within_account_exposure"": true, ""within_expected_loss_ceiling"": true, ""meets_profitability_hurdle"": true, ""payment_history_eligible"": true, ""not_overextended"": true}",credit_age_months | credit_lines | debt_to_income | income_inr
0,0.4226241853660716,,,,,asia,taiwan_credit,219000.0,92600.0,LIQ-000576,No change,0.0,219000.0,0.08516958900453168,Moderate,187400.0,187400.0,10374.507636642005,10374.507636642005,0.0,0.0,No reported delinquency in the harmonized source fields | Exposure limit reached,"{""automatic_increases_enabled"": true, ""within_maximum_increase"": true, ""within_account_exposure"": true, ""within_expected_loss_ceiling"": true, ""meets_profitability_hurdle"": false, ""payment_history_eligible"": true, ""not_overextended"": true}",credit_age_months | credit_lines | debt_to_income | income_inr
0,0.5265428057491641,,,,,asia,taiwan_credit,309000.0,162700.0,LIQ-000577,No change,0.0,309000.0,0.08962827602182603,Moderate,272425.0,272425.0,15871.039011909874,15871.039011909874,0.0,0.0,No reported delinquency in the harmonized source fields | Exposure limit reached,"{""automatic_increases_enabled"": true, ""within_maximum_increase"": true, ""within_account_exposure"": true, ""within_expected_loss_ceiling"": true, ""meets_profitability_hurdle"": false, ""payment_history_eligible"": true, ""not_overextended"": true}",credit_age_months | credit_lines | debt_to_income | income_inr
0,0.20723697364840246,,,,,asia,taiwan_credit,76000.0,15800.0,LIQ-000578,No change,0.0,76000.0,0.07009471210831149,Moderate,60950.0,60950.0,2776.9772569510305,2776.9772569510305,0.0,0.0,No reported delinquency in the harmonized source fields | Incremental return below profitability hurdle,"{""automatic_increases_enabled"": true, ""within_maximum_increase"": true, ""within_account_exposure"": true, ""within_expected_loss_ceiling"": true, ""meets_profitability_hurdle"": false, ""payment_history_eligible"": true, ""not_overextended"": true}",credit_age_months | credit_lines | debt_to_income | income_inr
0,0.6689921957429761,,,,,asia,taiwan_credit,1073000.0,717800.0,LIQ-000579,Increase 30%,0.3,1394900.0,0.11251901624577622,Moderate,984200.0,1225625.0,71981.79026291042,89638.97753604916,54805.00553811954,0.2270063396007851,No reported delinquency in the harmonized source fields | High utilization with low estimated risk,"{""automatic_increases_enabled"": true, ""within_maximum_increase"": true, ""within_account_exposure"": true, ""within_expected_loss_ceiling"": true, ""meets_profitability_hurdle"": true, ""payment_history_eligible"": true, ""not_overextended"": true}",credit_age_months | credit_lines | debt_to_income | income_inr
0,1.202842109554776,,,,,asia,taiwan_credit,303000.0,364500.0,LIQ-000580,Manual review,0.0,303000.0,0.1855143832497812,High,303000.0,303000.0,36537.05778104441,36537.05778104441,0.0,0.0,Customer-overextension safeguard | Manual review required,"{""automatic_increases_enabled"": true, ""within_maximum_increase"": true, ""within_account_exposure"": true, ""within_expected_loss_ceiling"": false, ""meets_profitability_hurdle"": false, ""payment_history_eligible"": true, ""not_overextended"": false}",credit_age_months | credit_lines | debt_to_income | income_inr
0,0.6693895183231559,,,,,asia,taiwan_credit,471000.0,315300.0,LIQ-000581,Increase 30%,0.3,612300.0,0.11251901624577622,Moderate,432075.0,538050.0,31600.825063855948,39351.55684917593,23979.352665541963,0.22627367459817846,No reported delinquency in the harmonized source fields | High utilization with low estimated risk,"{""automatic_increases_enabled"": true, ""within_maximum_increase"": true, ""within_account_exposure"": true, ""within_expected_loss_ceiling"": true, ""meets_profitability_hurdle"": true, ""payment_history_eligible"": true, ""not_overextended"": true}",credit_age_months | credit_lines | debt_to_income | income_inr
1,0.744202855001567,,,,,asia,taiwan_credit,903000.0,672000.0,LIQ-000582,Manual review,0.0,903000.0,0.3139140952892999,Very high,845250.0,845250.0,172468.3278781325,172468.3278781325,0.0,0.0,Reported delinquency | Manual review required,"{""automatic_increases_enabled"": true, ""within_maximum_increase"": true, ""within_account_exposure"": true, ""within_expected_loss_ceiling"": false, ""meets_profitability_hurdle"": false, ""payment_history_eligible"": false, ""not_overextended"": true}",credit_age_months | credit_lines | debt_to_income | income_inr
1,0.5595996213512512,,,,,asia,taiwan_credit,425000.0,237800.0,LIQ-000583,Manual review,0.0,425000.0,0.325748538169878,Very high,378200.0,378200.0,80078.7631383011,80078.7631383011,0.0,0.0,Reported delinquency | Manual review required,"{""automatic_increases_enabled"": true, ""within_maximum_increase"": true, ""within_account_exposure"": true, ""within_expected_loss_ceiling"": false, ""meets_profitability_hurdle"": false, ""payment_history_eligible"": false, ""not_overextended"": true}",credit_age_months | credit_lines | debt_to_income | income_inr
0,0.3545503468911394,,,,,asia,taiwan_credit,895000.0,317300.0,LIQ-000584,No change,0.0,895000.0,0.07264242638855538,Moderate,750575.0,750575.0,35440.33297128347,35440.33297128347,0.0,0.0,No reported delinquency in the harmonized source fields | Exposure limit reached,"{""automatic_increases_enabled"": true, ""within_maximum_increase"": true, ""within_account_exposure"": true, ""within_expected_loss_ceiling"": true, ""meets_profitability_hurdle"": false, ""payment_history_eligible"": true, ""not_overextended"": true}",credit_age_months | credit_lines | debt_to_income | income_inr
1,0.5416400182110465,,,,,asia,taiwan_credit,156000.0,84500.0,LIQ-000585,Manual review,0.0,156000.0,0.3301159449154249,Very high,138125.0,138125.0,29638.22217943799,29638.22217943799,0.0,0.0,Reported delinquency | Manual review required,"{""automatic_increases_enabled"": true, ""within_maximum_increase"": true, ""within_account_exposure"": true, ""within_expected_loss_ceiling"": false, ""meets_profitability_hurdle"": false, ""payment_history_eligible"": false, ""not_overextended"": true}",credit_age_months | credit_lines | debt_to_income | income_inr
0,0.5369610110519168,,,,,asia,taiwan_credit,1663000.0,893000.0,LIQ-000586,Increase 30%,0.3,2161900.0,0.09300480011477723,Moderate,1470500.0,1844675.0,88896.31306970696,111516.35927362235,62396.30276654319,0.1667570061242552,No reported delinquency in the harmonized source fields,"{""automatic_increases_enabled"": true, ""within_maximum_increase"": true, ""within_account_exposure"": true, ""within_expected_loss_ceiling"": true, ""meets_profitability_hurdle"": true, ""payment_history_eligible"": true, ""not_overextended"": true}",credit_age_months | credit_lines | debt_to_income | income_inr
1,0.9448282354402545,,,,,asia,taiwan_credit,709000.0,669900.0,LIQ-000587,Manual review,0.0,709000.0,0.3743816936075854,Very high,699225.0,699225.0,170155.07581329654,170155.07581329654,0.0,0.0,Reported delinquency | Manual review required,"{""automatic_increases_enabled"": true, ""within_maximum_increase"": true, ""within_account_exposure"": true, ""within_expected_loss_ceiling"": false, ""meets_profitability_hurdle"": false, ""payment_history_eligible"": false, ""not_overextended"": true}",credit_age_months | credit_lines | debt_to_income | income_inr
0,0.4079909562708922,,,,,asia,taiwan_credit,401000.0,163600.0,LIQ-000588,No change,0.0,401000.0,0.08516958900453168,Moderate,341650.0,341650.0,18913.823554208862,18913.823554208862,0.0,0.0,No reported delinquency in the harmonized source fields | Exposure limit reached,"{""automatic_increases_enabled"": true, ""within_maximum_increase"": true, ""within_account_exposure"": true, ""within_expected_loss_ceiling"": true, ""meets_profitability_hurdle"": false, ""payment_history_eligible"": true, ""not_overextended"": true}",credit_age_months | credit_lines | debt_to_income | income_inr
1,0.867814837327665,,,,,asia,taiwan_credit,884000.0,767100.0,LIQ-000589,Manual review,0.0,884000.0,0.3041226916242984,Very high,854775.0,854775.0,168971.7079265538,168971.7079265538,0.0,0.0,Reported delinquency | Manual review required,"{""automatic_increases_enabled"": true, ""within_maximum_increase"": true, ""within_account_exposure"": true, ""within_expected_loss_ceiling"": false, ""meets_profitability_hurdle"": false, ""payment_history_eligible"": false, ""not_overextended"": true}",credit_age_months | credit_lines | debt_to_income | income_inr
1,0.41220533430397777,,,,,asia,taiwan_credit,164000.0,67600.0,LIQ-000590,Manual review,0.0,164000.0,0.32216460564488014,Very high,139900.0,139900.0,29296.038414317176,29296.038414317176,0.0,0.0,Reported delinquency | Manual review required,"{""automatic_increases_enabled"": true, ""within_maximum_increase"": true, ""within_account_exposure"": true, ""within_expected_loss_ceiling"": false, ""meets_profitability_hurdle"": false, ""payment_history_eligible"": false, ""not_overextended"": true}",credit_age_months | credit_lines | debt_to_income | income_inr
1,0.7648591053426476,,,,,asia,taiwan_credit,290000.0,221800.0,LIQ-000591,Manual review,0.0,290000.0,0.3046278166337148,Very high,272950.0,272950.0,54046.305657612094,54046.305657612094,0.0,0.0,Reported delinquency | Manual review required,"{""automatic_increases_enabled"": true, ""within_maximum_increase"": true, ""within_account_exposure"": true, ""within_expected_loss_ceiling"": false, ""meets_profitability_hurdle"": false, ""payment_history_eligible"": false, ""not_overextended"": true}",credit_age_months | credit_lines | debt_to_income | income_inr
0,0.24343049120975063,,,,,asia,taiwan_credit,895000.0,217900.0,LIQ-000592,No change,0.0,895000.0,0.0735944858898624,Moderate,725725.0,725725.0,34716.08287707325,34716.08287707325,0.0,0.0,No reported delinquency in the harmonized source fields | Exposure limit reached,"{""automatic_increases_enabled"": true, ""within_maximum_increase"": true, ""within_account_exposure"": true, ""within_expected_loss_ceiling"": true, ""meets_profitability_hurdle"": false, ""payment_history_eligible"": true, ""not_overextended"": true}",credit_age_months | credit_lines | debt_to_income | income_inr
0,0.7536634908711386,,,,,asia,taiwan_credit,104000.0,78400.0,LIQ-000593,No change,0.0,104000.0,0.10445677510176377,Moderate,97600.0,97600.0,6626.737812455894,6626.737812455894,0.0,0.0,No reported delinquency in the harmonized source fields | High utilization with low estimated risk | Exposure limit reached,"{""automatic_increases_enabled"": true, ""within_maximum_increase"": true, ""within_account_exposure"": true, ""within_expected_loss_ceiling"": true, ""meets_profitability_hurdle"": false, ""payment_history_eligible"": true, ""not_overextended"": true}",credit_age_months | credit_lines | debt_to_income | income_inr
0,0.45068635449884237,,,,,asia,taiwan_credit,504000.0,227100.0,LIQ-000594,No change,0.0,504000.0,0.08632687031535953,Moderate,434775.0,434775.0,24396.29727688429,24396.29727688429,0.0,0.0,No reported delinquency in the harmonized source fields | Exposure limit reached,"{""automatic_increases_enabled"": true, ""within_maximum_increase"": true, ""within_account_exposure"": true, ""within_expected_loss_ceiling"": true, ""meets_profitability_hurdle"": false, ""payment_history_eligible"": true, ""not_overextended"": true}",credit_age_months | credit_lines | debt_to_income | income_inr
0,0.1809254486328869,,,,,asia,taiwan_credit,495000.0,89600.0,LIQ-000595,No change,0.0,495000.0,0.07050781865063688,Moderate,393650.0,393650.0,18041.011827685084,18041.011827685084,0.0,0.0,No reported delinquency in the harmonized source fields | Low utilization provides no evidence of additional need | Incremental return below profitability hurdle,"{""automatic_increases_enabled"": true, ""within_maximum_increase"": true, ""within_account_exposure"": true, ""within_expected_loss_ceiling"": true, ""meets_profitability_hurdle"": false, ""payment_history_eligible"": true, ""not_overextended"": true}",credit_age_months | credit_lines | debt_to_income | income_inr
0,0.3616144563551849,,,,,asia,taiwan_credit,1259000.0,455300.0,LIQ-000596,Increase 30%,0.3,1636700.0,0.07264242638855538,Moderate,1058075.0,1341350.0,49959.737945695975,63335.297113587694,23405.89502486219,0.08262605251032457,No reported delinquency in the harmonized source fields,"{""automatic_increases_enabled"": true, ""within_maximum_increase"": true, ""within_account_exposure"": true, ""within_expected_loss_ceiling"": true, ""meets_profitability_hurdle"": true, ""payment_history_eligible"": true, ""not_overextended"": true}",credit_age_months | credit_lines | debt_to_income | income_inr
0,0.6818674284636688,,,,,asia,taiwan_credit,125000.0,85200.0,LIQ-000597,No change,0.0,125000.0,0.11258142348426615,Moderate,115050.0,115050.0,8419.120301712133,8419.120301712133,0.0,0.0,No reported delinquency in the harmonized source fields | High utilization with low estimated risk | Exposure limit reached,"{""automatic_increases_enabled"": true, ""within_maximum_increase"": true, ""within_account_exposure"": true, ""within_expected_loss_ceiling"": true, ""meets_profitability_hurdle"": false, ""payment_history_eligible"": true, ""not_overextended"": true}",credit_age_months | credit_lines | debt_to_income | income_inr
0,0.6784598509565254,,,,,asia,taiwan_credit,996000.0,675700.0,LIQ-000598,Increase 30%,0.3,1294800.0,0.11258142348426615,Moderate,915925.0,1140025.0,67025.49119813721,83424.66424997283,52026.38442924809,0.23215700325411912,No reported delinquency in the harmonized source fields | High utilization with low estimated risk,"{""automatic_increases_enabled"": true, ""within_maximum_increase"": true, ""within_account_exposure"": true, ""within_expected_loss_ceiling"": true, ""meets_profitability_hurdle"": true, ""payment_history_eligible"": true, ""not_overextended"": true}",credit_age_months | credit_lines | debt_to_income | income_inr
0,0.17273561325458436,,,,,asia,taiwan_credit,243000.0,42000.0,LIQ-000599,No change,0.0,243000.0,0.07102555540407707,Moderate,192750.0,192750.0,8898.614272688304,8898.614272688304,0.0,0.0,No reported delinquency in the harmonized source fields | Low utilization provides no evidence of additional need | Incremental return below profitability hurdle,"{""automatic_increases_enabled"": true, ""within_maximum_increase"": true, ""within_account_exposure"": true, ""within_expected_loss_ceiling"": true, ""meets_profitability_hurdle"": false, ""payment_history_eligible"": true, ""not_overextended"": true}",credit_age_months | credit_lines | debt_to_income | income_inr
1,0.7163262071292171,,,,,asia,taiwan_credit,262000.0,187700.0,LIQ-000600,Manual review,0.0,262000.0,0.33519941630798017,Very high,243425.0,243425.0,53037.34664460055,53037.34664460055,0.0,0.0,Reported delinquency | Manual review required,"{""automatic_increases_enabled"": true, ""within_maximum_increase"": true, ""within_account_exposure"": true, ""within_expected_loss_ceiling"": false, ""meets_profitability_hurdle"": false, ""payment_history_eligible"": false, ""not_overextended"": true}",credit_age_months | credit_lines | debt_to_income | income_inr
1,0.5252563458710052,,,,,asia,taiwan_credit,158000.0,83000.0,LIQ-000601,Manual review,0.0,158000.0,0.3038556310623587,Very high,139250.0,139250.0,27502.73280653174,27502.73280653174,0.0,0.0,Reported delinquency | Manual review required,"{""automatic_increases_enabled"": true, ""within_maximum_increase"": true, ""within_account_exposure"": true, ""within_expected_loss_ceiling"": false, ""meets_profitability_hurdle"": false, ""payment_history_eligible"": false, ""not_overextended"": true}",credit_age_months | credit_lines | debt_to_income | income_inr
1,0.37556902944895987,,,,,asia,taiwan_credit,173000.0,65000.0,LIQ-000602,Manual review,0.0,173000.0,0.31368931960687124,Very high,146000.0,146000.0,29769.116430692084,29769.116430692084,0.0,0.0,Reported delinquency | Manual review required,"{""automatic_increases_enabled"": true, ""within_maximum_increase"": true, ""within_account_exposure"": true, ""within_expected_loss_ceiling"": false, ""meets_profitability_hurdle"": false, ""payment_history_eligible"": false, ""not_overextended"": true}",credit_age_months | credit_lines | debt_to_income | income_inr
0,0.3957601398689811,,,,,asia,taiwan_credit,455000.0,180100.0,LIQ-000603,No change,0.0,455000.0,0.0753745722583789,Moderate,386275.0,386275.0,18924.95338441845,18924.95338441845,0.0,0.0,No reported delinquency in the harmonized source fields | Exposure limit reached,"{""automatic_increases_enabled"": true, ""within_maximum_increase"": true, ""within_account_exposure"": true, ""within_expected_loss_ceiling"": true, ""meets_profitability_hurdle"": false, ""payment_history_eligible"": true, ""not_overextended"": true}",credit_age_months | credit_lines | debt_to_income | income_inr
0,0.6974423201296456,,,,,asia,taiwan_credit,170000.0,118600.0,LIQ-000604,No change,0.0,170000.0,0.11258142348426615,Moderate,157150.0,157150.0,11499.910955359077,11499.910955359077,0.0,0.0,No reported delinquency in the harmonized source fields | High utilization with low estimated risk | Exposure limit reached,"{""automatic_increases_enabled"": true, ""within_maximum_increase"": true, ""within_account_exposure"": true, ""within_expected_loss_ceiling"": true, ""meets_profitability_hurdle"": false, ""payment_history_eligible"": true, ""not_overextended"": true}",credit_age_months | credit_lines | debt_to_income | income_inr
0,0.5309804466664898,,,,,asia,taiwan_credit,566000.0,300500.0,LIQ-000605,Increase 30%,0.3,735800.0,0.08962827602182603,Moderate,499625.0,626975.0,29107.342814813142,36526.547433209846,20975.022900726006,0.16470375265587756,No reported delinquency in the harmonized source fields,"{""automatic_increases_enabled"": true, ""within_maximum_increase"": true, ""within_account_exposure"": true, ""within_expected_loss_ceiling"": true, ""meets_profitability_hurdle"": true, ""payment_history_eligible"": true, ""not_overextended"": true}",credit_age_months | credit_lines | debt_to_income | income_inr
0,0.36586633498825727,,,,,asia,taiwan_credit,227000.0,83100.0,LIQ-000606,No change,0.0,227000.0,0.0774889191905499,Moderate,191025.0,191025.0,9621.508512443617,9621.508512443617,0.0,0.0,No reported delinquency in the harmonized source fields | Exposure limit reached,"{""automatic_increases_enabled"": true, ""within_maximum_increase"": true, ""within_account_exposure"": true, ""within_expected_loss_ceiling"": true, ""meets_profitability_hurdle"": false, ""payment_history_eligible"": true, ""not_overextended"": true}",credit_age_months | credit_lines | debt_to_income | income_inr
0,0.4644827255358232,,,,,asia,taiwan_credit,159000.0,73900.0,LIQ-000607,No change,0.0,159000.0,0.08451901176507008,Moderate,137725.0,137725.0,7566.24758197378,7566.24758197378,0.0,0.0,No reported delinquency in the harmonized source fields | Exposure limit reached,"{""automatic_increases_enabled"": true, ""within_maximum_increase"": true, ""within_account_exposure"": true, ""within_expected_loss_ceiling"": true, ""meets_profitability_hurdle"": false, ""payment_history_eligible"": true, ""not_overextended"": true}",credit_age_months | credit_lines | debt_to_income | income_inr
1,0.40182919333766304,,,,,asia,taiwan_credit,248000.0,99700.0,LIQ-000608,Manual review,0.0,248000.0,0.32216460564488014,Very high,210925.0,210925.0,44169.170139670125,44169.170139670125,0.0,0.0,Reported delinquency | Manual review required,"{""automatic_increases_enabled"": true, ""within_maximum_increase"": true, ""within_account_exposure"": true, ""within_expected_loss_ceiling"": false, ""meets_profitability_hurdle"": false, ""payment_history_eligible"": false, ""not_overextended"": true}",credit_age_months | credit_lines | debt_to_income | income_inr
0,0.45340541265184975,,,,,asia,taiwan_credit,436000.0,197700.0,LIQ-000609,No change,0.0,436000.0,0.08451901176507008,Moderate,376425.0,376425.0,20679.79485238323,20679.79485238323,0.0,0.0,No reported delinquency in the harmonized source fields | Exposure limit reached,"{""automatic_increases_enabled"": true, ""within_maximum_increase"": true, ""within_account_exposure"": true, ""within_expected_loss_ceiling"": true, ""meets_profitability_hurdle"": false, ""payment_history_eligible"": true, ""not_overextended"": true}",credit_age_months | credit_lines | debt_to_income | income_inr
1,0.2093131239702478,,,,,asia,taiwan_credit,292000.0,61100.0,LIQ-000610,Manual review,0.0,292000.0,0.2710349207668136,High,234275.0,234275.0,41272.85894071942,41272.85894071942,0.0,0.0,Reported delinquency | Manual review required,"{""automatic_increases_enabled"": true, ""within_maximum_increase"": true, ""within_account_exposure"": true, ""within_expected_loss_ceiling"": false, ""meets_profitability_hurdle"": false, ""payment_history_eligible"": false, ""not_overextended"": true}",credit_age_months | credit_lines | debt_to_income | income_inr
0,0.1593285662087798,,,,,asia,taiwan_credit,358000.0,57000.0,LIQ-000611,No change,0.0,358000.0,0.07443607206105499,Moderate,282750.0,282750.0,13680.419593921144,13680.419593921144,0.0,0.0,No reported delinquency in the harmonized source fields | Low utilization provides no evidence of additional need | Incremental return below profitability hurdle,"{""automatic_increases_enabled"": true, ""within_maximum_increase"": true, ""within_account_exposure"": true, ""within_expected_loss_ceiling"": true, ""meets_profitability_hurdle"": false, ""payment_history_eligible"": true, ""not_overextended"": true}",credit_age_months | credit_lines | debt_to_income | income_inr
2,0.3922609724852262,,,,,asia,taiwan_credit,550000.0,215700.0,LIQ-000612,Freeze automatic increases,0.0,550000.0,0.3872942852617034,Very high,466425.0,466425.0,117418.42905207351,117418.42905207351,0.0,0.0,Repeated delinquency,"{""automatic_increases_enabled"": true, ""within_maximum_increase"": true, ""within_account_exposure"": true, ""within_expected_loss_ceiling"": false, ""meets_profitability_hurdle"": false, ""payment_history_eligible"": false, ""not_overextended"": true}",credit_age_months | credit_lines | debt_to_income | income_inr
0,0.8029897438908874,,,,,asia,taiwan_credit,707000.0,567700.0,LIQ-000613,Increase 30%,0.3,919100.0,0.13095737649455527,Moderate,672175.0,831250.0,57217.078454398004,70757.9074872144,45960.534008818744,0.28892367756604587,No reported delinquency in the harmonized source fields | High utilization with low estimated risk,"{""automatic_increases_enabled"": true, ""within_maximum_increase"": true, ""within_account_exposure"": true, ""within_expected_loss_ceiling"": true, ""meets_profitability_hurdle"": true, ""payment_history_eligible"": true, ""not_overextended"": true}",credit_age_months | credit_lines | debt_to_income | income_inr
0,0.5786962160309093,,,,,asia,taiwan_credit,286000.0,165500.0,LIQ-000614,No change,0.0,286000.0,0.10840032671474488,Moderate,255875.0,255875.0,18029.006838787976,18029.006838787976,0.0,0.0,No reported delinquency in the harmonized source fields | Exposure limit reached,"{""automatic_increases_enabled"": true, ""within_maximum_increase"": true, ""within_account_exposure"": true, ""within_expected_loss_ceiling"": true, ""meets_profitability_hurdle"": false, ""payment_history_eligible"": true, ""not_overextended"": true}",credit_age_months | credit_lines | debt_to_income | income_inr
0,0.6974408350201334,,,,,asia,taiwan_credit,178000.0,124100.0,LIQ-000615,No change,0.0,178000.0,0.11258142348426615,Moderate,164525.0,164525.0,12039.598154186779,12039.598154186779,0.0,0.0,No reported delinquency in the harmonized source fields | High utilization with low estimated risk | Exposure limit reached,"{""automatic_increases_enabled"": true, ""within_maximum_increase"": true, ""within_account_exposure"": true, ""within_expected_loss_ceiling"": true, ""meets_profitability_hurdle"": false, ""payment_history_eligible"": true, ""not_overextended"": true}",credit_age_months | credit_lines | debt_to_income | income_inr
0,0.5440996166855335,,,,,asia,taiwan_credit,368000.0,200200.0,LIQ-000616,No change,0.0,368000.0,0.09412664759454485,Moderate,326050.0,326050.0,19948.495741330877,19948.495741330877,0.0,0.0,No reported delinquency in the harmonized source fields | Exposure limit reached,"{""automatic_increases_enabled"": true, ""within_maximum_increase"": true, ""within_account_exposure"": true, ""within_expected_loss_ceiling"": true, ""meets_profitability_hurdle"": false, ""payment_history_eligible"": true, ""not_overextended"": true}",credit_age_months | credit_lines | debt_to_income | income_inr
0,0.6655130845589907,,,,,asia,taiwan_credit,475000.0,316100.0,LIQ-000617,Increase 30%,0.3,617500.0,0.11251901624577622,Moderate,435275.0,542150.0,31834.86461764716,39651.42002747093,23954.843119923273,0.22413888299343412,No reported delinquency in the harmonized source fields | High utilization with low estimated risk,"{""automatic_increases_enabled"": true, ""within_maximum_increase"": true, ""within_account_exposure"": true, ""within_expected_loss_ceiling"": true, ""meets_profitability_hurdle"": true, ""payment_history_eligible"": true, ""not_overextended"": true}",credit_age_months | credit_lines | debt_to_income | income_inr
0,0.386931644127346,,,,,asia,taiwan_credit,135000.0,52200.0,LIQ-000618,No change,0.0,135000.0,0.0753745722583789,Moderate,114300.0,114300.0,5599.953845936261,5599.953845936261,0.0,0.0,No reported delinquency in the harmonized source fields | Exposure limit reached,"{""automatic_increases_enabled"": true, ""within_maximum_increase"": true, ""within_account_exposure"": true, ""within_expected_loss_ceiling"": true, ""meets_profitability_hurdle"": false, ""payment_history_eligible"": true, ""not_overextended"": true}",credit_age_months | credit_lines | debt_to_income | income_inr
1,0.39253276671166126,,,,,asia,taiwan_credit,196000.0,76900.0,LIQ-000619,Manual review,0.0,196000.0,0.32216460564488014,Very high,166225.0,166225.0,34808.67752265813,34808.67752265813,0.0,0.0,Reported delinquency | Manual review required,"{""automatic_increases_enabled"": true, ""within_maximum_increase"": true, ""within_account_exposure"": true, ""within_expected_loss_ceiling"": false, ""meets_profitability_hurdle"": false, ""payment_history_eligible"": false, ""not_overextended"": true}",credit_age_months | credit_lines | debt_to_income | income_inr
0,0.5613204458372786,,,,,asia,taiwan_credit,219000.0,122900.0,LIQ-000620,No change,0.0,219000.0,0.08711596043527224,Moderate,194975.0,194975.0,11040.532350813684,11040.532350813684,0.0,0.0,No reported delinquency in the harmonized source fields | Exposure limit reached,"{""automatic_increases_enabled"": true, ""within_maximum_increase"": true, ""within_account_exposure"": true, ""within_expected_loss_ceiling"": true, ""meets_profitability_hurdle"": false, ""payment_history_eligible"": true, ""not_overextended"": true}",credit_age_months | credit_lines | debt_to_income | income_inr
0,1.0105050067743664,,,,,asia,taiwan_credit,306000.0,309200.0,LIQ-000621,Increase 30%,0.3,397800.0,0.16365374457232754,High,306000.0,375650.0,32550.72979543595,39959.74394658665,26106.906579629842,0.37482995807078023,No reported delinquency in the harmonized source fields,"{""automatic_increases_enabled"": true, ""within_maximum_increase"": true, ""within_account_exposure"": true, ""within_expected_loss_ceiling"": true, ""meets_profitability_hurdle"": true, ""payment_history_eligible"": true, ""not_overextended"": true}",credit_age_months | credit_lines | debt_to_income | income_inr
1,0.30850461686359465,,,,,asia,taiwan_credit,213000.0,65700.0,LIQ-000622,Manual review,0.0,213000.0,0.31755145759146886,Very high,176175.0,176175.0,36364.00822676507,36364.00822676507,0.0,0.0,Reported delinquency | Manual review required,"{""automatic_increases_enabled"": true, ""within_maximum_increase"": true, ""within_account_exposure"": true, ""within_expected_loss_ceiling"": false, ""meets_profitability_hurdle"": false, ""payment_history_eligible"": false, ""not_overextended"": true}",credit_age_months | credit_lines | debt_to_income | income_inr
0,0.41467696938926074,,,,,asia,taiwan_credit,554000.0,229700.0,LIQ-000623,No change,0.0,554000.0,0.08516958900453168,Moderate,472925.0,472925.0,26181.2381219793,26181.2381219793,0.0,0.0,No reported delinquency in the harmonized source fields | Exposure limit reached,"{""automatic_increases_enabled"": true, ""within_maximum_increase"": true, ""within_account_exposure"": true, ""within_expected_loss_ceiling"": true, ""meets_profitability_hurdle"": false, ""payment_history_eligible"": true, ""not_overextended"": true}",credit_age_months | credit_lines | debt_to_income | income_inr
0,0.46250364917863884,,,,,asia,taiwan_credit,123000.0,56900.0,LIQ-000624,No change,0.0,123000.0,0.08451901176507008,Moderate,106475.0,106475.0,5849.455155495794,5849.455155495794,0.0,0.0,No reported delinquency in the harmonized source fields | Exposure limit reached,"{""automatic_increases_enabled"": true, ""within_maximum_increase"": true, ""within_account_exposure"": true, ""within_expected_loss_ceiling"": true, ""meets_profitability_hurdle"": false, ""payment_history_eligible"": true, ""not_overextended"": true}",credit_age_months | credit_lines | debt_to_income | income_inr
0,1.1191007755622693,,,,,asia,taiwan_credit,125000.0,139900.0,LIQ-000625,Manual review,0.0,125000.0,0.19613037377187448,High,125000.0,125000.0,15935.5928689648,15935.5928689648,0.0,0.0,Customer-overextension safeguard | Manual review required,"{""automatic_increases_enabled"": true, ""within_maximum_increase"": true, ""within_account_exposure"": true, ""within_expected_loss_ceiling"": false, ""meets_profitability_hurdle"": false, ""payment_history_eligible"": true, ""not_overextended"": false}",credit_age_months | credit_lines | debt_to_income | income_inr
0,0.5973425279389163,,,,,asia,taiwan_credit,282000.0,168500.0,LIQ-000626,No change,0.0,282000.0,0.1067344946253459,Moderate,253625.0,253625.0,17595.84852957968,17595.84852957968,0.0,0.0,No reported delinquency in the harmonized source fields | Exposure limit reached,"{""automatic_increases_enabled"": true, ""within_maximum_increase"": true, ""within_account_exposure"": true, ""within_expected_loss_ceiling"": true, ""meets_profitability_hurdle"": false, ""payment_history_eligible"": true, ""not_overextended"": true}",credit_age_months | credit_lines | debt_to_income | income_inr
1,0.5695610867311035,,,,,asia,taiwan_credit,312000.0,177700.0,LIQ-000627,Manual review,0.0,312000.0,0.325748538169878,Very high,278425.0,278425.0,58952.748880966385,58952.748880966385,0.0,0.0,Reported delinquency | Manual review required,"{""automatic_increases_enabled"": true, ""within_maximum_increase"": true, ""within_account_exposure"": true, ""within_expected_loss_ceiling"": false, ""meets_profitability_hurdle"": false, ""payment_history_eligible"": false, ""not_overextended"": true}",credit_age_months | credit_lines | debt_to_income | income_inr
2,0.4546829184297561,,,,,asia,taiwan_credit,136000.0,61800.0,LIQ-000628,Freeze automatic increases,0.0,136000.0,0.40349374259853366,Very high,117450.0,117450.0,30803.72104432856,30803.72104432856,0.0,0.0,Repeated delinquency,"{""automatic_increases_enabled"": true, ""within_maximum_increase"": true, ""within_account_exposure"": true, ""within_expected_loss_ceiling"": false, ""meets_profitability_hurdle"": false, ""payment_history_eligible"": false, ""not_overextended"": true}",credit_age_months | credit_lines | debt_to_income | income_inr
0,0.03047443586733388,,,,,asia,taiwan_credit,236000.0,7200.0,LIQ-000629,No change,0.0,236000.0,0.10436669090284852,Moderate,178800.0,178800.0,12129.496816729054,12129.496816729054,0.0,0.0,No reported delinquency in the harmonized source fields | Low utilization provides no evidence of additional need | Incremental return below profitability hurdle,"{""automatic_increases_enabled"": true, ""within_maximum_increase"": true, ""within_account_exposure"": true, ""within_expected_loss_ceiling"": true, ""meets_profitability_hurdle"": false, ""payment_history_eligible"": true, ""not_overextended"": true}",credit_age_months | credit_lines | debt_to_income | income_inr
0,0.8544234855502619,,,,,asia,taiwan_credit,270000.0,230700.0,LIQ-000630,Increase 30%,0.3,351000.0,0.1248660570378491,Moderate,260175.0,320925.0,21116.567153384553,26047.21558066662,19413.663681353642,0.3195664803515003,No reported delinquency in the harmonized source fields | High utilization with low estimated risk,"{""automatic_increases_enabled"": true, ""within_maximum_increase"": true, ""within_account_exposure"": true, ""within_expected_loss_ceiling"": true, ""meets_profitability_hurdle"": true, ""payment_history_eligible"": true, ""not_overextended"": true}",credit_age_months | credit_lines | debt_to_income | income_inr
1,0.23031917168242402,,,,,asia,taiwan_credit,271000.0,62400.0,LIQ-000631,Manual review,0.0,271000.0,0.27358926348062385,High,218850.0,218850.0,38918.756703277446,38918.756703277446,0.0,0.0,Reported delinquency | Manual review required,"{""automatic_increases_enabled"": true, ""within_maximum_increase"": true, ""within_account_exposure"": true, ""within_expected_loss_ceiling"": false, ""meets_profitability_hurdle"": false, ""payment_history_eligible"": false, ""not_overextended"": true}",credit_age_months | credit_lines | debt_to_income | income_inr
0,0.5404512918544614,,,,,asia,taiwan_credit,386000.0,208600.0,LIQ-000632,No change,0.0,386000.0,0.09412664759454485,Moderate,341650.0,341650.0,20902.93994793956,20902.93994793956,0.0,0.0,No reported delinquency in the harmonized source fields | Exposure limit reached,"{""automatic_increases_enabled"": true, ""within_maximum_increase"": true, ""within_account_exposure"": true, ""within_expected_loss_ceiling"": true, ""meets_profitability_hurdle"": false, ""payment_history_eligible"": true, ""not_overextended"": true}",credit_age_months | credit_lines | debt_to_income | income_inr
0,0.23458887941623374,,,,,asia,taiwan_credit,228000.0,53500.0,LIQ-000633,No change,0.0,228000.0,0.08026424038307127,Moderate,184375.0,184375.0,9619.167558408699,9619.167558408699,0.0,0.0,No reported delinquency in the harmonized source fields | Incremental return below profitability hurdle,"{""automatic_increases_enabled"": true, ""within_maximum_increase"": true, ""within_account_exposure"": true, ""within_expected_loss_ceiling"": true, ""meets_profitability_hurdle"": false, ""payment_history_eligible"": true, ""not_overextended"": true}",credit_age_months | credit_lines | debt_to_income | income_inr
1,0.8471196454539982,,,,,asia,taiwan_credit,915000.0,775100.0,LIQ-000634,Manual review,0.0,915000.0,0.3005333715387097,Very high,880025.0,880025.0,171909.97218742943,171909.97218742943,0.0,0.0,Reported delinquency | Manual review required,"{""automatic_increases_enabled"": true, ""within_maximum_increase"": true, ""within_account_exposure"": true, ""within_expected_loss_ceiling"": false, ""meets_profitability_hurdle"": false, ""payment_history_eligible"": false, ""not_overextended"": true}",credit_age_months | credit_lines | debt_to_income | income_inr
0,0.7327350842414391,,,,,asia,taiwan_credit,481000.0,352400.0,LIQ-000635,Increase 30%,0.3,625300.0,0.1017785605541567,Moderate,448850.0,557075.0,29694.149488076604,36853.88955345945,29048.571024998448,0.2684090646800503,No reported delinquency in the harmonized source fields | High utilization with low estimated risk,"{""automatic_increases_enabled"": true, ""within_maximum_increase"": true, ""within_account_exposure"": true, ""within_expected_loss_ceiling"": true, ""meets_profitability_hurdle"": true, ""payment_history_eligible"": true, ""not_overextended"": true}",credit_age_months | credit_lines | debt_to_income | income_inr
0,0.16942480097985047,,,,,asia,taiwan_credit,207000.0,35100.0,LIQ-000636,No change,0.0,207000.0,0.07074044882835517,Moderate,164025.0,164025.0,7542.081377396123,7542.081377396123,0.0,0.0,No reported delinquency in the harmonized source fields | Low utilization provides no evidence of additional need | Incremental return below profitability hurdle,"{""automatic_increases_enabled"": true, ""within_maximum_increase"": true, ""within_account_exposure"": true, ""within_expected_loss_ceiling"": true, ""meets_profitability_hurdle"": false, ""payment_history_eligible"": true, ""not_overextended"": true}",credit_age_months | credit_lines | debt_to_income | income_inr
1,0.3546085021609785,,,,,asia,taiwan_credit,372000.0,131900.0,LIQ-000637,Manual review,0.0,372000.0,0.31368931960687124,Very high,311975.0,311975.0,63611.09656482988,63611.09656482988,0.0,0.0,Reported delinquency | Manual review required,"{""automatic_increases_enabled"": true, ""within_maximum_increase"": true, ""within_account_exposure"": true, ""within_expected_loss_ceiling"": false, ""meets_profitability_hurdle"": false, ""payment_history_eligible"": false, ""not_overextended"": true}",credit_age_months | credit_lines | debt_to_income | income_inr
0,0.6128563323895693,,,,,asia,taiwan_credit,379000.0,232300.0,LIQ-000638,Increase 30%,0.3,492700.0,0.0902504897232765,Moderate,342325.0,427600.0,20081.74928143841,25084.221113687472,17821.95605171311,0.20899391441469492,No reported delinquency in the harmonized source fields,"{""automatic_increases_enabled"": true, ""within_maximum_increase"": true, ""within_account_exposure"": true, ""within_expected_loss_ceiling"": true, ""meets_profitability_hurdle"": true, ""payment_history_eligible"": true, ""not_overextended"": true}",credit_age_months | credit_lines | debt_to_income | income_inr
2,0.056731155643803405,,,,,asia,taiwan_credit,771000.0,43700.0,LIQ-000639,Freeze automatic increases,0.0,771000.0,0.3146370953380324,Very high,589175.0,589175.0,120494.60191976042,120494.60191976042,0.0,0.0,Repeated delinquency,"{""automatic_increases_enabled"": true, ""within_maximum_increase"": true, ""within_account_exposure"": true, ""within_expected_loss_ceiling"": false, ""meets_profitability_hurdle"": false, ""payment_history_eligible"": false, ""not_overextended"": true}",credit_age_months | credit_lines | debt_to_income | income_inr
0,0.08227187494382765,,,,,asia,taiwan_credit,237000.0,19500.0,LIQ-000640,No change,0.0,237000.0,0.07436753576004311,Moderate,182625.0,182625.0,8827.891291815618,8827.891291815618,0.0,0.0,No reported delinquency in the harmonized source fields | Low utilization provides no evidence of additional need | Incremental return below profitability hurdle,"{""automatic_increases_enabled"": true, ""within_maximum_increase"": true, ""within_account_exposure"": true, ""within_expected_loss_ceiling"": true, ""meets_profitability_hurdle"": false, ""payment_history_eligible"": true, ""not_overextended"": true}",credit_age_months | credit_lines | debt_to_income | income_inr
1,0.48260599330446297,,,,,asia,taiwan_credit,576000.0,278000.0,LIQ-000641,Manual review,0.0,576000.0,0.33390648123239525,Very high,501500.0,501500.0,108845.16521973004,108845.16521973004,0.0,0.0,Reported delinquency | Manual review required,"{""automatic_increases_enabled"": true, ""within_maximum_increase"": true, ""within_account_exposure"": true, ""within_expected_loss_ceiling"": false, ""meets_profitability_hurdle"": false, ""payment_history_eligible"": false, ""not_overextended"": true}",credit_age_months | credit_lines | debt_to_income | income_inr
0,0.7727707721951232,,,,,asia,taiwan_credit,360000.0,278200.0,LIQ-000642,Increase 30%,0.3,468000.0,0.12273752595832339,Moderate,339550.0,420550.0,27089.092510446662,33551.22325215239,22390.222662797354,0.27642250200984386,No reported delinquency in the harmonized source fields | High utilization with low estimated risk,"{""automatic_increases_enabled"": true, ""within_maximum_increase"": true, ""within_account_exposure"": true, ""within_expected_loss_ceiling"": true, ""meets_profitability_hurdle"": true, ""payment_history_eligible"": true, ""not_overextended"": true}",credit_age_months | credit_lines | debt_to_income | income_inr
0,0.5273869051090675,,,,,asia,taiwan_credit,923000.0,486800.0,LIQ-000643,Increase 30%,0.3,1199900.0,0.08962827602182603,Moderate,813950.0,1021625.0,47419.40792417745,59518.21686901872,33904.642922629326,0.1632581818833722,No reported delinquency in the harmonized source fields,"{""automatic_increases_enabled"": true, ""within_maximum_increase"": true, ""within_account_exposure"": true, ""within_expected_loss_ceiling"": true, ""meets_profitability_hurdle"": true, ""payment_history_eligible"": true, ""not_overextended"": true}",credit_age_months | credit_lines | debt_to_income | income_inr
1,0.8934470959686437,,,,,asia,taiwan_credit,810000.0,723700.0,LIQ-000644,Manual review,0.0,810000.0,0.4021581730305423,Very high,788425.0,788425.0,206096.51242154348,206096.51242154348,0.0,0.0,Reported delinquency | Manual review required,"{""automatic_increases_enabled"": true, ""within_maximum_increase"": true, ""within_account_exposure"": true, ""within_expected_loss_ceiling"": false, ""meets_profitability_hurdle"": false, ""payment_history_eligible"": false, ""not_overextended"": true}",credit_age_months | credit_lines | debt_to_income | income_inr
1,0.5762855749857824,,,,,asia,taiwan_credit,398000.0,229400.0,LIQ-000645,Manual review,0.0,398000.0,0.325748538169878,Very high,355850.0,355850.0,75346.45125003821,75346.45125003821,0.0,0.0,Reported delinquency | Manual review required,"{""automatic_increases_enabled"": true, ""within_maximum_increase"": true, ""within_account_exposure"": true, ""within_expected_loss_ceiling"": false, ""meets_profitability_hurdle"": false, ""payment_history_eligible"": false, ""not_overextended"": true}",credit_age_months | credit_lines | debt_to_income | income_inr
0,0.49790768367094823,,,,,asia,taiwan_credit,295000.0,146900.0,LIQ-000646,No change,0.0,295000.0,0.09253476700608847,Moderate,257975.0,257975.0,15516.576736957188,15516.576736957188,0.0,0.0,No reported delinquency in the harmonized source fields | Exposure limit reached,"{""automatic_increases_enabled"": true, ""within_maximum_increase"": true, ""within_account_exposure"": true, ""within_expected_loss_ceiling"": true, ""meets_profitability_hurdle"": false, ""payment_history_eligible"": true, ""not_overextended"": true}",credit_age_months | credit_lines | debt_to_income | income_inr
2,0.8420135912789342,,,,,asia,taiwan_credit,486000.0,409200.0,LIQ-000647,Freeze automatic increases,0.0,486000.0,0.3853945700536139,Very high,466800.0,466800.0,116936.42044566754,116936.42044566754,0.0,0.0,Repeated delinquency,"{""automatic_increases_enabled"": true, ""within_maximum_increase"": true, ""within_account_exposure"": true, ""within_expected_loss_ceiling"": false, ""meets_profitability_hurdle"": false, ""payment_history_eligible"": false, ""not_overextended"": true}",credit_age_months | credit_lines | debt_to_income | income_inr
0,0.25907308257183653,,,,,asia,taiwan_credit,311000.0,80600.0,LIQ-000648,No change,0.0,311000.0,0.0735944858898624,Moderate,253400.0,253400.0,12121.747770919235,12121.747770919235,0.0,0.0,No reported delinquency in the harmonized source fields | Exposure limit reached,"{""automatic_increases_enabled"": true, ""within_maximum_increase"": true, ""within_account_exposure"": true, ""within_expected_loss_ceiling"": true, ""meets_profitability_hurdle"": false, ""payment_history_eligible"": true, ""not_overextended"": true}",credit_age_months | credit_lines | debt_to_income | income_inr
0,0.7535700529471374,,,,,asia,taiwan_credit,1043000.0,786000.0,LIQ-000649,Increase 30%,0.3,1355900.0,0.10445677510176377,Moderate,978750.0,1213425.0,66454.09461005333,82387.8005131075,65501.38662297068,0.27911531532106393,No reported delinquency in the harmonized source fields | High utilization with low estimated risk,"{""automatic_increases_enabled"": true, ""within_maximum_increase"": true, ""within_account_exposure"": true, ""within_expected_loss_ceiling"": true, ""meets_profitability_hurdle"": true, ""payment_history_eligible"": true, ""not_overextended"": true}",credit_age_months | credit_lines | debt_to_income | income_inr
1,0.8372571404656439,,,,,asia,taiwan_credit,368000.0,308100.0,LIQ-000650,Manual review,0.0,368000.0,0.2944475094731016,High,353025.0,353025.0,67565.7658206321,67565.7658206321,0.0,0.0,Reported delinquency | Manual review required,"{""automatic_increases_enabled"": true, ""within_maximum_increase"": true, ""within_account_exposure"": true, ""within_expected_loss_ceiling"": false, ""meets_profitability_hurdle"": false, ""payment_history_eligible"": false, ""not_overextended"": true}",credit_age_months | credit_lines | debt_to_income | income_inr
1,0.500363424768509,,,,,asia,taiwan_credit,269000.0,134600.0,LIQ-000651,Manual review,0.0,269000.0,0.31822130158257456,Very high,235400.0,235400.0,48691.04135514973,48691.04135514973,0.0,0.0,Reported delinquency | Manual review required,"{""automatic_increases_enabled"": true, ""within_maximum_increase"": true, ""within_account_exposure"": true, ""within_expected_loss_ceiling"": false, ""meets_profitability_hurdle"": false, ""payment_history_eligible"": false, ""not_overextended"": true}",credit_age_months | credit_lines | debt_to_income | income_inr
1,0.15991324155801692,,,,,asia,taiwan_credit,260000.0,41600.0,LIQ-000652,Manual review,0.0,260000.0,0.2976894202451727,High,205400.0,205400.0,39744.51449693301,39744.51449693301,0.0,0.0,Reported delinquency | Manual review required,"{""automatic_increases_enabled"": true, ""within_maximum_increase"": true, ""within_account_exposure"": true, ""within_expected_loss_ceiling"": false, ""meets_profitability_hurdle"": false, ""payment_history_eligible"": false, ""not_overextended"": true}",credit_age_months | credit_lines | debt_to_income | income_inr
0,0.04419852906638515,,,,,asia,taiwan_credit,159000.0,7000.0,LIQ-000653,No change,0.0,159000.0,0.10131604774584275,Moderate,121000.0,121000.0,7968.507155210534,7968.507155210534,0.0,0.0,No reported delinquency in the harmonized source fields | Low utilization provides no evidence of additional need | Incremental return below profitability hurdle,"{""automatic_increases_enabled"": true, ""within_maximum_increase"": true, ""within_account_exposure"": true, ""within_expected_loss_ceiling"": true, ""meets_profitability_hurdle"": false, ""payment_history_eligible"": true, ""not_overextended"": true}",credit_age_months | credit_lines | debt_to_income | income_inr
0,0.36544900302460004,,,,,asia,taiwan_credit,503000.0,183800.0,LIQ-000654,No change,0.0,503000.0,0.0774889191905499,Moderate,423200.0,423200.0,21315.651890936468,21315.651890936468,0.0,0.0,No reported delinquency in the harmonized source fields | Exposure limit reached,"{""automatic_increases_enabled"": true, ""within_maximum_increase"": true, ""within_account_exposure"": true, ""within_expected_loss_ceiling"": true, ""meets_profitability_hurdle"": false, ""payment_history_eligible"": true, ""not_overextended"": true}",credit_age_months | credit_lines | debt_to_income | income_inr
0,0.439940897043513,,,,,asia,taiwan_credit,205000.0,90200.0,LIQ-000655,No change,0.0,205000.0,0.08516958900453168,Moderate,176300.0,176300.0,9760.00905197431,9760.00905197431,0.0,0.0,No reported delinquency in the harmonized source fields | Exposure limit reached,"{""automatic_increases_enabled"": true, ""within_maximum_increase"": true, ""within_account_exposure"": true, ""within_expected_loss_ceiling"": true, ""meets_profitability_hurdle"": false, ""payment_history_eligible"": true, ""not_overextended"": true}",credit_age_months | credit_lines | debt_to_income | income_inr
0,0.5385176919547404,,,,,asia,taiwan_credit,715000.0,385000.0,LIQ-000656,Increase 30%,0.3,929500.0,0.09412664759454485,Moderate,632500.0,793375.0,38697.81799230725,48540.52387295932,26745.952398868474,0.1662530063643728,No reported delinquency in the harmonized source fields,"{""automatic_increases_enabled"": true, ""within_maximum_increase"": true, ""within_account_exposure"": true, ""within_expected_loss_ceiling"": true, ""meets_profitability_hurdle"": true, ""payment_history_eligible"": true, ""not_overextended"": true}",credit_age_months | credit_lines | debt_to_income | income_inr
0,0.5300979390556753,,,,,asia,taiwan_credit,151000.0,80000.0,LIQ-000657,No change,0.0,151000.0,0.08962827602182603,Moderate,133250.0,133250.0,7762.929056940408,7762.929056940408,0.0,0.0,No reported delinquency in the harmonized source fields | Exposure limit reached,"{""automatic_increases_enabled"": true, ""within_maximum_increase"": true, ""within_account_exposure"": true, ""within_expected_loss_ceiling"": true, ""meets_profitability_hurdle"": false, ""payment_history_eligible"": true, ""not_overextended"": true}",credit_age_months | credit_lines | debt_to_income | income_inr
0,0.4015061434927782,,,,,asia,taiwan_credit,380000.0,152600.0,LIQ-000658,No change,0.0,380000.0,0.08516958900453168,Moderate,323150.0,323150.0,17889.65924642937,17889.65924642937,0.0,0.0,No reported delinquency in the harmonized source fields | Exposure limit reached,"{""automatic_increases_enabled"": true, ""within_maximum_increase"": true, ""within_account_exposure"": true, ""within_expected_loss_ceiling"": true, ""meets_profitability_hurdle"": false, ""payment_history_eligible"": true, ""not_overextended"": true}",credit_age_months | credit_lines | debt_to_income | income_inr
1,0.3437762968857869,,,,,asia,taiwan_credit,739000.0,254100.0,LIQ-000659,Manual review,0.0,739000.0,0.3154179927316523,Very high,617775.0,617775.0,126657.27779886771,126657.27779886771,0.0,0.0,Reported delinquency | Manual review required,"{""automatic_increases_enabled"": true, ""within_maximum_increase"": true, ""within_account_exposure"": true, ""within_expected_loss_ceiling"": false, ""meets_profitability_hurdle"": false, ""payment_history_eligible"": false, ""not_overextended"": true}",credit_age_months | credit_lines | debt_to_income | income_inr
0,0.2514929859539103,,,,,asia,taiwan_credit,86000.0,21600.0,LIQ-000660,No change,0.0,86000.0,0.0735944858898624,Moderate,69900.0,69900.0,3343.7654664058978,3343.7654664058978,0.0,0.0,No reported delinquency in the harmonized source fields | Incremental return below profitability hurdle,"{""automatic_increases_enabled"": true, ""within_maximum_increase"": true, ""within_account_exposure"": true, ""within_expected_loss_ceiling"": true, ""meets_profitability_hurdle"": false, ""payment_history_eligible"": true, ""not_overextended"": true}",credit_age_months | credit_lines | debt_to_income | income_inr
0,0.19552184215113574,,,,,asia,taiwan_credit,1300000.0,254200.0,LIQ-000661,No change,0.0,1300000.0,0.07124174382106481,Moderate,1038550.0,1038550.0,48092.27347948846,48092.27347948846,0.0,0.0,No reported delinquency in the harmonized source fields | Low utilization provides no evidence of additional need | Incremental return below profitability hurdle,"{""automatic_increases_enabled"": true, ""within_maximum_increase"": true, ""within_account_exposure"": true, ""within_expected_loss_ceiling"": true, ""meets_profitability_hurdle"": false, ""payment_history_eligible"": true, ""not_overextended"": true}",credit_age_months | credit_lines | debt_to_income | income_inr
0,0.6472733417364651,,,,,asia,taiwan_credit,265000.0,171500.0,LIQ-000662,No change,0.0,265000.0,0.10742653511030126,Moderate,241625.0,241625.0,16872.008754917253,16872.008754917253,0.0,0.0,No reported delinquency in the harmonized source fields | Exposure limit reached,"{""automatic_increases_enabled"": true, ""within_maximum_increase"": true, ""within_account_exposure"": true, ""within_expected_loss_ceiling"": true, ""meets_profitability_hurdle"": false, ""payment_history_eligible"": true, ""not_overextended"": true}",credit_age_months | credit_lines | debt_to_income | income_inr
0,0.8589752032448842,,,,,asia,taiwan_credit,384000.0,329800.0,LIQ-000663,Increase 30%,0.3,499200.0,0.13710775366716862,Moderate,370450.0,456850.0,33014.518774901706,40714.4902208499,27217.078225514277,0.3150124794619708,No reported delinquency in the harmonized source fields | High utilization with low estimated risk,"{""automatic_increases_enabled"": true, ""within_maximum_increase"": true, ""within_account_exposure"": true, ""within_expected_loss_ceiling"": true, ""meets_profitability_hurdle"": true, ""payment_history_eligible"": true, ""not_overextended"": true}",credit_age_months | credit_lines | debt_to_income | income_inr
0,0.28835704944278656,,,,,asia,taiwan_credit,507000.0,146200.0,LIQ-000664,No change,0.0,507000.0,0.06946640549037054,Moderate,416800.0,416800.0,18819.838575451187,18819.838575451187,0.0,0.0,No reported delinquency in the harmonized source fields | Exposure limit reached,"{""automatic_increases_enabled"": true, ""within_maximum_increase"": true, ""within_account_exposure"": true, ""within_expected_loss_ceiling"": true, ""meets_profitability_hurdle"": false, ""payment_history_eligible"": true, ""not_overextended"": true}",credit_age_months | credit_lines | debt_to_income | income_inr
0,0.776665226042432,,,,,asia,taiwan_credit,561000.0,435700.0,LIQ-000665,Increase 30%,0.3,729300.0,0.12273752595832339,Moderate,529675.0,655900.0,42257.14939028372,52327.3031294418,35264.46084719691,0.27937778448957745,No reported delinquency in the harmonized source fields | High utilization with low estimated risk,"{""automatic_increases_enabled"": true, ""within_maximum_increase"": true, ""within_account_exposure"": true, ""within_expected_loss_ceiling"": true, ""meets_profitability_hurdle"": true, ""payment_history_eligible"": true, ""not_overextended"": true}",credit_age_months | credit_lines | debt_to_income | income_inr
0,0.4261476801976076,,,,,asia,taiwan_credit,418000.0,178100.0,LIQ-000666,No change,0.0,418000.0,0.08516958900453168,Moderate,358025.0,358025.0,19820.347367175847,19820.347367175847,0.0,0.0,No reported delinquency in the harmonized source fields | Exposure limit reached,"{""automatic_increases_enabled"": true, ""within_maximum_increase"": true, ""within_account_exposure"": true, ""within_expected_loss_ceiling"": true, ""meets_profitability_hurdle"": false, ""payment_history_eligible"": true, ""not_overextended"": true}",credit_age_months | credit_lines | debt_to_income | income_inr
1,0.8271269432838628,,,,,asia,taiwan_credit,669000.0,553300.0,LIQ-000667,Manual review,0.0,669000.0,0.305753976414527,Very high,640075.0,640075.0,127208.55969479345,127208.55969479345,0.0,0.0,Reported delinquency | Manual review required,"{""automatic_increases_enabled"": true, ""within_maximum_increase"": true, ""within_account_exposure"": true, ""within_expected_loss_ceiling"": false, ""meets_profitability_hurdle"": false, ""payment_history_eligible"": false, ""not_overextended"": true}",credit_age_months | credit_lines | debt_to_income | income_inr
0,0.8347726605968192,,,,,asia,taiwan_credit,490000.0,409000.0,LIQ-000668,Increase 30%,0.3,637000.0,0.1270419994521549,Moderate,469750.0,580000.0,38790.686507722356,47894.83379346241,34021.8281388551,0.30858801032975147,No reported delinquency in the harmonized source fields | High utilization with low estimated risk,"{""automatic_increases_enabled"": true, ""within_maximum_increase"": true, ""within_account_exposure"": true, ""within_expected_loss_ceiling"": true, ""meets_profitability_hurdle"": true, ""payment_history_eligible"": true, ""not_overextended"": true}",credit_age_months | credit_lines | debt_to_income | income_inr
1,0.6142680688066868,,,,,asia,taiwan_credit,1099000.0,675100.0,LIQ-000669,Manual review,0.0,1099000.0,0.3186865979645233,Very high,993025.0,993025.0,205701.4433134185,205701.4433134185,0.0,0.0,Reported delinquency | Manual review required,"{""automatic_increases_enabled"": true, ""within_maximum_increase"": true, ""within_account_exposure"": true, ""within_expected_loss_ceiling"": false, ""meets_profitability_hurdle"": false, ""payment_history_eligible"": false, ""not_overextended"": true}",credit_age_months | credit_lines | debt_to_income | income_inr
0,0.22890198559519254,,,,,asia,taiwan_credit,491000.0,112400.0,LIQ-000670,No change,0.0,491000.0,0.08026424038307127,Moderate,396350.0,396350.0,20678.275589289697,20678.275589289697,0.0,0.0,No reported delinquency in the harmonized source fields | Exposure limit reached,"{""automatic_increases_enabled"": true, ""within_maximum_increase"": true, ""within_account_exposure"": true, ""within_expected_loss_ceiling"": true, ""meets_profitability_hurdle"": false, ""payment_history_eligible"": true, ""not_overextended"": true}",credit_age_months | credit_lines | debt_to_income | income_inr
0,0.22046007829303527,,,,,asia,taiwan_credit,1255000.0,276700.0,LIQ-000671,No change,0.0,1255000.0,0.07284597643924917,Moderate,1010425.0,1010425.0,47843.507233358425,47843.507233358425,0.0,0.0,No reported delinquency in the harmonized source fields | Exposure limit reached,"{""automatic_increases_enabled"": true, ""within_maximum_increase"": true, ""within_account_exposure"": true, ""within_expected_loss_ceiling"": true, ""meets_profitability_hurdle"": false, ""payment_history_eligible"": true, ""not_overextended"": true}",credit_age_months | credit_lines | debt_to_income | income_inr
0,0.5238530009254502,,,,,asia,taiwan_credit,629000.0,329500.0,LIQ-000672,Increase 30%,0.3,817700.0,0.08962827602182603,Moderate,554125.0,695650.0,32282.42449288633,40527.44163947913,22770.50413139937,0.16089386420349316,No reported delinquency in the harmonized source fields,"{""automatic_increases_enabled"": true, ""within_maximum_increase"": true, ""within_account_exposure"": true, ""within_expected_loss_ceiling"": true, ""meets_profitability_hurdle"": true, ""payment_history_eligible"": true, ""not_overextended"": true}",credit_age_months | credit_lines | debt_to_income | income_inr
0,0.2770814716856262,,,,,asia,taiwan_credit,108000.0,29900.0,LIQ-000673,No change,0.0,108000.0,0.06556805526914398,Moderate,88475.0,88475.0,3770.7368984593845,3770.7368984593845,0.0,0.0,No reported delinquency in the harmonized source fields | Exposure limit reached,"{""automatic_increases_enabled"": true, ""within_maximum_increase"": true, ""within_account_exposure"": true, ""within_expected_loss_ceiling"": true, ""meets_profitability_hurdle"": false, ""payment_history_eligible"": true, ""not_overextended"": true}",credit_age_months | credit_lines | debt_to_income | income_inr
0,0.8492414757105535,,,,,asia,taiwan_credit,1911000.0,1622900.0,LIQ-000674,Increase 30%,0.3,2484300.0,0.1248660570378491,Moderate,1838975.0,2268950.0,149256.61220676606,184154.64607541802,137264.31952208493,0.3192379080692713,No reported delinquency in the harmonized source fields | High utilization with low estimated risk,"{""automatic_increases_enabled"": true, ""within_maximum_increase"": true, ""within_account_exposure"": true, ""within_expected_loss_ceiling"": true, ""meets_profitability_hurdle"": true, ""payment_history_eligible"": true, ""not_overextended"": true}",credit_age_months | credit_lines | debt_to_income | income_inr
0,0.42758663482878917,,,,,asia,taiwan_credit,241000.0,103000.0,LIQ-000675,No change,0.0,241000.0,0.08516958900453168,Moderate,206500.0,206500.0,11431.888084133267,11431.888084133267,0.0,0.0,No reported delinquency in the harmonized source fields | Exposure limit reached,"{""automatic_increases_enabled"": true, ""within_maximum_increase"": true, ""within_account_exposure"": true, ""within_expected_loss_ceiling"": true, ""meets_profitability_hurdle"": false, ""payment_history_eligible"": true, ""not_overextended"": true}",credit_age_months | credit_lines | debt_to_income | income_inr
0,0.6709944340357542,,,,,asia,taiwan_credit,925000.0,620700.0,LIQ-000676,Increase 30%,0.3,1202500.0,0.11251901624577622,Moderate,848925.0,1057050.0,62088.13381318963,77309.84697968855,47451.894107499575,0.22799708880480277,No reported delinquency in the harmonized source fields | High utilization with low estimated risk,"{""automatic_increases_enabled"": true, ""within_maximum_increase"": true, ""within_account_exposure"": true, ""within_expected_loss_ceiling"": true, ""meets_profitability_hurdle"": true, ""payment_history_eligible"": true, ""not_overextended"": true}",credit_age_months | credit_lines | debt_to_income | income_inr
0,0.6570394220735041,,,,,asia,taiwan_credit,356000.0,233900.0,LIQ-000677,Increase 30%,0.3,462800.0,0.10689963846561308,Moderate,325475.0,405575.0,22615.553889237024,28181.28356594917,17824.709036651664,0.22253069958366622,No reported delinquency in the harmonized source fields | High utilization with low estimated risk,"{""automatic_increases_enabled"": true, ""within_maximum_increase"": true, ""within_account_exposure"": true, ""within_expected_loss_ceiling"": true, ""meets_profitability_hurdle"": true, ""payment_history_eligible"": true, ""not_overextended"": true}",credit_age_months | credit_lines | debt_to_income | income_inr
1,0.9992712794767916,,,,,asia,taiwan_credit,698000.0,697500.0,LIQ-000678,Manual review,0.0,698000.0,0.401418344908745,Very high,697875.0,697875.0,182090.8878445738,182090.8878445738,0.0,0.0,Reported delinquency | Manual review required,"{""automatic_increases_enabled"": true, ""within_maximum_increase"": true, ""within_account_exposure"": true, ""within_expected_loss_ceiling"": false, ""meets_profitability_hurdle"": false, ""payment_history_eligible"": false, ""not_overextended"": true}",credit_age_months | credit_lines | debt_to_income | income_inr
0,0.39947845981717933,,,,,asia,taiwan_credit,224000.0,89500.0,LIQ-000679,No change,0.0,224000.0,0.0808458283099629,Moderate,190375.0,190375.0,10004.165966930972,10004.165966930972,0.0,0.0,No reported delinquency in the harmonized source fields | Exposure limit reached,"{""automatic_increases_enabled"": true, ""within_maximum_increase"": true, ""within_account_exposure"": true, ""within_expected_loss_ceiling"": true, ""meets_profitability_hurdle"": false, ""payment_history_eligible"": true, ""not_overextended"": true}",credit_age_months | credit_lines | debt_to_income | income_inr
0,0.574082779923429,,,,,asia,taiwan_credit,526000.0,302000.0,LIQ-000680,Increase 30%,0.3,683800.0,0.09958469167168506,Moderate,470000.0,588350.0,30423.123305699784,38083.92467427334,21542.129850409572,0.1820205310554252,No reported delinquency in the harmonized source fields,"{""automatic_increases_enabled"": true, ""within_maximum_increase"": true, ""within_account_exposure"": true, ""within_expected_loss_ceiling"": true, ""meets_profitability_hurdle"": true, ""payment_history_eligible"": true, ""not_overextended"": true}",credit_age_months | credit_lines | debt_to_income | income_inr
0,0.6492087808890132,,,,,asia,taiwan_credit,297000.0,192800.0,LIQ-000681,No change,0.0,297000.0,0.10742653511030126,Moderate,270950.0,270950.0,18919.69279728848,18919.69279728848,0.0,0.0,No reported delinquency in the harmonized source fields | Exposure limit reached,"{""automatic_increases_enabled"": true, ""within_maximum_increase"": true, ""within_account_exposure"": true, ""within_expected_loss_ceiling"": true, ""meets_profitability_hurdle"": false, ""payment_history_eligible"": true, ""not_overextended"": true}",credit_age_months | credit_lines | debt_to_income | income_inr
0,0.45796090533404565,,,,,asia,taiwan_credit,977000.0,447400.0,LIQ-000682,Increase 30%,0.3,1270100.0,0.08451901176507008,Moderate,844600.0,1064425.0,46400.09226890583,58476.696913722575,28167.78968993063,0.12813733510715627,No reported delinquency in the harmonized source fields,"{""automatic_increases_enabled"": true, ""within_maximum_increase"": true, ""within_account_exposure"": true, ""within_expected_loss_ceiling"": true, ""meets_profitability_hurdle"": true, ""payment_history_eligible"": true, ""not_overextended"": true}",credit_age_months | credit_lines | debt_to_income | income_inr
1,0.4866894267706214,,,,,asia,taiwan_credit,465000.0,226300.0,LIQ-000683,Manual review,0.0,465000.0,0.33390648123239525,Very high,405325.0,405325.0,87971.41892858839,87971.41892858839,0.0,0.0,Reported delinquency | Manual review required,"{""automatic_increases_enabled"": true, ""within_maximum_increase"": true, ""within_account_exposure"": true, ""within_expected_loss_ceiling"": false, ""meets_profitability_hurdle"": false, ""payment_history_eligible"": false, ""not_overextended"": true}",credit_age_months | credit_lines | debt_to_income | income_inr
4,0.36881597095612373,,,,,asia,taiwan_credit,643000.0,237100.0,LIQ-000684,Freeze automatic increases,0.0,643000.0,0.5176256189665328,Very high,541525.0,541525.0,182199.6886520536,182199.6886520536,0.0,0.0,Repeated delinquency,"{""automatic_increases_enabled"": true, ""within_maximum_increase"": true, ""within_account_exposure"": true, ""within_expected_loss_ceiling"": false, ""meets_profitability_hurdle"": false, ""payment_history_eligible"": false, ""not_overextended"": true}",credit_age_months | credit_lines | debt_to_income | income_inr
0,0.6955560902527329,,,,,asia,taiwan_credit,86000.0,59800.0,LIQ-000685,No change,0.0,86000.0,0.11258142348426615,Moderate,79450.0,79450.0,5813.9861622862145,5813.9861622862145,0.0,0.0,No reported delinquency in the harmonized source fields | High utilization with low estimated risk | Exposure limit reached,"{""automatic_increases_enabled"": true, ""within_maximum_increase"": true, ""within_account_exposure"": true, ""within_expected_loss_ceiling"": true, ""meets_profitability_hurdle"": false, ""payment_history_eligible"": true, ""not_overextended"": true}",credit_age_months | credit_lines | debt_to_income | income_inr
0,0.67136827527829,,,,,asia,taiwan_credit,331000.0,222200.0,LIQ-000686,No change,0.0,331000.0,0.11251901624577622,Moderate,303800.0,303800.0,22219.13013805343,22219.13013805343,0.0,0.0,No reported delinquency in the harmonized source fields | High utilization with low estimated risk | Exposure limit reached,"{""automatic_increases_enabled"": true, ""within_maximum_increase"": true, ""within_account_exposure"": true, ""within_expected_loss_ceiling"": true, ""meets_profitability_hurdle"": false, ""payment_history_eligible"": true, ""not_overextended"": true}",credit_age_months | credit_lines | debt_to_income | income_inr
0,0.6822966738701179,,,,,asia,taiwan_credit,457000.0,311800.0,LIQ-000687,Increase 30%,0.3,594100.0,0.11258142348426615,Moderate,420700.0,523525.0,30785.953158890003,38310.47332424029,23992.85683869095,0.23333680368286847,No reported delinquency in the harmonized source fields | High utilization with low estimated risk,"{""automatic_increases_enabled"": true, ""within_maximum_increase"": true, ""within_account_exposure"": true, ""within_expected_loss_ceiling"": true, ""meets_profitability_hurdle"": true, ""payment_history_eligible"": true, ""not_overextended"": true}",credit_age_months | credit_lines | debt_to_income | income_inr
0,1.0920224293574234,,,,,asia,taiwan_credit,405000.0,442300.0,LIQ-000688,No change,0.0,405000.0,0.1869573259929914,High,405000.0,405000.0,49216.516067654986,49216.516067654986,0.0,0.0,No reported delinquency in the harmonized source fields | Expected loss exceeds policy ceiling,"{""automatic_increases_enabled"": true, ""within_maximum_increase"": true, ""within_account_exposure"": true, ""within_expected_loss_ceiling"": false, ""meets_profitability_hurdle"": false, ""payment_history_eligible"": true, ""not_overextended"": true}",credit_age_months | credit_lines | debt_to_income | income_inr
1,0.6888885994615771,,,,,asia,taiwan_credit,654000.0,450500.0,LIQ-000689,Manual review,0.0,654000.0,0.3547047913014613,Very high,603125.0,603125.0,139055.362714901,139055.362714901,0.0,0.0,Reported delinquency | Manual review required,"{""automatic_increases_enabled"": true, ""within_maximum_increase"": true, ""within_account_exposure"": true, ""within_expected_loss_ceiling"": false, ""meets_profitability_hurdle"": false, ""payment_history_eligible"": false, ""not_overextended"": true}",credit_age_months | credit_lines | debt_to_income | income_inr
0,0.29709533300429647,,,,,asia,taiwan_credit,276000.0,82000.0,LIQ-000690,No change,0.0,276000.0,0.0704930385460487,Moderate,227500.0,227500.0,10424.158074996953,10424.158074996953,0.0,0.0,No reported delinquency in the harmonized source fields | Exposure limit reached,"{""automatic_increases_enabled"": true, ""within_maximum_increase"": true, ""within_account_exposure"": true, ""within_expected_loss_ceiling"": true, ""meets_profitability_hurdle"": false, ""payment_history_eligible"": true, ""not_overextended"": true}",credit_age_months | credit_lines | debt_to_income | income_inr
0,0.5145728812353207,,,,,asia,taiwan_credit,361000.0,185800.0,LIQ-000691,No change,0.0,361000.0,0.08234712963836745,Moderate,317200.0,317200.0,16978.3311888386,16978.3311888386,0.0,0.0,No reported delinquency in the harmonized source fields | Exposure limit reached,"{""automatic_increases_enabled"": true, ""within_maximum_increase"": true, ""within_account_exposure"": true, ""within_expected_loss_ceiling"": true, ""meets_profitability_hurdle"": false, ""payment_history_eligible"": true, ""not_overextended"": true}",credit_age_months | credit_lines | debt_to_income | income_inr
0,0.21959794350254982,,,,,asia,taiwan_credit,754000.0,165600.0,LIQ-000692,No change,0.0,754000.0,0.07284597643924917,Moderate,606900.0,606900.0,28736.64501563721,28736.64501563721,0.0,0.0,No reported delinquency in the harmonized source fields | Exposure limit reached,"{""automatic_increases_enabled"": true, ""within_maximum_increase"": true, ""within_account_exposure"": true, ""within_expected_loss_ceiling"": true, ""meets_profitability_hurdle"": false, ""payment_history_eligible"": true, ""not_overextended"": true}",credit_age_months | credit_lines | debt_to_income | income_inr
0,0.4064269112736709,,,,,asia,taiwan_credit,80000.0,32500.0,LIQ-000693,No change,0.0,80000.0,0.08516958900453168,Moderate,68125.0,68125.0,3771.415863106919,3771.415863106919,0.0,0.0,No reported delinquency in the harmonized source fields | Exposure limit reached,"{""automatic_increases_enabled"": true, ""within_maximum_increase"": true, ""within_account_exposure"": true, ""within_expected_loss_ceiling"": true, ""meets_profitability_hurdle"": false, ""payment_history_eligible"": true, ""not_overextended"": true}",credit_age_months | credit_lines | debt_to_income | income_inr
1,1.0628679190878692,,,,,asia,taiwan_credit,513000.0,545300.0,LIQ-000694,Manual review,0.0,513000.0,0.4115404589262243,Very high,513000.0,513000.0,137228.16602894952,137228.16602894952,0.0,0.0,Reported delinquency | Manual review required,"{""automatic_increases_enabled"": true, ""within_maximum_increase"": true, ""within_account_exposure"": true, ""within_expected_loss_ceiling"": false, ""meets_profitability_hurdle"": false, ""payment_history_eligible"": false, ""not_overextended"": true}",credit_age_months | credit_lines | debt_to_income | income_inr
1,0.7159062975343836,,,,,asia,taiwan_credit,282000.0,201900.0,LIQ-000695,Manual review,0.0,282000.0,0.33519941630798017,Very high,261975.0,261975.0,57079.01360673402,57079.01360673402,0.0,0.0,Reported delinquency | Manual review required,"{""automatic_increases_enabled"": true, ""within_maximum_increase"": true, ""within_account_exposure"": true, ""within_expected_loss_ceiling"": false, ""meets_profitability_hurdle"": false, ""payment_history_eligible"": false, ""not_overextended"": true}",credit_age_months | credit_lines | debt_to_income | income_inr
0,0.39535207655624477,,,,,asia,taiwan_credit,193000.0,76300.0,LIQ-000696,No change,0.0,193000.0,0.0753745722583789,Moderate,163825.0,163825.0,8026.355545148801,8026.355545148801,0.0,0.0,No reported delinquency in the harmonized source fields | Exposure limit reached,"{""automatic_increases_enabled"": true, ""within_maximum_increase"": true, ""within_account_exposure"": true, ""within_expected_loss_ceiling"": true, ""meets_profitability_hurdle"": false, ""payment_history_eligible"": true, ""not_overextended"": true}",credit_age_months | credit_lines | debt_to_income | income_inr
0,1.0965556817019755,,,,,asia,taiwan_credit,436000.0,478100.0,LIQ-000697,No change,0.0,436000.0,0.1869573259929914,High,436000.0,436000.0,52983.70618641376,52983.70618641376,0.0,0.0,No reported delinquency in the harmonized source fields | Expected loss exceeds policy ceiling,"{""automatic_increases_enabled"": true, ""within_maximum_increase"": true, ""within_account_exposure"": true, ""within_expected_loss_ceiling"": false, ""meets_profitability_hurdle"": false, ""payment_history_eligible"": true, ""not_overextended"": true}",credit_age_months | credit_lines | debt_to_income | income_inr
1,0.21159123877493846,,,,,asia,taiwan_credit,777000.0,164400.0,LIQ-000698,Manual review,0.0,777000.0,0.27160879714721614,High,623850.0,623850.0,110138.04626518903,110138.04626518903,0.0,0.0,Reported delinquency | Manual review required,"{""automatic_increases_enabled"": true, ""within_maximum_increase"": true, ""within_account_exposure"": true, ""within_expected_loss_ceiling"": false, ""meets_profitability_hurdle"": false, ""payment_history_eligible"": false, ""not_overextended"": true}",credit_age_months | credit_lines | debt_to_income | income_inr
0,0.5490043996756291,,,,,asia,taiwan_credit,688000.0,377700.0,LIQ-000699,Increase 30%,0.3,894400.0,0.08480671158901683,Moderate,610425.0,765225.0,33649.288999121636,42182.540319208514,27566.921145003245,0.17808088594963337,No reported delinquency in the harmonized source fields,"{""automatic_increases_enabled"": true, ""within_maximum_increase"": true, ""within_account_exposure"": true, ""within_expected_loss_ceiling"": true, ""meets_profitability_hurdle"": true, ""payment_history_eligible"": true, ""not_overextended"": true}",credit_age_months | credit_lines | debt_to_income | income_inr
1,0.9254105038900058,,,,,asia,taiwan_credit,321000.0,297100.0,LIQ-000700,Manual review,0.0,321000.0,0.3542574924960451,Very high,315025.0,315025.0,72539.97827281829,72539.97827281829,0.0,0.0,Reported delinquency | Manual review required,"{""automatic_increases_enabled"": true, ""within_maximum_increase"": true, ""within_account_exposure"": true, ""within_expected_loss_ceiling"": false, ""meets_profitability_hurdle"": false, ""payment_history_eligible"": false, ""not_overextended"": true}",credit_age_months | credit_lines | debt_to_income | income_inr
1,0.8806041812081579,,,,,asia,taiwan_credit,618000.0,544200.0,LIQ-000701,Manual review,0.0,618000.0,0.41984312501776916,Very high,599550.0,599550.0,163616.01464286228,163616.01464286228,0.0,0.0,Reported delinquency | Manual review required,"{""automatic_increases_enabled"": true, ""within_maximum_increase"": true, ""within_account_exposure"": true, ""within_expected_loss_ceiling"": false, ""meets_profitability_hurdle"": false, ""payment_history_eligible"": false, ""not_overextended"": true}",credit_age_months | credit_lines | debt_to_income | income_inr
0,0.28450154090313134,,,,,asia,taiwan_credit,615000.0,175000.0,LIQ-000702,No change,0.0,615000.0,0.06556805526914398,Moderate,505000.0,505000.0,21522.714142096513,21522.714142096513,0.0,0.0,No reported delinquency in the harmonized source fields | Exposure limit reached,"{""automatic_increases_enabled"": true, ""within_maximum_increase"": true, ""within_account_exposure"": true, ""within_expected_loss_ceiling"": true, ""meets_profitability_hurdle"": false, ""payment_history_eligible"": true, ""not_overextended"": true}",credit_age_months | credit_lines | debt_to_income | income_inr
1,0.33705341165148306,,,,,asia,taiwan_credit,331000.0,111600.0,LIQ-000703,Manual review,0.0,331000.0,0.3154179927316523,Very high,276150.0,276150.0,56616.74115034976,56616.74115034976,0.0,0.0,Reported delinquency | Manual review required,"{""automatic_increases_enabled"": true, ""within_maximum_increase"": true, ""within_account_exposure"": true, ""within_expected_loss_ceiling"": false, ""meets_profitability_hurdle"": false, ""payment_history_eligible"": false, ""not_overextended"": true}",credit_age_months | credit_lines | debt_to_income | income_inr
0,0.4257958208743632,,,,,asia,taiwan_credit,223000.0,95000.0,LIQ-000704,No change,0.0,223000.0,0.08516958900453168,Moderate,191000.0,191000.0,10573.80447491261,10573.80447491261,0.0,0.0,No reported delinquency in the harmonized source fields | Exposure limit reached,"{""automatic_increases_enabled"": true, ""within_maximum_increase"": true, ""within_account_exposure"": true, ""within_expected_loss_ceiling"": true, ""meets_profitability_hurdle"": false, ""payment_history_eligible"": true, ""not_overextended"": true}",credit_age_months | credit_lines | debt_to_income | income_inr
0,0.4596003190732735,,,,,asia,taiwan_credit,232000.0,106600.0,LIQ-000705,No change,0.0,232000.0,0.08451901176507008,Moderate,200650.0,200650.0,11023.180811929853,11023.180811929853,0.0,0.0,No reported delinquency in the harmonized source fields | Exposure limit reached,"{""automatic_increases_enabled"": true, ""within_maximum_increase"": true, ""within_account_exposure"": true, ""within_expected_loss_ceiling"": true, ""meets_profitability_hurdle"": false, ""payment_history_eligible"": true, ""not_overextended"": true}",credit_age_months | credit_lines | debt_to_income | income_inr
0,0.734599163641245,,,,,asia,taiwan_credit,603000.0,443000.0,LIQ-000706,Increase 30%,0.3,783900.0,0.1017785605541567,Moderate,563000.0,698675.0,37245.86423479365,46221.58826686403,36602.26747051279,0.2697790121283419,No reported delinquency in the harmonized source fields | High utilization with low estimated risk,"{""automatic_increases_enabled"": true, ""within_maximum_increase"": true, ""within_account_exposure"": true, ""within_expected_loss_ceiling"": true, ""meets_profitability_hurdle"": true, ""payment_history_eligible"": true, ""not_overextended"": true}",credit_age_months | credit_lines | debt_to_income | income_inr
1,0.33696455409893594,,,,,asia,taiwan_credit,341000.0,114900.0,LIQ-000707,Manual review,0.0,341000.0,0.3154179927316523,Very high,284475.0,284475.0,58323.54676351891,58323.54676351891,0.0,0.0,Reported delinquency | Manual review required,"{""automatic_increases_enabled"": true, ""within_maximum_increase"": true, ""within_account_exposure"": true, ""within_expected_loss_ceiling"": false, ""meets_profitability_hurdle"": false, ""payment_history_eligible"": false, ""not_overextended"": true}",credit_age_months | credit_lines | debt_to_income | income_inr
1,0.4540034353502208,,,,,asia,taiwan_credit,177000.0,80400.0,LIQ-000708,Manual review,0.0,177000.0,0.3239248124523379,Very high,152850.0,152850.0,32182.7399291709,32182.7399291709,0.0,0.0,Reported delinquency | Manual review required,"{""automatic_increases_enabled"": true, ""within_maximum_increase"": true, ""within_account_exposure"": true, ""within_expected_loss_ceiling"": false, ""meets_profitability_hurdle"": false, ""payment_history_eligible"": false, ""not_overextended"": true}",credit_age_months | credit_lines | debt_to_income | income_inr
0,0.4076950881482714,,,,,asia,taiwan_credit,117000.0,47700.0,LIQ-000709,No change,0.0,117000.0,0.08516958900453168,Moderate,99675.0,99675.0,5518.031209617353,5518.031209617353,0.0,0.0,No reported delinquency in the harmonized source fields | Exposure limit reached,"{""automatic_increases_enabled"": true, ""within_maximum_increase"": true, ""within_account_exposure"": true, ""within_expected_loss_ceiling"": true, ""meets_profitability_hurdle"": false, ""payment_history_eligible"": true, ""not_overextended"": true}",credit_age_months | credit_lines | debt_to_income | income_inr
0,0.6636308181573006,,,,,asia,taiwan_credit,601000.0,398800.0,LIQ-000710,Increase 30%,0.3,781300.0,0.11419170116725434,Moderate,550450.0,685675.0,40856.93423988485,50893.95655360713,30068.793948699662,0.22236120501903983,No reported delinquency in the harmonized source fields | High utilization with low estimated risk,"{""automatic_increases_enabled"": true, ""within_maximum_increase"": true, ""within_account_exposure"": true, ""within_expected_loss_ceiling"": true, ""meets_profitability_hurdle"": true, ""payment_history_eligible"": true, ""not_overextended"": true}",credit_age_months | credit_lines | debt_to_income | income_inr
0,0.4670001649396335,,,,,asia,taiwan_credit,245000.0,114400.0,LIQ-000711,No change,0.0,245000.0,0.08451901176507008,Moderate,212350.0,212350.0,11665.947896403211,11665.947896403211,0.0,0.0,No reported delinquency in the harmonized source fields | Exposure limit reached,"{""automatic_increases_enabled"": true, ""within_maximum_increase"": true, ""within_account_exposure"": true, ""within_expected_loss_ceiling"": true, ""meets_profitability_hurdle"": false, ""payment_history_eligible"": true, ""not_overextended"": true}",credit_age_months | credit_lines | debt_to_income | income_inr
0,0.46433409721954133,,,,,asia,taiwan_credit,434000.0,201500.0,LIQ-000712,No change,0.0,434000.0,0.08451901176507008,Moderate,375875.0,375875.0,20649.579305677216,20649.579305677216,0.0,0.0,No reported delinquency in the harmonized source fields | Exposure limit reached,"{""automatic_increases_enabled"": true, ""within_maximum_increase"": true, ""within_account_exposure"": true, ""within_expected_loss_ceiling"": true, ""meets_profitability_hurdle"": false, ""payment_history_eligible"": true, ""not_overextended"": true}",credit_age_months | credit_lines | debt_to_income | income_inr
2,0.9742439872134654,,,,,asia,taiwan_credit,783000.0,762800.0,LIQ-000713,Freeze automatic increases,0.0,783000.0,0.43613442693177057,Very high,777950.0,777950.0,220539.00533052112,220539.00533052112,0.0,0.0,Repeated delinquency,"{""automatic_increases_enabled"": true, ""within_maximum_increase"": true, ""within_account_exposure"": true, ""within_expected_loss_ceiling"": false, ""meets_profitability_hurdle"": false, ""payment_history_eligible"": false, ""not_overextended"": true}",credit_age_months | credit_lines | debt_to_income | income_inr
0,0.1931819390390872,,,,,asia,taiwan_credit,149000.0,28800.0,LIQ-000714,No change,0.0,149000.0,0.07124174382106481,Moderate,118950.0,118950.0,5508.233527885179,5508.233527885179,0.0,0.0,No reported delinquency in the harmonized source fields | Low utilization provides no evidence of additional need | Incremental return below profitability hurdle,"{""automatic_increases_enabled"": true, ""within_maximum_increase"": true, ""within_account_exposure"": true, ""within_expected_loss_ceiling"": true, ""meets_profitability_hurdle"": false, ""payment_history_eligible"": true, ""not_overextended"": true}",credit_age_months | credit_lines | debt_to_income | income_inr
0,0.3109918179483389,,,,,asia,taiwan_credit,340000.0,105700.0,LIQ-000715,No change,0.0,340000.0,0.079475338941242,Moderate,281425.0,281425.0,14538.12572000037,14538.12572000037,0.0,0.0,No reported delinquency in the harmonized source fields | Exposure limit reached,"{""automatic_increases_enabled"": true, ""within_maximum_increase"": true, ""within_account_exposure"": true, ""within_expected_loss_ceiling"": true, ""meets_profitability_hurdle"": false, ""payment_history_eligible"": true, ""not_overextended"": true}",credit_age_months | credit_lines | debt_to_income | income_inr
0,0.637130366280689,,,,,asia,taiwan_credit,313000.0,199400.0,LIQ-000716,No change,0.0,313000.0,0.10158334797157326,Moderate,284600.0,284600.0,18791.903541261338,18791.903541261338,0.0,0.0,No reported delinquency in the harmonized source fields | Exposure limit reached,"{""automatic_increases_enabled"": true, ""within_maximum_increase"": true, ""within_account_exposure"": true, ""within_expected_loss_ceiling"": true, ""meets_profitability_hurdle"": false, ""payment_history_eligible"": true, ""not_overextended"": true}",credit_age_months | credit_lines | debt_to_income | income_inr
0,0.2984537832249849,,,,,asia,taiwan_credit,448000.0,133700.0,LIQ-000717,No change,0.0,448000.0,0.0704930385460487,Moderate,369425.0,369425.0,16927.228997168128,16927.228997168128,0.0,0.0,No reported delinquency in the harmonized source fields | Exposure limit reached,"{""automatic_increases_enabled"": true, ""within_maximum_increase"": true, ""within_account_exposure"": true, ""within_expected_loss_ceiling"": true, ""meets_profitability_hurdle"": false, ""payment_history_eligible"": true, ""not_overextended"": true}",credit_age_months | credit_lines | debt_to_income | income_inr
0,0.4741966609843946,,,,,asia,taiwan_credit,783000.0,371300.0,LIQ-000718,Increase 30%,0.3,1017900.0,0.08843012259683386,Moderate,680075.0,856250.0,39090.42515627716,49216.89010780035,23676.746286081237,0.1343933377952674,No reported delinquency in the harmonized source fields,"{""automatic_increases_enabled"": true, ""within_maximum_increase"": true, ""within_account_exposure"": true, ""within_expected_loss_ceiling"": true, ""meets_profitability_hurdle"": true, ""payment_history_eligible"": true, ""not_overextended"": true}",credit_age_months | credit_lines | debt_to_income | income_inr
0,0.7097371041534262,,,,,asia,taiwan_credit,147000.0,104300.0,LIQ-000719,No change,0.0,147000.0,0.1120090883370235,Moderate,136325.0,136325.0,9925.265328904074,9925.265328904074,0.0,0.0,No reported delinquency in the harmonized source fields | High utilization with low estimated risk | Exposure limit reached,"{""automatic_increases_enabled"": true, ""within_maximum_increase"": true, ""within_account_exposure"": true, ""within_expected_loss_ceiling"": true, ""meets_profitability_hurdle"": false, ""payment_history_eligible"": true, ""not_overextended"": true}",credit_age_months | credit_lines | debt_to_income | income_inr
0,0.7752141993846691,,,,,asia,taiwan_credit,507000.0,393000.0,LIQ-000720,Increase 30%,0.3,659100.0,0.12273752595832339,Moderate,478500.0,592575.0,38174.43901118753,47275.27313908977,31760.927022338277,0.2784214509957333,No reported delinquency in the harmonized source fields | High utilization with low estimated risk,"{""automatic_increases_enabled"": true, ""within_maximum_increase"": true, ""within_account_exposure"": true, ""within_expected_loss_ceiling"": true, ""meets_profitability_hurdle"": true, ""payment_history_eligible"": true, ""not_overextended"": true}",credit_age_months | credit_lines | debt_to_income | income_inr
1,0.5335743448172627,,,,,asia,taiwan_credit,684000.0,365000.0,LIQ-000721,Manual review,0.0,684000.0,0.30687654138542125,Very high,604250.0,604250.0,120529.59758589152,120529.59758589152,0.0,0.0,Reported delinquency | Manual review required,"{""automatic_increases_enabled"": true, ""within_maximum_increase"": true, ""within_account_exposure"": true, ""within_expected_loss_ceiling"": false, ""meets_profitability_hurdle"": false, ""payment_history_eligible"": false, ""not_overextended"": true}",credit_age_months | credit_lines | debt_to_income | income_inr
1,0.6746859599331886,,,,,asia,taiwan_credit,310000.0,209200.0,LIQ-000722,Manual review,0.0,310000.0,0.3547047913014613,Very high,284800.0,284800.0,65662.95096572652,65662.95096572652,0.0,0.0,Reported delinquency | Manual review required,"{""automatic_increases_enabled"": true, ""within_maximum_increase"": true, ""within_account_exposure"": true, ""within_expected_loss_ceiling"": false, ""meets_profitability_hurdle"": false, ""payment_history_eligible"": false, ""not_overextended"": true}",credit_age_months | credit_lines | debt_to_income | income_inr
0,0.3844030797992174,,,,,asia,taiwan_credit,320000.0,123000.0,LIQ-000723,No change,0.0,320000.0,0.0753745722583789,Moderate,270750.0,270750.0,13264.982535321458,13264.982535321458,0.0,0.0,No reported delinquency in the harmonized source fields | Exposure limit reached,"{""automatic_increases_enabled"": true, ""within_maximum_increase"": true, ""within_account_exposure"": true, ""within_expected_loss_ceiling"": true, ""meets_profitability_hurdle"": false, ""payment_history_eligible"": true, ""not_overextended"": true}",credit_age_months | credit_lines | debt_to_income | income_inr
0,0.5249426292154293,,,,,asia,taiwan_credit,459000.0,240900.0,LIQ-000724,No change,0.0,459000.0,0.08962827602182603,Moderate,404475.0,404475.0,23564.05801355326,23564.05801355326,0.0,0.0,No reported delinquency in the harmonized source fields | Exposure limit reached,"{""automatic_increases_enabled"": true, ""within_maximum_increase"": true, ""within_account_exposure"": true, ""within_expected_loss_ceiling"": true, ""meets_profitability_hurdle"": false, ""payment_history_eligible"": true, ""not_overextended"": true}",credit_age_months | credit_lines | debt_to_income | income_inr
0,0.6641317958359627,,,,,asia,taiwan_credit,438000.0,290900.0,LIQ-000725,Increase 30%,0.3,569400.0,0.11251901624577622,Moderate,401225.0,499775.0,29344.537490587518,36552.22437375133,21999.397609945347,0.22323082303343833,No reported delinquency in the harmonized source fields | High utilization with low estimated risk,"{""automatic_increases_enabled"": true, ""within_maximum_increase"": true, ""within_account_exposure"": true, ""within_expected_loss_ceiling"": true, ""meets_profitability_hurdle"": true, ""payment_history_eligible"": true, ""not_overextended"": true}",credit_age_months | credit_lines | debt_to_income | income_inr
0,0.7140710202165089,,,,,asia,taiwan_credit,511000.0,364900.0,LIQ-000726,Increase 30%,0.3,664300.0,0.10836577022598959,Moderate,474475.0,589450.0,33420.95173818467,41519.53211881122,29189.584559956995,0.25387766523119804,No reported delinquency in the harmonized source fields | High utilization with low estimated risk,"{""automatic_increases_enabled"": true, ""within_maximum_increase"": true, ""within_account_exposure"": true, ""within_expected_loss_ceiling"": true, ""meets_profitability_hurdle"": true, ""payment_history_eligible"": true, ""not_overextended"": true}",credit_age_months | credit_lines | debt_to_income | income_inr
0,0.6563656345065588,,,,,asia,taiwan_credit,504000.0,330800.0,LIQ-000727,Increase 30%,0.3,655200.0,0.10689963846561308,Moderate,460700.0,574100.0,32011.631236720168,39891.20358802051,25267.452469867138,0.22281704118048623,No reported delinquency in the harmonized source fields | High utilization with low estimated risk,"{""automatic_increases_enabled"": true, ""within_maximum_increase"": true, ""within_account_exposure"": true, ""within_expected_loss_ceiling"": true, ""meets_profitability_hurdle"": true, ""payment_history_eligible"": true, ""not_overextended"": true}",credit_age_months | credit_lines | debt_to_income | income_inr
1,0.13758672441239364,,,,,asia,taiwan_credit,185000.0,25500.0,LIQ-000728,Manual review,0.0,185000.0,0.2426716351387959,High,145125.0,145125.0,22891.518682186543,22891.518682186543,0.0,0.0,Reported delinquency | Manual review required,"{""automatic_increases_enabled"": true, ""within_maximum_increase"": true, ""within_account_exposure"": true, ""within_expected_loss_ceiling"": false, ""meets_profitability_hurdle"": false, ""payment_history_eligible"": false, ""not_overextended"": true}",credit_age_months | credit_lines | debt_to_income | income_inr
0,0.660612710142325,,,,,asia,taiwan_credit,666000.0,440000.0,LIQ-000729,Increase 30%,0.3,865800.0,0.10689963846561308,Moderate,609500.0,759350.0,42350.964269114265,52763.25630476115,33799.82438681343,0.22555772029905527,No reported delinquency in the harmonized source fields | High utilization with low estimated risk,"{""automatic_increases_enabled"": true, ""within_maximum_increase"": true, ""within_account_exposure"": true, ""within_expected_loss_ceiling"": true, ""meets_profitability_hurdle"": true, ""payment_history_eligible"": true, ""not_overextended"": true}",credit_age_months | credit_lines | debt_to_income | income_inr
0,1.0899455904584812,,,,,asia,taiwan_credit,747000.0,814200.0,LIQ-000730,No change,0.0,747000.0,0.1869573259929914,High,747000.0,747000.0,90777.12963589697,90777.12963589697,0.0,0.0,No reported delinquency in the harmonized source fields | Expected loss exceeds policy ceiling,"{""automatic_increases_enabled"": true, ""within_maximum_increase"": true, ""within_account_exposure"": true, ""within_expected_loss_ceiling"": false, ""meets_profitability_hurdle"": false, ""payment_history_eligible"": true, ""not_overextended"": true}",credit_age_months | credit_lines | debt_to_income | income_inr
0,0.7570971137379849,,,,,asia,taiwan_credit,395000.0,299100.0,LIQ-000731,Increase 30%,0.3,513500.0,0.10445677510176377,Moderate,371025.0,459900.0,25191.448738385738,31225.78606504575,24868.328790572104,0.27981241958449626,No reported delinquency in the harmonized source fields | High utilization with low estimated risk,"{""automatic_increases_enabled"": true, ""within_maximum_increase"": true, ""within_account_exposure"": true, ""within_expected_loss_ceiling"": true, ""meets_profitability_hurdle"": true, ""payment_history_eligible"": true, ""not_overextended"": true}",credit_age_months | credit_lines | debt_to_income | income_inr
0,0.2591516482248745,,,,,asia,taiwan_credit,133000.0,34500.0,LIQ-000732,No change,0.0,133000.0,0.0735944858898624,Moderate,108375.0,108375.0,5184.271565403994,5184.271565403994,0.0,0.0,No reported delinquency in the harmonized source fields | Exposure limit reached,"{""automatic_increases_enabled"": true, ""within_maximum_increase"": true, ""within_account_exposure"": true, ""within_expected_loss_ceiling"": true, ""meets_profitability_hurdle"": false, ""payment_history_eligible"": true, ""not_overextended"": true}",credit_age_months | credit_lines | debt_to_income | income_inr
0,0.982580873921633,,,,,asia,taiwan_credit,325000.0,319300.0,LIQ-000733,Increase 30%,0.3,422500.0,0.14175789753573287,Moderate,323575.0,396700.0,29815.0526018311,36552.9826690764,27797.639851974658,0.3801386646423885,No reported delinquency in the harmonized source fields | High utilization with low estimated risk,"{""automatic_increases_enabled"": true, ""within_maximum_increase"": true, ""within_account_exposure"": true, ""within_expected_loss_ceiling"": true, ""meets_profitability_hurdle"": true, ""payment_history_eligible"": true, ""not_overextended"": true}",credit_age_months | credit_lines | debt_to_income | income_inr
2,0.6922216977025901,,,,,asia,taiwan_credit,397000.0,274800.0,LIQ-000734,Freeze automatic increases,0.0,397000.0,0.41147686296083696,Very high,366450.0,366450.0,98010.70268079916,98010.70268079916,0.0,0.0,Repeated delinquency,"{""automatic_increases_enabled"": true, ""within_maximum_increase"": true, ""within_account_exposure"": true, ""within_expected_loss_ceiling"": false, ""meets_profitability_hurdle"": false, ""payment_history_eligible"": false, ""not_overextended"": true}",credit_age_months | credit_lines | debt_to_income | income_inr
0,0.8859506696573556,,,,,asia,taiwan_credit,166000.0,147100.0,LIQ-000735,No change,0.0,166000.0,0.13209004487407264,Moderate,161275.0,161275.0,13846.834291592942,13846.834291592942,0.0,0.0,No reported delinquency in the harmonized source fields | High utilization with low estimated risk | Exposure limit reached,"{""automatic_increases_enabled"": true, ""within_maximum_increase"": true, ""within_account_exposure"": true, ""within_expected_loss_ceiling"": true, ""meets_profitability_hurdle"": false, ""payment_history_eligible"": true, ""not_overextended"": true}",credit_age_months | credit_lines | debt_to_income | income_inr
0,0.37933598484036996,,,,,asia,taiwan_credit,277000.0,105100.0,LIQ-000736,No change,0.0,277000.0,0.0753745722583789,Moderate,234025.0,234025.0,11465.69727729863,11465.69727729863,0.0,0.0,No reported delinquency in the harmonized source fields | Exposure limit reached,"{""automatic_increases_enabled"": true, ""within_maximum_increase"": true, ""within_account_exposure"": true, ""within_expected_loss_ceiling"": true, ""meets_profitability_hurdle"": false, ""payment_history_eligible"": true, ""not_overextended"": true}",credit_age_months | credit_lines | debt_to_income | income_inr
1,1.0065341744850467,,,,,asia,taiwan_credit,140000.0,140900.0,LIQ-000737,Manual review,0.0,140000.0,0.40406773694912657,Very high,140000.0,140000.0,36770.16406237052,36770.16406237052,0.0,0.0,Reported delinquency | Manual review required,"{""automatic_increases_enabled"": true, ""within_maximum_increase"": true, ""within_account_exposure"": true, ""within_expected_loss_ceiling"": false, ""meets_profitability_hurdle"": false, ""payment_history_eligible"": false, ""not_overextended"": true}",credit_age_months | credit_lines | debt_to_income | income_inr
0,0.6052180559926585,,,,,asia,taiwan_credit,519000.0,314100.0,LIQ-000738,Increase 30%,0.3,674700.0,0.08907457679992008,Moderate,467775.0,584550.0,27083.4591056787,33844.553514455634,24066.508849271133,0.20609298950349933,No reported delinquency in the harmonized source fields,"{""automatic_increases_enabled"": true, ""within_maximum_increase"": true, ""within_account_exposure"": true, ""within_expected_loss_ceiling"": true, ""meets_profitability_hurdle"": true, ""payment_history_eligible"": true, ""not_overextended"": true}",credit_age_months | credit_lines | debt_to_income | income_inr
0,0.6816897312583426,,,,,asia,taiwan_credit,390000.0,265900.0,LIQ-000739,Increase 30%,0.3,507000.0,0.11258142348426615,Moderate,358975.0,446725.0,26269.045721921888,32690.408663905717,20419.388118110775,0.23269957969357008,No reported delinquency in the harmonized source fields | High utilization with low estimated risk,"{""automatic_increases_enabled"": true, ""within_maximum_increase"": true, ""within_account_exposure"": true, ""within_expected_loss_ceiling"": true, ""meets_profitability_hurdle"": true, ""payment_history_eligible"": true, ""not_overextended"": true}",credit_age_months | credit_lines | debt_to_income | income_inr
1,0.3373395496201542,,,,,asia,taiwan_credit,120000.0,40500.0,LIQ-000740,Manual review,0.0,120000.0,0.3154179927316523,Very high,100125.0,100125.0,20527.797239466847,20527.797239466847,0.0,0.0,Reported delinquency | Manual review required,"{""automatic_increases_enabled"": true, ""within_maximum_increase"": true, ""within_account_exposure"": true, ""within_expected_loss_ceiling"": false, ""meets_profitability_hurdle"": false, ""payment_history_eligible"": false, ""not_overextended"": true}",credit_age_months | credit_lines | debt_to_income | income_inr
1,0.4797477484062092,,,,,asia,taiwan_credit,440000.0,211100.0,LIQ-000741,Manual review,0.0,440000.0,0.33390648123239525,Very high,382775.0,382775.0,83077.18467992457,83077.18467992457,0.0,0.0,Reported delinquency | Manual review required,"{""automatic_increases_enabled"": true, ""within_maximum_increase"": true, ""within_account_exposure"": true, ""within_expected_loss_ceiling"": false, ""meets_profitability_hurdle"": false, ""payment_history_eligible"": false, ""not_overextended"": true}",credit_age_months | credit_lines | debt_to_income | income_inr
0,0.9449529828588087,,,,,asia,taiwan_credit,337000.0,318400.0,LIQ-000742,Increase 30%,0.3,438100.0,0.14209487564002465,Moderate,332350.0,408175.0,30696.400747325428,37699.72431183859,27232.27405805606,0.35914637729055143,No reported delinquency in the harmonized source fields | High utilization with low estimated risk,"{""automatic_increases_enabled"": true, ""within_maximum_increase"": true, ""within_account_exposure"": true, ""within_expected_loss_ceiling"": true, ""meets_profitability_hurdle"": true, ""payment_history_eligible"": true, ""not_overextended"": true}",credit_age_months | credit_lines | debt_to_income | income_inr
1,0.8663986768602095,,,,,asia,taiwan_credit,490000.0,424500.0,LIQ-000743,Manual review,0.0,490000.0,0.3041226916242984,Very high,473625.0,473625.0,93626.07138336291,93626.07138336291,0.0,0.0,Reported delinquency | Manual review required,"{""automatic_increases_enabled"": true, ""within_maximum_increase"": true, ""within_account_exposure"": true, ""within_expected_loss_ceiling"": false, ""meets_profitability_hurdle"": false, ""payment_history_eligible"": false, ""not_overextended"": true}",credit_age_months | credit_lines | debt_to_income | income_inr
0,0.6300255113582433,,,,,asia,taiwan_credit,271000.0,170700.0,LIQ-000744,No change,0.0,271000.0,0.0987359063062026,Moderate,245925.0,245925.0,15783.058042929371,15783.058042929371,0.0,0.0,No reported delinquency in the harmonized source fields | Exposure limit reached,"{""automatic_increases_enabled"": true, ""within_maximum_increase"": true, ""within_account_exposure"": true, ""within_expected_loss_ceiling"": true, ""meets_profitability_hurdle"": false, ""payment_history_eligible"": true, ""not_overextended"": true}",credit_age_months | credit_lines | debt_to_income | income_inr
0,0.5556151240706727,,,,,asia,taiwan_credit,208000.0,115600.0,LIQ-000745,No change,0.0,208000.0,0.08210223476850792,Moderate,184900.0,184900.0,9867.457085653125,9867.457085653125,0.0,0.0,No reported delinquency in the harmonized source fields | Exposure limit reached,"{""automatic_increases_enabled"": true, ""within_maximum_increase"": true, ""within_account_exposure"": true, ""within_expected_loss_ceiling"": true, ""meets_profitability_hurdle"": false, ""payment_history_eligible"": true, ""not_overextended"": true}",credit_age_months | credit_lines | debt_to_income | income_inr
1,0.010826473719977085,,,,,asia,taiwan_credit,212000.0,2300.0,LIQ-000746,Manual review,0.0,212000.0,0.27423202835595445,High,159575.0,159575.0,28444.37435118593,28444.37435118593,0.0,0.0,Reported delinquency | Manual review required,"{""automatic_increases_enabled"": true, ""within_maximum_increase"": true, ""within_account_exposure"": true, ""within_expected_loss_ceiling"": false, ""meets_profitability_hurdle"": false, ""payment_history_eligible"": false, ""not_overextended"": true}",credit_age_months | credit_lines | debt_to_income | income_inr
0,0.37518538079339575,,,,,asia,taiwan_credit,247000.0,92700.0,LIQ-000747,No change,0.0,247000.0,0.0774889191905499,Moderate,208425.0,208425.0,10497.908188488736,10497.908188488736,0.0,0.0,No reported delinquency in the harmonized source fields | Exposure limit reached,"{""automatic_increases_enabled"": true, ""within_maximum_increase"": true, ""within_account_exposure"": true, ""within_expected_loss_ceiling"": true, ""meets_profitability_hurdle"": false, ""payment_history_eligible"": true, ""not_overextended"": true}",credit_age_months | credit_lines | debt_to_income | income_inr
0,0.46007830599680577,,,,,asia,taiwan_credit,354000.0,162900.0,LIQ-000748,No change,0.0,354000.0,0.08451901176507008,Moderate,306225.0,306225.0,16823.19234554308,16823.19234554308,0.0,0.0,No reported delinquency in the harmonized source fields | Exposure limit reached,"{""automatic_increases_enabled"": true, ""within_maximum_increase"": true, ""within_account_exposure"": true, ""within_expected_loss_ceiling"": true, ""meets_profitability_hurdle"": false, ""payment_history_eligible"": true, ""not_overextended"": true}",credit_age_months | credit_lines | debt_to_income | income_inr
0,0.44785100716873194,,,,,asia,taiwan_credit,385000.0,172400.0,LIQ-000749,No change,0.0,385000.0,0.08632687031535953,Moderate,331850.0,331850.0,18620.92174419884,18620.92174419884,0.0,0.0,No reported delinquency in the harmonized source fields | Exposure limit reached,"{""automatic_increases_enabled"": true, ""within_maximum_increase"": true, ""within_account_exposure"": true, ""within_expected_loss_ceiling"": true, ""meets_profitability_hurdle"": false, ""payment_history_eligible"": true, ""not_overextended"": true}",credit_age_months | credit_lines | debt_to_income | income_inr
0,0.4654109099993931,,,,,asia,taiwan_credit,309000.0,143800.0,LIQ-000750,No change,0.0,309000.0,0.08451901176507008,Moderate,267700.0,267700.0,14706.73064218102,14706.73064218102,0.0,0.0,No reported delinquency in the harmonized source fields | Exposure limit reached,"{""automatic_increases_enabled"": true, ""within_maximum_increase"": true, ""within_account_exposure"": true, ""within_expected_loss_ceiling"": true, ""meets_profitability_hurdle"": false, ""payment_history_eligible"": true, ""not_overextended"": true}",credit_age_months | credit_lines | debt_to_income | income_inr
0,0.4159615122435881,,,,,asia,taiwan_credit,266000.0,110600.0,LIQ-000751,No change,0.0,266000.0,0.08516958900453168,Moderate,227150.0,227150.0,12575.076892546593,12575.076892546593,0.0,0.0,No reported delinquency in the harmonized source fields | Exposure limit reached,"{""automatic_increases_enabled"": true, ""within_maximum_increase"": true, ""within_account_exposure"": true, ""within_expected_loss_ceiling"": true, ""meets_profitability_hurdle"": false, ""payment_history_eligible"": true, ""not_overextended"": true}",credit_age_months | credit_lines | debt_to_income | income_inr
0,0.195241282981765,,,,,asia,taiwan_credit,279000.0,54500.0,LIQ-000752,No change,0.0,279000.0,0.07124174382106481,Moderate,222875.0,222875.0,10320.702375177883,10320.702375177883,0.0,0.0,No reported delinquency in the harmonized source fields | Low utilization provides no evidence of additional need | Incremental return below profitability hurdle,"{""automatic_increases_enabled"": true, ""within_maximum_increase"": true, ""within_account_exposure"": true, ""within_expected_loss_ceiling"": true, ""meets_profitability_hurdle"": false, ""payment_history_eligible"": true, ""not_overextended"": true}",credit_age_months | credit_lines | debt_to_income | income_inr
1,0.9524639085621287,,,,,asia,taiwan_credit,1786000.0,1701100.0,LIQ-000753,Manual review,0.0,1786000.0,0.3865701421054288,Very high,1764775.0,1764775.0,443436.0596471703,443436.0596471703,0.0,0.0,Reported delinquency | Manual review required,"{""automatic_increases_enabled"": true, ""within_maximum_increase"": true, ""within_account_exposure"": true, ""within_expected_loss_ceiling"": false, ""meets_profitability_hurdle"": false, ""payment_history_eligible"": false, ""not_overextended"": true}",credit_age_months | credit_lines | debt_to_income | income_inr
1,0.49975694252320324,,,,,asia,taiwan_credit,212000.0,105900.0,LIQ-000754,Manual review,0.0,212000.0,0.31822130158257456,Very high,185475.0,185475.0,38364.36234216821,38364.36234216821,0.0,0.0,Reported delinquency | Manual review required,"{""automatic_increases_enabled"": true, ""within_maximum_increase"": true, ""within_account_exposure"": true, ""within_expected_loss_ceiling"": false, ""meets_profitability_hurdle"": false, ""payment_history_eligible"": false, ""not_overextended"": true}",credit_age_months | credit_lines | debt_to_income | income_inr
0,0.34782021047443773,,,,,asia,taiwan_credit,244000.0,84900.0,LIQ-000755,No change,0.0,244000.0,0.06934387152945824,Moderate,204225.0,204225.0,9205.138906017348,9205.138906017348,0.0,0.0,No reported delinquency in the harmonized source fields | Exposure limit reached,"{""automatic_increases_enabled"": true, ""within_maximum_increase"": true, ""within_account_exposure"": true, ""within_expected_loss_ceiling"": true, ""meets_profitability_hurdle"": false, ""payment_history_eligible"": true, ""not_overextended"": true}",credit_age_months | credit_lines | debt_to_income | income_inr
0,0.4839344907983772,,,,,asia,taiwan_credit,2500000.0,1209800.0,LIQ-000756,Increase 20%,0.2,3000000.0,0.10071971691843155,Moderate,2177450.0,2552450.0,142552.8959426252,167103.3269414929,49629.54963811491,0.13234546570163977,No reported delinquency in the harmonized source fields,"{""automatic_increases_enabled"": true, ""within_maximum_increase"": true, ""within_account_exposure"": true, ""within_expected_loss_ceiling"": true, ""meets_profitability_hurdle"": true, ""payment_history_eligible"": true, ""not_overextended"": true}",credit_age_months | credit_lines | debt_to_income | income_inr
0,0.39788150669186195,,,,,asia,taiwan_credit,460000.0,183000.0,LIQ-000757,No change,0.0,460000.0,0.0808458283099629,Moderate,390750.0,390750.0,20533.829817876704,20533.829817876704,0.0,0.0,No reported delinquency in the harmonized source fields | Exposure limit reached,"{""automatic_increases_enabled"": true, ""within_maximum_increase"": true, ""within_account_exposure"": true, ""within_expected_loss_ceiling"": true, ""meets_profitability_hurdle"": false, ""payment_history_eligible"": true, ""not_overextended"": true}",credit_age_months | credit_lines | debt_to_income | income_inr
1,0.21381636898392864,,,,,asia,taiwan_credit,143000.0,30600.0,LIQ-000758,Manual review,0.0,143000.0,0.27160879714721614,High,114900.0,114900.0,20285.10301493984,20285.10301493984,0.0,0.0,Reported delinquency | Manual review required,"{""automatic_increases_enabled"": true, ""within_maximum_increase"": true, ""within_account_exposure"": true, ""within_expected_loss_ceiling"": false, ""meets_profitability_hurdle"": false, ""payment_history_eligible"": false, ""not_overextended"": true}",credit_age_months | credit_lines | debt_to_income | income_inr
0,0.20578897608733057,,,,,asia,taiwan_credit,605000.0,124500.0,LIQ-000759,No change,0.0,605000.0,0.07009471210831149,Moderate,484875.0,484875.0,22091.662796786397,22091.662796786397,0.0,0.0,No reported delinquency in the harmonized source fields | Incremental return below profitability hurdle,"{""automatic_increases_enabled"": true, ""within_maximum_increase"": true, ""within_account_exposure"": true, ""within_expected_loss_ceiling"": true, ""meets_profitability_hurdle"": false, ""payment_history_eligible"": true, ""not_overextended"": true}",credit_age_months | credit_lines | debt_to_income | income_inr
0,0.2513800612109689,,,,,asia,taiwan_credit,194000.0,48800.0,LIQ-000760,No change,0.0,194000.0,0.0735944858898624,Moderate,157700.0,157700.0,7543.802776140345,7543.802776140345,0.0,0.0,No reported delinquency in the harmonized source fields | Exposure limit reached,"{""automatic_increases_enabled"": true, ""within_maximum_increase"": true, ""within_account_exposure"": true, ""within_expected_loss_ceiling"": true, ""meets_profitability_hurdle"": false, ""payment_history_eligible"": true, ""not_overextended"": true}",credit_age_months | credit_lines | debt_to_income | income_inr
1,0.4170839421086347,,,,,asia,taiwan_credit,632000.0,263600.0,LIQ-000761,Manual review,0.0,632000.0,0.32216460564488014,Very high,539900.0,539900.0,113058.83588198602,113058.83588198602,0.0,0.0,Reported delinquency | Manual review required,"{""automatic_increases_enabled"": true, ""within_maximum_increase"": true, ""within_account_exposure"": true, ""within_expected_loss_ceiling"": false, ""meets_profitability_hurdle"": false, ""payment_history_eligible"": false, ""not_overextended"": true}",credit_age_months | credit_lines | debt_to_income | income_inr
0,0.5190904610798338,,,,,asia,taiwan_credit,305000.0,158300.0,LIQ-000762,No change,0.0,305000.0,0.08234712963836745,Moderate,268325.0,268325.0,14362.265814139715,14362.265814139715,0.0,0.0,No reported delinquency in the harmonized source fields | Exposure limit reached,"{""automatic_increases_enabled"": true, ""within_maximum_increase"": true, ""within_account_exposure"": true, ""within_expected_loss_ceiling"": true, ""meets_profitability_hurdle"": false, ""payment_history_eligible"": true, ""not_overextended"": true}",credit_age_months | credit_lines | debt_to_income | income_inr
1,0.6955825284582174,,,,,asia,taiwan_credit,263000.0,182900.0,LIQ-000763,Manual review,0.0,263000.0,0.3547047913014613,Very high,242975.0,242975.0,56019.85783320717,56019.85783320717,0.0,0.0,Reported delinquency | Manual review required,"{""automatic_increases_enabled"": true, ""within_maximum_increase"": true, ""within_account_exposure"": true, ""within_expected_loss_ceiling"": false, ""meets_profitability_hurdle"": false, ""payment_history_eligible"": false, ""not_overextended"": true}",credit_age_months | credit_lines | debt_to_income | income_inr
1,0.5373418452776576,,,,,asia,taiwan_credit,996000.0,535200.0,LIQ-000764,Manual review,0.0,996000.0,0.3142759908648635,Very high,880800.0,880800.0,179929.2902899517,179929.2902899517,0.0,0.0,Reported delinquency | Manual review required,"{""automatic_increases_enabled"": true, ""within_maximum_increase"": true, ""within_account_exposure"": true, ""within_expected_loss_ceiling"": false, ""meets_profitability_hurdle"": false, ""payment_history_eligible"": false, ""not_overextended"": true}",credit_age_months | credit_lines | debt_to_income | income_inr
0,0.4337103691475273,,,,,asia,taiwan_credit,506000.0,219500.0,LIQ-000765,No change,0.0,506000.0,0.08516958900453168,Moderate,434375.0,434375.0,24047.101145498244,24047.101145498244,0.0,0.0,No reported delinquency in the harmonized source fields | Exposure limit reached,"{""automatic_increases_enabled"": true, ""within_maximum_increase"": true, ""within_account_exposure"": true, ""within_expected_loss_ceiling"": true, ""meets_profitability_hurdle"": false, ""payment_history_eligible"": true, ""not_overextended"": true}",credit_age_months | credit_lines | debt_to_income | income_inr
0,0.43220852759273,,,,,asia,taiwan_credit,659000.0,284800.0,LIQ-000766,No change,0.0,659000.0,0.08516958900453168,Moderate,565450.0,565450.0,31303.443666698087,31303.443666698087,0.0,0.0,No reported delinquency in the harmonized source fields | Exposure limit reached,"{""automatic_increases_enabled"": true, ""within_maximum_increase"": true, ""within_account_exposure"": true, ""within_expected_loss_ceiling"": true, ""meets_profitability_hurdle"": false, ""payment_history_eligible"": true, ""not_overextended"": true}",credit_age_months | credit_lines | debt_to_income | income_inr
1,0.531783231177392,,,,,asia,taiwan_credit,464000.0,246700.0,LIQ-000767,Manual review,0.0,464000.0,0.30687654138542125,Very high,409675.0,409675.0,81717.7706098471,81717.7706098471,0.0,0.0,Reported delinquency | Manual review required,"{""automatic_increases_enabled"": true, ""within_maximum_increase"": true, ""within_account_exposure"": true, ""within_expected_loss_ceiling"": false, ""meets_profitability_hurdle"": false, ""payment_history_eligible"": false, ""not_overextended"": true}",credit_age_months | credit_lines | debt_to_income | income_inr
1,0.35517434750925825,,,,,asia,taiwan_credit,262000.0,93100.0,LIQ-000768,Manual review,0.0,262000.0,0.31368931960687124,Very high,219775.0,219775.0,44811.69564079009,44811.69564079009,0.0,0.0,Reported delinquency | Manual review required,"{""automatic_increases_enabled"": true, ""within_maximum_increase"": true, ""within_account_exposure"": true, ""within_expected_loss_ceiling"": false, ""meets_profitability_hurdle"": false, ""payment_history_eligible"": false, ""not_overextended"": true}",credit_age_months | credit_lines | debt_to_income | income_inr
0,0.48699736481219674,,,,,asia,taiwan_credit,521000.0,253700.0,LIQ-000769,No change,0.0,521000.0,0.09283852604288972,Moderate,454175.0,454175.0,27407.20941759414,27407.20941759414,0.0,0.0,No reported delinquency in the harmonized source fields | Exposure limit reached,"{""automatic_increases_enabled"": true, ""within_maximum_increase"": true, ""within_account_exposure"": true, ""within_expected_loss_ceiling"": true, ""meets_profitability_hurdle"": false, ""payment_history_eligible"": true, ""not_overextended"": true}",credit_age_months | credit_lines | debt_to_income | income_inr
1,0.8224177205223433,,,,,asia,taiwan_credit,768000.0,631600.0,LIQ-000770,Manual review,0.0,768000.0,0.3087419324809964,Very high,733900.0,733900.0,147280.70776107212,147280.70776107212,0.0,0.0,Reported delinquency | Manual review required,"{""automatic_increases_enabled"": true, ""within_maximum_increase"": true, ""within_account_exposure"": true, ""within_expected_loss_ceiling"": false, ""meets_profitability_hurdle"": false, ""payment_history_eligible"": false, ""not_overextended"": true}",credit_age_months | credit_lines | debt_to_income | income_inr
1,0.6497415227303215,,,,,asia,taiwan_credit,382000.0,248200.0,LIQ-000771,Manual review,0.0,382000.0,0.34891282555666864,Very high,348550.0,348550.0,79048.81747605496,79048.81747605496,0.0,0.0,Reported delinquency | Manual review required,"{""automatic_increases_enabled"": true, ""within_maximum_increase"": true, ""within_account_exposure"": true, ""within_expected_loss_ceiling"": false, ""meets_profitability_hurdle"": false, ""payment_history_eligible"": false, ""not_overextended"": true}",credit_age_months | credit_lines | debt_to_income | income_inr
0,0.6212199645758211,,,,,asia,taiwan_credit,1129000.0,701400.0,LIQ-000772,Increase 30%,0.3,1467700.0,0.09451349205903499,Moderate,1022100.0,1276125.0,62791.45615180078,78397.16953499342,53919.851209168526,0.21226198684841463,No reported delinquency in the harmonized source fields,"{""automatic_increases_enabled"": true, ""within_maximum_increase"": true, ""within_account_exposure"": true, ""within_expected_loss_ceiling"": true, ""meets_profitability_hurdle"": true, ""payment_history_eligible"": true, ""not_overextended"": true}",credit_age_months | credit_lines | debt_to_income | income_inr
0,0.40354044608010176,,,,,asia,taiwan_credit,608000.0,245400.0,LIQ-000773,No change,0.0,608000.0,0.08516958900453168,Moderate,517350.0,517350.0,28640.616466471405,28640.616466471405,0.0,0.0,No reported delinquency in the harmonized source fields | Exposure limit reached,"{""automatic_increases_enabled"": true, ""within_maximum_increase"": true, ""within_account_exposure"": true, ""within_expected_loss_ceiling"": true, ""meets_profitability_hurdle"": false, ""payment_history_eligible"": true, ""not_overextended"": true}",credit_age_months | credit_lines | debt_to_income | income_inr
0,0.652689396817177,,,,,asia,taiwan_credit,402000.0,262400.0,LIQ-000774,Increase 30%,0.3,522600.0,0.10742653511030126,Moderate,367100.0,457550.0,25633.582675344536,31949.457240816922,19902.04852883542,0.22003370402250327,No reported delinquency in the harmonized source fields | High utilization with low estimated risk,"{""automatic_increases_enabled"": true, ""within_maximum_increase"": true, ""within_account_exposure"": true, ""within_expected_loss_ceiling"": true, ""meets_profitability_hurdle"": true, ""payment_history_eligible"": true, ""not_overextended"": true}",credit_age_months | credit_lines | debt_to_income | income_inr
0,0.8887486912360557,,,,,asia,taiwan_credit,412000.0,366200.0,LIQ-000775,Increase 30%,0.3,535600.0,0.13134863297965527,Moderate,400550.0,493250.0,34197.6017110006,42112.01359118972,31091.94295866254,0.3354039154116779,No reported delinquency in the harmonized source fields | High utilization with low estimated risk,"{""automatic_increases_enabled"": true, ""within_maximum_increase"": true, ""within_account_exposure"": true, ""within_expected_loss_ceiling"": true, ""meets_profitability_hurdle"": true, ""payment_history_eligible"": true, ""not_overextended"": true}",credit_age_months | credit_lines | debt_to_income | income_inr
0,1.0236179592113555,,,,,asia,taiwan_credit,383000.0,392000.0,LIQ-000776,Increase 30%,0.3,497900.0,0.1607178436105998,High,383000.0,471425.0,40010.70716685882,49248.16612568256,33296.56896204163,0.3765515291155401,No reported delinquency in the harmonized source fields,"{""automatic_increases_enabled"": true, ""within_maximum_increase"": true, ""within_account_exposure"": true, ""within_expected_loss_ceiling"": true, ""meets_profitability_hurdle"": true, ""payment_history_eligible"": true, ""not_overextended"": true}",credit_age_months | credit_lines | debt_to_income | income_inr
0,0.728139854497139,,,,,asia,taiwan_credit,155000.0,112900.0,LIQ-000777,No change,0.0,155000.0,0.10597304823836039,Moderate,144475.0,144475.0,9951.796493754127,9951.796493754127,0.0,0.0,No reported delinquency in the harmonized source fields | High utilization with low estimated risk | Exposure limit reached,"{""automatic_increases_enabled"": true, ""within_maximum_increase"": true, ""within_account_exposure"": true, ""within_expected_loss_ceiling"": true, ""meets_profitability_hurdle"": false, ""payment_history_eligible"": true, ""not_overextended"": true}",credit_age_months | credit_lines | debt_to_income | income_inr
0,0.3478538215492411,,,,,asia,taiwan_credit,330000.0,114800.0,LIQ-000778,No change,0.0,330000.0,0.06934387152945824,Moderate,276200.0,276200.0,12449.30525568364,12449.30525568364,0.0,0.0,No reported delinquency in the harmonized source fields | Exposure limit reached,"{""automatic_increases_enabled"": true, ""within_maximum_increase"": true, ""within_account_exposure"": true, ""within_expected_loss_ceiling"": true, ""meets_profitability_hurdle"": false, ""payment_history_eligible"": true, ""not_overextended"": true}",credit_age_months | credit_lines | debt_to_income | income_inr
0,0.6707881851402048,,,,,asia,taiwan_credit,404000.0,271000.0,LIQ-000779,Increase 30%,0.3,525200.0,0.11251901624577622,Moderate,370750.0,461650.0,27115.676427528997,33763.86250241069,20613.157683731522,0.22676741126217295,No reported delinquency in the harmonized source fields | High utilization with low estimated risk,"{""automatic_increases_enabled"": true, ""within_maximum_increase"": true, ""within_account_exposure"": true, ""within_expected_loss_ceiling"": true, ""meets_profitability_hurdle"": true, ""payment_history_eligible"": true, ""not_overextended"": true}",credit_age_months | credit_lines | debt_to_income | income_inr
0,0.5371506051483014,,,,,asia,taiwan_credit,267000.0,143400.0,LIQ-000780,No change,0.0,267000.0,0.09300480011477723,Moderate,236100.0,236100.0,14272.981649614288,14272.981649614288,0.0,0.0,No reported delinquency in the harmonized source fields | Exposure limit reached,"{""automatic_increases_enabled"": true, ""within_maximum_increase"": true, ""within_account_exposure"": true, ""within_expected_loss_ceiling"": true, ""meets_profitability_hurdle"": false, ""payment_history_eligible"": true, ""not_overextended"": true}",credit_age_months | credit_lines | debt_to_income | income_inr
0,1.1430067931428523,,,,,asia,taiwan_credit,436000.0,498400.0,LIQ-000781,Manual review,0.0,436000.0,0.19613037377187448,High,436000.0,436000.0,55583.34792694922,55583.34792694922,0.0,0.0,Customer-overextension safeguard | Manual review required,"{""automatic_increases_enabled"": true, ""within_maximum_increase"": true, ""within_account_exposure"": true, ""within_expected_loss_ceiling"": false, ""meets_profitability_hurdle"": false, ""payment_history_eligible"": true, ""not_overextended"": false}",credit_age_months | credit_lines | debt_to_income | income_inr
0,0.6590224326964566,,,,,asia,taiwan_credit,355000.0,234000.0,LIQ-000782,Increase 30%,0.3,461500.0,0.10689963846561308,Moderate,324750.0,404625.0,22565.177434610105,28115.273039196654,17861.947075780827,0.22362375055750644,No reported delinquency in the harmonized source fields | High utilization with low estimated risk,"{""automatic_increases_enabled"": true, ""within_maximum_increase"": true, ""within_account_exposure"": true, ""within_expected_loss_ceiling"": true, ""meets_profitability_hurdle"": true, ""payment_history_eligible"": true, ""not_overextended"": true}",credit_age_months | credit_lines | debt_to_income | income_inr
0,0.31340580755844755,,,,,asia,taiwan_credit,579000.0,181500.0,LIQ-000783,No change,0.0,579000.0,0.079475338941242,Moderate,479625.0,479625.0,24776.933635800575,24776.933635800575,0.0,0.0,No reported delinquency in the harmonized source fields | Exposure limit reached,"{""automatic_increases_enabled"": true, ""within_maximum_increase"": true, ""within_account_exposure"": true, ""within_expected_loss_ceiling"": true, ""meets_profitability_hurdle"": false, ""payment_history_eligible"": true, ""not_overextended"": true}",credit_age_months | credit_lines | debt_to_income | income_inr
1,0.9419503718485468,,,,,asia,taiwan_credit,539000.0,507700.0,LIQ-000784,Manual review,0.0,539000.0,0.3887703258643853,Very high,531175.0,531175.0,134228.30059665965,134228.30059665965,0.0,0.0,Reported delinquency | Manual review required,"{""automatic_increases_enabled"": true, ""within_maximum_increase"": true, ""within_account_exposure"": true, ""within_expected_loss_ceiling"": false, ""meets_profitability_hurdle"": false, ""payment_history_eligible"": false, ""not_overextended"": true}",credit_age_months | credit_lines | debt_to_income | income_inr
0,0.7155419049311713,,,,,asia,taiwan_credit,390000.0,279100.0,LIQ-000785,Increase 30%,0.3,507000.0,0.10836577022598959,Moderate,362275.0,450025.0,25517.836115603248,31698.74873486813,22306.699296969695,0.25420739939566606,No reported delinquency in the harmonized source fields | High utilization with low estimated risk,"{""automatic_increases_enabled"": true, ""within_maximum_increase"": true, ""within_account_exposure"": true, ""within_expected_loss_ceiling"": true, ""meets_profitability_hurdle"": true, ""payment_history_eligible"": true, ""not_overextended"": true}",credit_age_months | credit_lines | debt_to_income | income_inr
0,0.036937545144772,,,,,asia,taiwan_credit,144000.0,5300.0,LIQ-000786,No change,0.0,144000.0,0.09575236964884622,Moderate,109325.0,109325.0,6804.283077709073,6804.283077709073,0.0,0.0,No reported delinquency in the harmonized source fields | Low utilization provides no evidence of additional need | Incremental return below profitability hurdle,"{""automatic_increases_enabled"": true, ""within_maximum_increase"": true, ""within_account_exposure"": true, ""within_expected_loss_ceiling"": true, ""meets_profitability_hurdle"": false, ""payment_history_eligible"": true, ""not_overextended"": true}",credit_age_months | credit_lines | debt_to_income | income_inr
0,0.7117349920914167,,,,,asia,taiwan_credit,1121000.0,797900.0,LIQ-000787,Increase 30%,0.3,1457300.0,0.1120090883370235,Moderate,1040225.0,1292450.0,75734.52504499718,94097.9950437709,63325.203487241044,0.25106632366831616,No reported delinquency in the harmonized source fields | High utilization with low estimated risk,"{""automatic_increases_enabled"": true, ""within_maximum_increase"": true, ""within_account_exposure"": true, ""within_expected_loss_ceiling"": true, ""meets_profitability_hurdle"": true, ""payment_history_eligible"": true, ""not_overextended"": true}",credit_age_months | credit_lines | debt_to_income | income_inr
0,0.6922601407126907,,,,,asia,taiwan_credit,319000.0,220800.0,LIQ-000788,No change,0.0,319000.0,0.11258142348426615,Moderate,294450.0,294450.0,21547.24009421241,21547.24009421241,0.0,0.0,No reported delinquency in the harmonized source fields | High utilization with low estimated risk | Exposure limit reached,"{""automatic_increases_enabled"": true, ""within_maximum_increase"": true, ""within_account_exposure"": true, ""within_expected_loss_ceiling"": true, ""meets_profitability_hurdle"": false, ""payment_history_eligible"": true, ""not_overextended"": true}",credit_age_months | credit_lines | debt_to_income | income_inr
0,1.058185182928254,,,,,asia,taiwan_credit,332000.0,351300.0,LIQ-000789,No change,0.0,332000.0,0.1869573259929914,High,332000.0,332000.0,40345.39094928754,40345.39094928754,0.0,0.0,No reported delinquency in the harmonized source fields | Expected loss exceeds policy ceiling,"{""automatic_increases_enabled"": true, ""within_maximum_increase"": true, ""within_account_exposure"": true, ""within_expected_loss_ceiling"": false, ""meets_profitability_hurdle"": false, ""payment_history_eligible"": true, ""not_overextended"": true}",credit_age_months | credit_lines | debt_to_income | income_inr
0,0.2690487258012042,,,,,asia,taiwan_credit,280000.0,75300.0,LIQ-000790,No change,0.0,280000.0,0.06556805526914398,Moderate,228825.0,228825.0,9752.346660525218,9752.346660525218,0.0,0.0,No reported delinquency in the harmonized source fields | Exposure limit reached,"{""automatic_increases_enabled"": true, ""within_maximum_increase"": true, ""within_account_exposure"": true, ""within_expected_loss_ceiling"": true, ""meets_profitability_hurdle"": false, ""payment_history_eligible"": true, ""not_overextended"": true}",credit_age_months | credit_lines | debt_to_income | income_inr
0,0.5365261340944953,,,,,asia,taiwan_credit,255000.0,136800.0,LIQ-000791,No change,0.0,255000.0,0.09300480011477723,Moderate,225450.0,225450.0,13629.155920819743,13629.155920819743,0.0,0.0,No reported delinquency in the harmonized source fields | Exposure limit reached,"{""automatic_increases_enabled"": true, ""within_maximum_increase"": true, ""within_account_exposure"": true, ""within_expected_loss_ceiling"": true, ""meets_profitability_hurdle"": false, ""payment_history_eligible"": true, ""not_overextended"": true}",credit_age_months | credit_lines | debt_to_income | income_inr
1,0.4001487247779499,,,,,asia,taiwan_credit,955000.0,382100.0,LIQ-000792,Manual review,0.0,955000.0,0.32216460564488014,Very high,811775.0,811775.0,169991.3622857922,169991.3622857922,0.0,0.0,Reported delinquency | Manual review required,"{""automatic_increases_enabled"": true, ""within_maximum_increase"": true, ""within_account_exposure"": true, ""within_expected_loss_ceiling"": false, ""meets_profitability_hurdle"": false, ""payment_history_eligible"": false, ""not_overextended"": true}",credit_age_months | credit_lines | debt_to_income | income_inr
0,0.2132239666678965,,,,,asia,taiwan_credit,862000.0,183800.0,LIQ-000793,No change,0.0,862000.0,0.0709076720979037,Moderate,692450.0,692450.0,31915.011403725726,31915.011403725726,0.0,0.0,No reported delinquency in the harmonized source fields | Incremental return below profitability hurdle,"{""automatic_increases_enabled"": true, ""within_maximum_increase"": true, ""within_account_exposure"": true, ""within_expected_loss_ceiling"": true, ""meets_profitability_hurdle"": false, ""payment_history_eligible"": true, ""not_overextended"": true}",credit_age_months | credit_lines | debt_to_income | income_inr
0,0.3919713179362838,,,,,asia,taiwan_credit,467000.0,183100.0,LIQ-000794,No change,0.0,467000.0,0.0753745722583789,Moderate,396025.0,396025.0,19402.639736105928,19402.639736105928,0.0,0.0,No reported delinquency in the harmonized source fields | Exposure limit reached,"{""automatic_increases_enabled"": true, ""within_maximum_increase"": true, ""within_account_exposure"": true, ""within_expected_loss_ceiling"": true, ""meets_profitability_hurdle"": false, ""payment_history_eligible"": true, ""not_overextended"": true}",credit_age_months | credit_lines | debt_to_income | income_inr
1,0.8551789932038925,,,,,asia,taiwan_credit,326000.0,278800.0,LIQ-000795,Manual review,0.0,326000.0,0.2977839485203479,High,314200.0,314200.0,60816.41580631066,60816.41580631066,0.0,0.0,Reported delinquency | Manual review required,"{""automatic_increases_enabled"": true, ""within_maximum_increase"": true, ""within_account_exposure"": true, ""within_expected_loss_ceiling"": false, ""meets_profitability_hurdle"": false, ""payment_history_eligible"": false, ""not_overextended"": true}",credit_age_months | credit_lines | debt_to_income | income_inr
0,0.562585595875481,,,,,asia,taiwan_credit,523000.0,294200.0,LIQ-000796,Increase 30%,0.3,679900.0,0.08711596043527224,Moderate,465800.0,583475.0,26376.099340987377,33039.49025973081,21621.892022288986,0.1837424433591586,No reported delinquency in the harmonized source fields,"{""automatic_increases_enabled"": true, ""within_maximum_increase"": true, ""within_account_exposure"": true, ""within_expected_loss_ceiling"": true, ""meets_profitability_hurdle"": true, ""payment_history_eligible"": true, ""not_overextended"": true}",credit_age_months | credit_lines | debt_to_income | income_inr
0,1.0379446249696063,,,,,asia,taiwan_credit,367000.0,380900.0,LIQ-000797,No change,0.0,367000.0,0.18563980389219367,High,367000.0,367000.0,44284.375218482804,44284.375218482804,0.0,0.0,No reported delinquency in the harmonized source fields | Expected loss exceeds policy ceiling,"{""automatic_increases_enabled"": true, ""within_maximum_increase"": true, ""within_account_exposure"": true, ""within_expected_loss_ceiling"": false, ""meets_profitability_hurdle"": false, ""payment_history_eligible"": true, ""not_overextended"": true}",credit_age_months | credit_lines | debt_to_income | income_inr
0,0.19678587003988576,,,,,asia,taiwan_credit,309000.0,60800.0,LIQ-000798,No change,0.0,309000.0,0.07124174382106481,Moderate,246950.0,246950.0,11435.546613797771,11435.546613797771,0.0,0.0,No reported delinquency in the harmonized source fields | Low utilization provides no evidence of additional need | Incremental return below profitability hurdle,"{""automatic_increases_enabled"": true, ""within_maximum_increase"": true, ""within_account_exposure"": true, ""within_expected_loss_ceiling"": true, ""meets_profitability_hurdle"": false, ""payment_history_eligible"": true, ""not_overextended"": true}",credit_age_months | credit_lines | debt_to_income | income_inr
1,0.8221539189178465,,,,,asia,taiwan_credit,436000.0,358500.0,LIQ-000799,Manual review,0.0,436000.0,0.3087419324809964,Very high,416625.0,416625.0,83609.24495293184,83609.24495293184,0.0,0.0,Reported delinquency | Manual review required,"{""automatic_increases_enabled"": true, ""within_maximum_increase"": true, ""within_account_exposure"": true, ""within_expected_loss_ceiling"": false, ""meets_profitability_hurdle"": false, ""payment_history_eligible"": false, ""not_overextended"": true}",credit_age_months | credit_lines | debt_to_income | income_inr
0,1.032060713149072,,,,,asia,taiwan_credit,263000.0,271400.0,LIQ-000800,No change,0.0,263000.0,0.18563980389219367,High,263000.0,263000.0,31735.124475370507,31735.124475370507,0.0,0.0,No reported delinquency in the harmonized source fields | Expected loss exceeds policy ceiling,"{""automatic_increases_enabled"": true, ""within_maximum_increase"": true, ""within_account_exposure"": true, ""within_expected_loss_ceiling"": false, ""meets_profitability_hurdle"": false, ""payment_history_eligible"": true, ""not_overextended"": true}",credit_age_months | credit_lines | debt_to_income | income_inr
0,0.3764479919961375,,,,,asia,taiwan_credit,412000.0,155100.0,LIQ-000801,No change,0.0,412000.0,0.0774889191905499,Moderate,347775.0,347775.0,17516.66076647077,17516.66076647077,0.0,0.0,No reported delinquency in the harmonized source fields | Exposure limit reached,"{""automatic_increases_enabled"": true, ""within_maximum_increase"": true, ""within_account_exposure"": true, ""within_expected_loss_ceiling"": true, ""meets_profitability_hurdle"": false, ""payment_history_eligible"": true, ""not_overextended"": true}",credit_age_months | credit_lines | debt_to_income | income_inr
0,1.0241956252618254,,,,,asia,taiwan_credit,400000.0,409700.0,LIQ-000802,Increase 30%,0.3,520000.0,0.1607178436105998,High,400000.0,492425.0,41786.63933875595,51441.964690967245,34798.18956585275,0.3765019157787693,No reported delinquency in the harmonized source fields,"{""automatic_increases_enabled"": true, ""within_maximum_increase"": true, ""within_account_exposure"": true, ""within_expected_loss_ceiling"": true, ""meets_profitability_hurdle"": true, ""payment_history_eligible"": true, ""not_overextended"": true}",credit_age_months | credit_lines | debt_to_income | income_inr
1,0.47285999101577814,,,,,asia,taiwan_credit,518000.0,244900.0,LIQ-000803,Manual review,0.0,518000.0,0.33390648123239525,Very high,449725.0,449725.0,97607.95997695533,97607.95997695533,0.0,0.0,Reported delinquency | Manual review required,"{""automatic_increases_enabled"": true, ""within_maximum_increase"": true, ""within_account_exposure"": true, ""within_expected_loss_ceiling"": false, ""meets_profitability_hurdle"": false, ""payment_history_eligible"": false, ""not_overextended"": true}",credit_age_months | credit_lines | debt_to_income | income_inr
0,0.765844003822468,,,,,asia,taiwan_credit,234000.0,179200.0,LIQ-000804,No change,0.0,234000.0,0.11246511318108421,Moderate,220300.0,220300.0,16104.441881965355,16104.441881965355,0.0,0.0,No reported delinquency in the harmonized source fields | High utilization with low estimated risk | Exposure limit reached,"{""automatic_increases_enabled"": true, ""within_maximum_increase"": true, ""within_account_exposure"": true, ""within_expected_loss_ceiling"": true, ""meets_profitability_hurdle"": false, ""payment_history_eligible"": true, ""not_overextended"": true}",credit_age_months | credit_lines | debt_to_income | income_inr
2,0.8619179129944348,,,,,asia,taiwan_credit,555000.0,478400.0,LIQ-000805,Freeze automatic increases,0.0,555000.0,0.38991083060255544,Very high,535850.0,535850.0,135806.91707594655,135806.91707594655,0.0,0.0,Repeated delinquency,"{""automatic_increases_enabled"": true, ""within_maximum_increase"": true, ""within_account_exposure"": true, ""within_expected_loss_ceiling"": false, ""meets_profitability_hurdle"": false, ""payment_history_eligible"": false, ""not_overextended"": true}",credit_age_months | credit_lines | debt_to_income | income_inr
0,0.6802542073437944,,,,,asia,taiwan_credit,194000.0,132000.0,LIQ-000806,No change,0.0,194000.0,0.11258142348426615,Moderate,178500.0,178500.0,13062.259659761981,13062.259659761981,0.0,0.0,No reported delinquency in the harmonized source fields | High utilization with low estimated risk | Exposure limit reached,"{""automatic_increases_enabled"": true, ""within_maximum_increase"": true, ""within_account_exposure"": true, ""within_expected_loss_ceiling"": true, ""meets_profitability_hurdle"": false, ""payment_history_eligible"": true, ""not_overextended"": true}",credit_age_months | credit_lines | debt_to_income | income_inr
0,0.21055751021842883,,,,,asia,taiwan_credit,241000.0,50700.0,LIQ-000807,No change,0.0,241000.0,0.0709076720979037,Moderate,193425.0,193425.0,8914.955709099066,8914.955709099066,0.0,0.0,No reported delinquency in the harmonized source fields | Incremental return below profitability hurdle,"{""automatic_increases_enabled"": true, ""within_maximum_increase"": true, ""within_account_exposure"": true, ""within_expected_loss_ceiling"": true, ""meets_profitability_hurdle"": false, ""payment_history_eligible"": true, ""not_overextended"": true}",credit_age_months | credit_lines | debt_to_income | income_inr
0,0.427517320643771,,,,,asia,taiwan_credit,248000.0,106000.0,LIQ-000808,No change,0.0,248000.0,0.08516958900453168,Moderate,212500.0,212500.0,11764.04948125094,11764.04948125094,0.0,0.0,No reported delinquency in the harmonized source fields | Exposure limit reached,"{""automatic_increases_enabled"": true, ""within_maximum_increase"": true, ""within_account_exposure"": true, ""within_expected_loss_ceiling"": true, ""meets_profitability_hurdle"": false, ""payment_history_eligible"": true, ""not_overextended"": true}",credit_age_months | credit_lines | debt_to_income | income_inr
0,0.5415136109056332,,,,,asia,taiwan_credit,174000.0,94200.0,LIQ-000809,No change,0.0,174000.0,0.09412664759454485,Moderate,154050.0,154050.0,9425.136540260763,9425.136540260763,0.0,0.0,No reported delinquency in the harmonized source fields | Exposure limit reached,"{""automatic_increases_enabled"": true, ""within_maximum_increase"": true, ""within_account_exposure"": true, ""within_expected_loss_ceiling"": true, ""meets_profitability_hurdle"": false, ""payment_history_eligible"": true, ""not_overextended"": true}",credit_age_months | credit_lines | debt_to_income | income_inr
0,0.8421213361160601,,,,,asia,taiwan_credit,677000.0,570100.0,LIQ-000810,Increase 30%,0.3,880100.0,0.12153563721790035,Moderate,650275.0,802600.0,51370.5312197156,63403.92658020644,48240.14251074759,0.31669222065155156,No reported delinquency in the harmonized source fields | High utilization with low estimated risk,"{""automatic_increases_enabled"": true, ""within_maximum_increase"": true, ""within_account_exposure"": true, ""within_expected_loss_ceiling"": true, ""meets_profitability_hurdle"": true, ""payment_history_eligible"": true, ""not_overextended"": true}",credit_age_months | credit_lines | debt_to_income | income_inr
3,0.2545505753017742,,,,,asia,taiwan_credit,186000.0,47300.0,LIQ-000811,Freeze automatic increases,0.0,186000.0,0.5151856642600753,Very high,151325.0,151325.0,50674.30591870133,50674.30591870133,0.0,0.0,Repeated delinquency,"{""automatic_increases_enabled"": true, ""within_maximum_increase"": true, ""within_account_exposure"": true, ""within_expected_loss_ceiling"": false, ""meets_profitability_hurdle"": false, ""payment_history_eligible"": false, ""not_overextended"": true}",credit_age_months | credit_lines | debt_to_income | income_inr
1,0.8508665371260337,,,,,asia,taiwan_credit,222000.0,188900.0,LIQ-000812,Manual review,0.0,222000.0,0.2977839485203479,High,213725.0,213725.0,41368.51835838238,41368.51835838238,0.0,0.0,Reported delinquency | Manual review required,"{""automatic_increases_enabled"": true, ""within_maximum_increase"": true, ""within_account_exposure"": true, ""within_expected_loss_ceiling"": false, ""meets_profitability_hurdle"": false, ""payment_history_eligible"": false, ""not_overextended"": true}",credit_age_months | credit_lines | debt_to_income | income_inr
1,1.1079394706800714,,,,,asia,taiwan_credit,792000.0,877500.0,LIQ-000813,Manual review,0.0,792000.0,0.4105526974514963,Very high,792000.0,792000.0,211352.5286480303,211352.5286480303,0.0,0.0,Reported delinquency | Manual review required,"{""automatic_increases_enabled"": true, ""within_maximum_increase"": true, ""within_account_exposure"": true, ""within_expected_loss_ceiling"": false, ""meets_profitability_hurdle"": false, ""payment_history_eligible"": false, ""not_overextended"": false}",credit_age_months | credit_lines | debt_to_income | income_inr
0,0.6935406334193341,,,,,asia,taiwan_credit,242000.0,167800.0,LIQ-000814,No change,0.0,242000.0,0.11258142348426615,Moderate,223450.0,223450.0,16351.607400413526,16351.607400413526,0.0,0.0,No reported delinquency in the harmonized source fields | High utilization with low estimated risk | Exposure limit reached,"{""automatic_increases_enabled"": true, ""within_maximum_increase"": true, ""within_account_exposure"": true, ""within_expected_loss_ceiling"": true, ""meets_profitability_hurdle"": false, ""payment_history_eligible"": true, ""not_overextended"": true}",credit_age_months | credit_lines | debt_to_income | income_inr
0,0.064718341122055,,,,,asia,taiwan_credit,310000.0,20100.0,LIQ-000815,No change,0.0,310000.0,0.083621872628165,Moderate,237525.0,237525.0,12910.485442403182,12910.485442403182,0.0,0.0,No reported delinquency in the harmonized source fields | Low utilization provides no evidence of additional need | Incremental return below profitability hurdle,"{""automatic_increases_enabled"": true, ""within_maximum_increase"": true, ""within_account_exposure"": true, ""within_expected_loss_ceiling"": true, ""meets_profitability_hurdle"": false, ""payment_history_eligible"": true, ""not_overextended"": true}",credit_age_months | credit_lines | debt_to_income | income_inr
0,0.9972129438637506,,,,,asia,taiwan_credit,181000.0,180500.0,LIQ-000816,No change,0.0,181000.0,0.15537088671332813,High,180875.0,180875.0,18266.7609372776,18266.7609372776,0.0,0.0,No reported delinquency in the harmonized source fields | Exposure limit reached,"{""automatic_increases_enabled"": true, ""within_maximum_increase"": true, ""within_account_exposure"": true, ""within_expected_loss_ceiling"": true, ""meets_profitability_hurdle"": false, ""payment_history_eligible"": true, ""not_overextended"": true}",credit_age_months | credit_lines | debt_to_income | income_inr
0,0.40815633052069594,,,,,asia,taiwan_credit,601000.0,245300.0,LIQ-000817,No change,0.0,601000.0,0.08516958900453168,Moderate,512075.0,512075.0,28348.591238172117,28348.591238172117,0.0,0.0,No reported delinquency in the harmonized source fields | Exposure limit reached,"{""automatic_increases_enabled"": true, ""within_maximum_increase"": true, ""within_account_exposure"": true, ""within_expected_loss_ceiling"": true, ""meets_profitability_hurdle"": false, ""payment_history_eligible"": true, ""not_overextended"": true}",credit_age_months | credit_lines | debt_to_income | income_inr
0,0.45940679061605066,,,,,asia,taiwan_credit,607000.0,278900.0,LIQ-000818,Increase 30%,0.3,789100.0,0.08451901176507008,Moderate,524975.0,661550.0,28840.739330888984,36343.808951568375,17541.667037618423,0.1284398099038508,No reported delinquency in the harmonized source fields,"{""automatic_increases_enabled"": true, ""within_maximum_increase"": true, ""within_account_exposure"": true, ""within_expected_loss_ceiling"": true, ""meets_profitability_hurdle"": true, ""payment_history_eligible"": true, ""not_overextended"": true}",credit_age_months | credit_lines | debt_to_income | income_inr
0,1.0090335667251153,,,,,asia,taiwan_credit,566000.0,571100.0,LIQ-000819,Increase 30%,0.3,735800.0,0.16631796376207353,High,566000.0,694625.0,61188.37886806685,75093.60012584971,48151.66420833976,0.37435696177523625,No reported delinquency in the harmonized source fields,"{""automatic_increases_enabled"": true, ""within_maximum_increase"": true, ""within_account_exposure"": true, ""within_expected_loss_ceiling"": true, ""meets_profitability_hurdle"": true, ""payment_history_eligible"": true, ""not_overextended"": true}",credit_age_months | credit_lines | debt_to_income | income_inr
0,0.3008245251986995,,,,,asia,taiwan_credit,496000.0,149200.0,LIQ-000820,No change,0.0,496000.0,0.07302105127930013,Moderate,409300.0,409300.0,19426.885587601402,19426.885587601402,0.0,0.0,No reported delinquency in the harmonized source fields | Exposure limit reached,"{""automatic_increases_enabled"": true, ""within_maximum_increase"": true, ""within_account_exposure"": true, ""within_expected_loss_ceiling"": true, ""meets_profitability_hurdle"": false, ""payment_history_eligible"": true, ""not_overextended"": true}",credit_age_months | credit_lines | debt_to_income | income_inr
0,0.14017731892944796,,,,,asia,taiwan_credit,367000.0,51400.0,LIQ-000821,No change,0.0,367000.0,0.06569109633042208,Moderate,288100.0,288100.0,12301.643154316493,12301.643154316493,0.0,0.0,No reported delinquency in the harmonized source fields | Low utilization provides no evidence of additional need | Incremental return below profitability hurdle,"{""automatic_increases_enabled"": true, ""within_maximum_increase"": true, ""within_account_exposure"": true, ""within_expected_loss_ceiling"": true, ""meets_profitability_hurdle"": false, ""payment_history_eligible"": true, ""not_overextended"": true}",credit_age_months | credit_lines | debt_to_income | income_inr
1,0.5550131462339044,,,,,asia,taiwan_credit,249000.0,138200.0,LIQ-000822,Manual review,0.0,249000.0,0.325748538169878,Very high,221300.0,221300.0,46857.2984730461,46857.2984730461,0.0,0.0,Reported delinquency | Manual review required,"{""automatic_increases_enabled"": true, ""within_maximum_increase"": true, ""within_account_exposure"": true, ""within_expected_loss_ceiling"": false, ""meets_profitability_hurdle"": false, ""payment_history_eligible"": false, ""not_overextended"": true}",credit_age_months | credit_lines | debt_to_income | income_inr
0,1.1680332815019112,,,,,asia,taiwan_credit,206000.0,240600.0,LIQ-000823,Manual review,0.0,206000.0,0.19613037377187448,High,206000.0,206000.0,26261.857048053993,26261.857048053993,0.0,0.0,Customer-overextension safeguard | Manual review required,"{""automatic_increases_enabled"": true, ""within_maximum_increase"": true, ""within_account_exposure"": true, ""within_expected_loss_ceiling"": false, ""meets_profitability_hurdle"": false, ""payment_history_eligible"": true, ""not_overextended"": false}",credit_age_months | credit_lines | debt_to_income | income_inr
0,0.4389629663307628,,,,,asia,taiwan_credit,809000.0,355100.0,LIQ-000824,Increase 30%,0.3,1051700.0,0.08516958900453168,Moderate,695525.0,877550.0,38504.425955044986,48581.37234010241,21299.10211480296,0.1170119605263176,No reported delinquency in the harmonized source fields,"{""automatic_increases_enabled"": true, ""within_maximum_increase"": true, ""within_account_exposure"": true, ""within_expected_loss_ceiling"": true, ""meets_profitability_hurdle"": true, ""payment_history_eligible"": true, ""not_overextended"": true}",credit_age_months | credit_lines | debt_to_income | income_inr
0,0.6828042993857123,,,,,asia,taiwan_credit,575000.0,392600.0,LIQ-000825,Increase 30%,0.3,747500.0,0.11258142348426615,Moderate,529400.0,658775.0,38740.393635170825,48207.78771630083,30270.835694459893,0.23397747396683974,No reported delinquency in the harmonized source fields | High utilization with low estimated risk,"{""automatic_increases_enabled"": true, ""within_maximum_increase"": true, ""within_account_exposure"": true, ""within_expected_loss_ceiling"": true, ""meets_profitability_hurdle"": true, ""payment_history_eligible"": true, ""not_overextended"": true}",credit_age_months | credit_lines | debt_to_income | income_inr
1,0.5830118010662693,,,,,asia,taiwan_credit,223000.0,130000.0,LIQ-000826,Manual review,0.0,223000.0,0.3174929711305808,Very high,199750.0,199750.0,41222.49363916679,41222.49363916679,0.0,0.0,Reported delinquency | Manual review required,"{""automatic_increases_enabled"": true, ""within_maximum_increase"": true, ""within_account_exposure"": true, ""within_expected_loss_ceiling"": false, ""meets_profitability_hurdle"": false, ""payment_history_eligible"": false, ""not_overextended"": true}",credit_age_months | credit_lines | debt_to_income | income_inr
0,0.6370719208828203,,,,,asia,taiwan_credit,359000.0,228700.0,LIQ-000827,No change,0.0,359000.0,0.10158334797157326,Moderate,326425.0,326425.0,21553.57383505352,21553.57383505352,0.0,0.0,No reported delinquency in the harmonized source fields | Exposure limit reached,"{""automatic_increases_enabled"": true, ""within_maximum_increase"": true, ""within_account_exposure"": true, ""within_expected_loss_ceiling"": true, ""meets_profitability_hurdle"": false, ""payment_history_eligible"": true, ""not_overextended"": true}",credit_age_months | credit_lines | debt_to_income | income_inr
1,0.4349436844214817,,,,,asia,taiwan_credit,288000.0,125300.0,LIQ-000828,Manual review,0.0,288000.0,0.32216460564488014,Very high,247325.0,247325.0,51791.58470922799,51791.58470922799,0.0,0.0,Reported delinquency | Manual review required,"{""automatic_increases_enabled"": true, ""within_maximum_increase"": true, ""within_account_exposure"": true, ""within_expected_loss_ceiling"": false, ""meets_profitability_hurdle"": false, ""payment_history_eligible"": false, ""not_overextended"": true}",credit_age_months | credit_lines | debt_to_income | income_inr
0,0.47290540083385785,,,,,asia,taiwan_credit,168000.0,79400.0,LIQ-000829,No change,0.0,168000.0,0.08843012259683386,Moderate,145850.0,145850.0,8383.396697486342,8383.396697486342,0.0,0.0,No reported delinquency in the harmonized source fields | Exposure limit reached,"{""automatic_increases_enabled"": true, ""within_maximum_increase"": true, ""within_account_exposure"": true, ""within_expected_loss_ceiling"": true, ""meets_profitability_hurdle"": false, ""payment_history_eligible"": true, ""not_overextended"": true}",credit_age_months | credit_lines | debt_to_income | income_inr
1,0.6582610738759669,,,,,asia,taiwan_credit,393000.0,258700.0,LIQ-000830,Manual review,0.0,393000.0,0.3587003580810879,Very high,359425.0,359425.0,83801.81953214176,83801.81953214176,0.0,0.0,Reported delinquency | Manual review required,"{""automatic_increases_enabled"": true, ""within_maximum_increase"": true, ""within_account_exposure"": true, ""within_expected_loss_ceiling"": false, ""meets_profitability_hurdle"": false, ""payment_history_eligible"": false, ""not_overextended"": true}",credit_age_months | credit_lines | debt_to_income | income_inr
0,0.2738774336740433,,,,,asia,taiwan_credit,267000.0,73100.0,LIQ-000831,No change,0.0,267000.0,0.06556805526914398,Moderate,218525.0,218525.0,9313.3685304983,9313.3685304983,0.0,0.0,No reported delinquency in the harmonized source fields | Exposure limit reached,"{""automatic_increases_enabled"": true, ""within_maximum_increase"": true, ""within_account_exposure"": true, ""within_expected_loss_ceiling"": true, ""meets_profitability_hurdle"": false, ""payment_history_eligible"": true, ""not_overextended"": true}",credit_age_months | credit_lines | debt_to_income | income_inr
0,0.8694201473657112,,,,,asia,taiwan_credit,188000.0,163500.0,LIQ-000832,No change,0.0,188000.0,0.13861883877649436,Moderate,181875.0,181875.0,16387.345846608692,16387.345846608692,0.0,0.0,No reported delinquency in the harmonized source fields | High utilization with low estimated risk | Exposure limit reached,"{""automatic_increases_enabled"": true, ""within_maximum_increase"": true, ""within_account_exposure"": true, ""within_expected_loss_ceiling"": true, ""meets_profitability_hurdle"": false, ""payment_history_eligible"": true, ""not_overextended"": true}",credit_age_months | credit_lines | debt_to_income | income_inr
0,0.3303918546460665,,,,,asia,taiwan_credit,134000.0,44300.0,LIQ-000833,No change,0.0,134000.0,0.06934387152945824,Moderate,111575.0,111575.0,5029.077602834548,5029.077602834548,0.0,0.0,No reported delinquency in the harmonized source fields | Exposure limit reached,"{""automatic_increases_enabled"": true, ""within_maximum_increase"": true, ""within_account_exposure"": true, ""within_expected_loss_ceiling"": true, ""meets_profitability_hurdle"": false, ""payment_history_eligible"": true, ""not_overextended"": true}",credit_age_months | credit_lines | debt_to_income | income_inr
2,1.168399530435456,,,,,asia,taiwan_credit,127000.0,148400.0,LIQ-000834,Freeze automatic increases,0.0,127000.0,0.461048523800418,Very high,127000.0,127000.0,38059.55563972451,38059.55563972451,0.0,0.0,Repeated delinquency,"{""automatic_increases_enabled"": true, ""within_maximum_increase"": true, ""within_account_exposure"": true, ""within_expected_loss_ceiling"": false, ""meets_profitability_hurdle"": false, ""payment_history_eligible"": false, ""not_overextended"": false}",credit_age_months | credit_lines | debt_to_income | income_inr
0,0.7232862590740781,,,,,asia,taiwan_credit,275000.0,198900.0,LIQ-000835,No change,0.0,275000.0,0.10803036497610345,Moderate,255975.0,255975.0,17974.49723859275,17974.49723859275,0.0,0.0,No reported delinquency in the harmonized source fields | High utilization with low estimated risk | Exposure limit reached,"{""automatic_increases_enabled"": true, ""within_maximum_increase"": true, ""within_account_exposure"": true, ""within_expected_loss_ceiling"": true, ""meets_profitability_hurdle"": false, ""payment_history_eligible"": true, ""not_overextended"": true}",credit_age_months | credit_lines | debt_to_income | income_inr
1,0.9671639379924457,,,,,asia,taiwan_credit,331000.0,320100.0,LIQ-000836,Manual review,0.0,331000.0,0.4563200903103681,Very high,328275.0,328275.0,97369.01047031347,97369.01047031347,0.0,0.0,Reported delinquency | Manual review required,"{""automatic_increases_enabled"": true, ""within_maximum_increase"": true, ""within_account_exposure"": true, ""within_expected_loss_ceiling"": false, ""meets_profitability_hurdle"": false, ""payment_history_eligible"": false, ""not_overextended"": true}",credit_age_months | credit_lines | debt_to_income | income_inr
1,0.5620934282482678,,,,,asia,taiwan_credit,198000.0,111300.0,LIQ-000837,Manual review,0.0,198000.0,0.325748538169878,Very high,176325.0,176325.0,37334.44714532243,37334.44714532243,0.0,0.0,Reported delinquency | Manual review required,"{""automatic_increases_enabled"": true, ""within_maximum_increase"": true, ""within_account_exposure"": true, ""within_expected_loss_ceiling"": false, ""meets_profitability_hurdle"": false, ""payment_history_eligible"": false, ""not_overextended"": true}",credit_age_months | credit_lines | debt_to_income | income_inr
0,0.43168418863225533,,,,,asia,taiwan_credit,534000.0,230500.0,LIQ-000838,No change,0.0,534000.0,0.08516958900453168,Moderate,458125.0,458125.0,25361.9066757557,25361.9066757557,0.0,0.0,No reported delinquency in the harmonized source fields | Exposure limit reached,"{""automatic_increases_enabled"": true, ""within_maximum_increase"": true, ""within_account_exposure"": true, ""within_expected_loss_ceiling"": true, ""meets_profitability_hurdle"": false, ""payment_history_eligible"": true, ""not_overextended"": true}",credit_age_months | credit_lines | debt_to_income | income_inr
1,0.4376788385359585,,,,,asia,taiwan_credit,335000.0,146600.0,LIQ-000839,Manual review,0.0,335000.0,0.32216460564488014,Very high,287900.0,287900.0,60288.27347735465,60288.27347735465,0.0,0.0,Reported delinquency | Manual review required,"{""automatic_increases_enabled"": true, ""within_maximum_increase"": true, ""within_account_exposure"": true, ""within_expected_loss_ceiling"": false, ""meets_profitability_hurdle"": false, ""payment_history_eligible"": false, ""not_overextended"": true}",credit_age_months | credit_lines | debt_to_income | income_inr
0,0.6638461605111821,,,,,asia,taiwan_credit,509000.0,337900.0,LIQ-000840,Increase 30%,0.3,661700.0,0.11251901624577622,Moderate,466225.0,580750.0,34098.46592697156,42474.522145077455,25576.55234353601,0.22332724159385295,No reported delinquency in the harmonized source fields | High utilization with low estimated risk,"{""automatic_increases_enabled"": true, ""within_maximum_increase"": true, ""within_account_exposure"": true, ""within_expected_loss_ceiling"": true, ""meets_profitability_hurdle"": true, ""payment_history_eligible"": true, ""not_overextended"": true}",credit_age_months | credit_lines | debt_to_income | income_inr
0,0.5501223040819506,,,,,asia,taiwan_credit,311000.0,171100.0,LIQ-000841,No change,0.0,311000.0,0.08480671158901683,Moderate,276025.0,276025.0,15215.70216813294,15215.70216813294,0.0,0.0,No reported delinquency in the harmonized source fields | Exposure limit reached,"{""automatic_increases_enabled"": true, ""within_maximum_increase"": true, ""within_account_exposure"": true, ""within_expected_loss_ceiling"": true, ""meets_profitability_hurdle"": false, ""payment_history_eligible"": true, ""not_overextended"": true}",credit_age_months | credit_lines | debt_to_income | income_inr
0,0.8749613668995692,,,,,asia,taiwan_credit,210000.0,183700.0,LIQ-000842,No change,0.0,210000.0,0.1454557411793345,Moderate,203425.0,203425.0,19233.06719711398,19233.06719711398,0.0,0.0,No reported delinquency in the harmonized source fields | High utilization with low estimated risk | Exposure limit reached,"{""automatic_increases_enabled"": true, ""within_maximum_increase"": true, ""within_account_exposure"": true, ""within_expected_loss_ceiling"": true, ""meets_profitability_hurdle"": false, ""payment_history_eligible"": true, ""not_overextended"": true}",credit_age_months | credit_lines | debt_to_income | income_inr
0,0.8407805225669808,,,,,asia,taiwan_credit,377000.0,317000.0,LIQ-000843,Increase 30%,0.3,490100.0,0.1270419994521549,Moderate,362000.0,446825.0,29892.982471092055,36897.60191338593,26416.999376853073,0.311429406152114,No reported delinquency in the harmonized source fields | High utilization with low estimated risk,"{""automatic_increases_enabled"": true, ""within_maximum_increase"": true, ""within_account_exposure"": true, ""within_expected_loss_ceiling"": true, ""meets_profitability_hurdle"": true, ""payment_history_eligible"": true, ""not_overextended"": true}",credit_age_months | credit_lines | debt_to_income | income_inr
0,0.807329911512641,,,,,asia,taiwan_credit,154000.0,124300.0,LIQ-000844,No change,0.0,154000.0,0.13399787456498716,Moderate,146575.0,146575.0,12766.480001835946,12766.480001835946,0.0,0.0,No reported delinquency in the harmonized source fields | High utilization with low estimated risk | Exposure limit reached,"{""automatic_increases_enabled"": true, ""within_maximum_increase"": true, ""within_account_exposure"": true, ""within_expected_loss_ceiling"": true, ""meets_profitability_hurdle"": false, ""payment_history_eligible"": true, ""not_overextended"": true}",credit_age_months | credit_lines | debt_to_income | income_inr
2,0.8691675718198716,,,,,asia,taiwan_credit,497000.0,432000.0,LIQ-000845,Freeze automatic increases,0.0,497000.0,0.38991083060255544,Very high,480750.0,480750.0,121842.26067791604,121842.26067791604,0.0,0.0,Repeated delinquency,"{""automatic_increases_enabled"": true, ""within_maximum_increase"": true, ""within_account_exposure"": true, ""within_expected_loss_ceiling"": false, ""meets_profitability_hurdle"": false, ""payment_history_eligible"": false, ""not_overextended"": true}",credit_age_months | credit_lines | debt_to_income | income_inr
0,0.7909828196134128,,,,,asia,taiwan_credit,190000.0,150300.0,LIQ-000846,No change,0.0,190000.0,0.13173933514049221,Moderate,180075.0,180075.0,15419.92450402569,15419.92450402569,0.0,0.0,No reported delinquency in the harmonized source fields | High utilization with low estimated risk | Exposure limit reached,"{""automatic_increases_enabled"": true, ""within_maximum_increase"": true, ""within_account_exposure"": true, ""within_expected_loss_ceiling"": true, ""meets_profitability_hurdle"": false, ""payment_history_eligible"": true, ""not_overextended"": true}",credit_age_months | credit_lines | debt_to_income | income_inr
2,0.5499432785452375,,,,,asia,taiwan_credit,636000.0,349800.0,LIQ-000847,Freeze automatic increases,0.0,636000.0,0.4093839665287453,Very high,564450.0,564450.0,150199.90693964768,150199.90693964768,0.0,0.0,Repeated delinquency,"{""automatic_increases_enabled"": true, ""within_maximum_increase"": true, ""within_account_exposure"": true, ""within_expected_loss_ceiling"": false, ""meets_profitability_hurdle"": false, ""payment_history_eligible"": false, ""not_overextended"": true}",credit_age_months | credit_lines | debt_to_income | income_inr
0,0.3674283871377667,,,,,asia,taiwan_credit,281000.0,103200.0,LIQ-000848,No change,0.0,281000.0,0.0774889191905499,Moderate,236550.0,236550.0,11914.502492440977,11914.502492440977,0.0,0.0,No reported delinquency in the harmonized source fields | Exposure limit reached,"{""automatic_increases_enabled"": true, ""within_maximum_increase"": true, ""within_account_exposure"": true, ""within_expected_loss_ceiling"": true, ""meets_profitability_hurdle"": false, ""payment_history_eligible"": true, ""not_overextended"": true}",credit_age_months | credit_lines | debt_to_income | income_inr
0,0.4427209851433394,,,,,asia,taiwan_credit,698000.0,309000.0,LIQ-000849,Increase 30%,0.3,907400.0,0.08516958900453168,Moderate,600750.0,757800.0,33257.65988640707,41951.98445596218,18679.23637981744,0.11893814950536416,No reported delinquency in the harmonized source fields,"{""automatic_increases_enabled"": true, ""within_maximum_increase"": true, ""within_account_exposure"": true, ""within_expected_loss_ceiling"": true, ""meets_profitability_hurdle"": true, ""payment_history_eligible"": true, ""not_overextended"": true}",credit_age_months | credit_lines | debt_to_income | income_inr
0,0.7080125432607208,,,,,asia,taiwan_credit,169000.0,119700.0,LIQ-000850,No change,0.0,169000.0,0.1120090883370235,Moderate,156675.0,156675.0,11406.865544882052,11406.865544882052,0.0,0.0,No reported delinquency in the harmonized source fields | High utilization with low estimated risk | Exposure limit reached,"{""automatic_increases_enabled"": true, ""within_maximum_increase"": true, ""within_account_exposure"": true, ""within_expected_loss_ceiling"": true, ""meets_profitability_hurdle"": false, ""payment_history_eligible"": true, ""not_overextended"": true}",credit_age_months | credit_lines | debt_to_income | income_inr
0,0.41643816234575953,,,,,asia,taiwan_credit,225000.0,93700.0,LIQ-000851,No change,0.0,225000.0,0.08516958900453168,Moderate,192175.0,192175.0,10638.85274851482,10638.85274851482,0.0,0.0,No reported delinquency in the harmonized source fields | Exposure limit reached,"{""automatic_increases_enabled"": true, ""within_maximum_increase"": true, ""within_account_exposure"": true, ""within_expected_loss_ceiling"": true, ""meets_profitability_hurdle"": false, ""payment_history_eligible"": true, ""not_overextended"": true}",credit_age_months | credit_lines | debt_to_income | income_inr
0,0.7842653604191285,,,,,asia,taiwan_credit,448000.0,351400.0,LIQ-000852,Increase 30%,0.3,582400.0,0.13173933514049221,Moderate,423850.0,524650.0,36294.51617954346,44926.07741794851,27959.947715884526,0.27738043368933063,No reported delinquency in the harmonized source fields | High utilization with low estimated risk,"{""automatic_increases_enabled"": true, ""within_maximum_increase"": true, ""within_account_exposure"": true, ""within_expected_loss_ceiling"": true, ""meets_profitability_hurdle"": true, ""payment_history_eligible"": true, ""not_overextended"": true}",credit_age_months | credit_lines | debt_to_income | income_inr
1,0.28152424486167416,,,,,asia,taiwan_credit,749000.0,210900.0,LIQ-000853,Manual review,0.0,749000.0,0.2912321358270735,High,614475.0,614475.0,116320.66333052167,116320.66333052167,0.0,0.0,Reported delinquency | Manual review required,"{""automatic_increases_enabled"": true, ""within_maximum_increase"": true, ""within_account_exposure"": true, ""within_expected_loss_ceiling"": false, ""meets_profitability_hurdle"": false, ""payment_history_eligible"": false, ""not_overextended"": true}",credit_age_months | credit_lines | debt_to_income | income_inr
1,0.7578324694681107,,,,,asia,taiwan_credit,1034000.0,783600.0,LIQ-000854,Manual review,0.0,1034000.0,0.3046278166337148,Very high,971400.0,971400.0,192345.04970069387,192345.04970069387,0.0,0.0,Reported delinquency | Manual review required,"{""automatic_increases_enabled"": true, ""within_maximum_increase"": true, ""within_account_exposure"": true, ""within_expected_loss_ceiling"": false, ""meets_profitability_hurdle"": false, ""payment_history_eligible"": false, ""not_overextended"": true}",credit_age_months | credit_lines | debt_to_income | income_inr
0,0.6501654058347944,,,,,asia,taiwan_credit,360000.0,234100.0,LIQ-000855,Increase 30%,0.3,468000.0,0.10742653511030126,Moderate,328525.0,409525.0,22939.996590622617,28596.003664179978,17690.58070702225,0.21840223095089198,No reported delinquency in the harmonized source fields | High utilization with low estimated risk,"{""automatic_increases_enabled"": true, ""within_maximum_increase"": true, ""within_account_exposure"": true, ""within_expected_loss_ceiling"": true, ""meets_profitability_hurdle"": true, ""payment_history_eligible"": true, ""not_overextended"": true}",credit_age_months | credit_lines | debt_to_income | income_inr
1,0.36749743688136915,,,,,asia,taiwan_credit,1156000.0,424800.0,LIQ-000856,Manual review,0.0,1156000.0,0.31368931960687124,Very high,973200.0,973200.0,198433.58979691463,198433.58979691463,0.0,0.0,Reported delinquency | Manual review required,"{""automatic_increases_enabled"": true, ""within_maximum_increase"": true, ""within_account_exposure"": true, ""within_expected_loss_ceiling"": false, ""meets_profitability_hurdle"": false, ""payment_history_eligible"": false, ""not_overextended"": true}",credit_age_months | credit_lines | debt_to_income | income_inr
0,0.2992679122960786,,,,,asia,taiwan_credit,290000.0,86800.0,LIQ-000857,No change,0.0,290000.0,0.0704930385460487,Moderate,239200.0,239200.0,10960.257633139652,10960.257633139652,0.0,0.0,No reported delinquency in the harmonized source fields | Exposure limit reached,"{""automatic_increases_enabled"": true, ""within_maximum_increase"": true, ""within_account_exposure"": true, ""within_expected_loss_ceiling"": true, ""meets_profitability_hurdle"": false, ""payment_history_eligible"": true, ""not_overextended"": true}",credit_age_months | credit_lines | debt_to_income | income_inr
1,1.0637547443476998,,,,,asia,taiwan_credit,715000.0,760600.0,LIQ-000858,Manual review,0.0,715000.0,0.4115404589262243,Very high,715000.0,715000.0,191263.42828596276,191263.42828596276,0.0,0.0,Reported delinquency | Manual review required,"{""automatic_increases_enabled"": true, ""within_maximum_increase"": true, ""within_account_exposure"": true, ""within_expected_loss_ceiling"": false, ""meets_profitability_hurdle"": false, ""payment_history_eligible"": false, ""not_overextended"": true}",credit_age_months | credit_lines | debt_to_income | income_inr
1,0.6751332059556909,,,,,asia,taiwan_credit,190000.0,128300.0,LIQ-000859,Manual review,0.0,190000.0,0.3547047913014613,Very high,174575.0,174575.0,40249.6828119442,40249.6828119442,0.0,0.0,Reported delinquency | Manual review required,"{""automatic_increases_enabled"": true, ""within_maximum_increase"": true, ""within_account_exposure"": true, ""within_expected_loss_ceiling"": false, ""meets_profitability_hurdle"": false, ""payment_history_eligible"": false, ""not_overextended"": true}",credit_age_months | credit_lines | debt_to_income | income_inr
0,0.314115983130247,,,,,asia,taiwan_credit,460000.0,144500.0,LIQ-000860,No change,0.0,460000.0,0.079475338941242,Moderate,381125.0,381125.0,19688.52506008756,19688.52506008756,0.0,0.0,No reported delinquency in the harmonized source fields | Exposure limit reached,"{""automatic_increases_enabled"": true, ""within_maximum_increase"": true, ""within_account_exposure"": true, ""within_expected_loss_ceiling"": true, ""meets_profitability_hurdle"": false, ""payment_history_eligible"": true, ""not_overextended"": true}",credit_age_months | credit_lines | debt_to_income | income_inr
0,1.033087138516354,,,,,asia,taiwan_credit,76000.0,78500.0,LIQ-000861,No change,0.0,76000.0,0.18563980389219367,High,76000.0,76000.0,9170.606312274367,9170.606312274367,0.0,0.0,No reported delinquency in the harmonized source fields | Expected loss exceeds policy ceiling,"{""automatic_increases_enabled"": true, ""within_maximum_increase"": true, ""within_account_exposure"": true, ""within_expected_loss_ceiling"": false, ""meets_profitability_hurdle"": false, ""payment_history_eligible"": true, ""not_overextended"": true}",credit_age_months | credit_lines | debt_to_income | income_inr
0,1.0199641107290605,,,,,asia,taiwan_credit,169000.0,172400.0,LIQ-000862,No change,0.0,169000.0,0.1595370465655266,High,169000.0,169000.0,17525.1445652231,17525.1445652231,0.0,0.0,No reported delinquency in the harmonized source fields | Exposure limit reached,"{""automatic_increases_enabled"": true, ""within_maximum_increase"": true, ""within_account_exposure"": true, ""within_expected_loss_ceiling"": true, ""meets_profitability_hurdle"": false, ""payment_history_eligible"": true, ""not_overextended"": true}",credit_age_months | credit_lines | debt_to_income | income_inr
0,0.7763299540854531,,,,,asia,taiwan_credit,474000.0,368000.0,LIQ-000863,Increase 30%,0.3,616200.0,0.12273752595832339,Moderate,447500.0,554150.0,35701.27786312732,44209.75000637319,29747.90273277573,0.2789301709589848,No reported delinquency in the harmonized source fields | High utilization with low estimated risk,"{""automatic_increases_enabled"": true, ""within_maximum_increase"": true, ""within_account_exposure"": true, ""within_expected_loss_ceiling"": true, ""meets_profitability_hurdle"": true, ""payment_history_eligible"": true, ""not_overextended"": true}",credit_age_months | credit_lines | debt_to_income | income_inr
0,0.34314208631806764,,,,,asia,taiwan_credit,149000.0,51100.0,LIQ-000864,No change,0.0,149000.0,0.06934387152945824,Moderate,124525.0,124525.0,5612.779641433763,5612.779641433763,0.0,0.0,No reported delinquency in the harmonized source fields | Exposure limit reached,"{""automatic_increases_enabled"": true, ""within_maximum_increase"": true, ""within_account_exposure"": true, ""within_expected_loss_ceiling"": true, ""meets_profitability_hurdle"": false, ""payment_history_eligible"": true, ""not_overextended"": true}",credit_age_months | credit_lines | debt_to_income | income_inr
0,0.45894155722549057,,,,,asia,taiwan_credit,462000.0,212000.0,LIQ-000865,No change,0.0,462000.0,0.08451901176507008,Moderate,399500.0,399500.0,21947.474380094576,21947.474380094576,0.0,0.0,No reported delinquency in the harmonized source fields | Exposure limit reached,"{""automatic_increases_enabled"": true, ""within_maximum_increase"": true, ""within_account_exposure"": true, ""within_expected_loss_ceiling"": true, ""meets_profitability_hurdle"": false, ""payment_history_eligible"": true, ""not_overextended"": true}",credit_age_months | credit_lines | debt_to_income | income_inr
1,0.07802468970672521,,,,,asia,taiwan_credit,631000.0,49200.0,LIQ-000866,Manual review,0.0,631000.0,0.2598032911947571,High,485550.0,485550.0,81995.8672257493,81995.8672257493,0.0,0.0,Reported delinquency | Manual review required,"{""automatic_increases_enabled"": true, ""within_maximum_increase"": true, ""within_account_exposure"": true, ""within_expected_loss_ceiling"": false, ""meets_profitability_hurdle"": false, ""payment_history_eligible"": false, ""not_overextended"": true}",credit_age_months | credit_lines | debt_to_income | income_inr
0,0.3308931808743724,,,,,asia,taiwan_credit,253000.0,83700.0,LIQ-000867,No change,0.0,253000.0,0.06934387152945824,Moderate,210675.0,210675.0,9495.863087404601,9495.863087404601,0.0,0.0,No reported delinquency in the harmonized source fields | Exposure limit reached,"{""automatic_increases_enabled"": true, ""within_maximum_increase"": true, ""within_account_exposure"": true, ""within_expected_loss_ceiling"": true, ""meets_profitability_hurdle"": false, ""payment_history_eligible"": true, ""not_overextended"": true}",credit_age_months | credit_lines | debt_to_income | income_inr
1,0.47418474079181483,,,,,asia,taiwan_credit,186000.0,88200.0,LIQ-000868,Manual review,0.0,186000.0,0.33390648123239525,Very high,161550.0,161550.0,35062.684828010744,35062.684828010744,0.0,0.0,Reported delinquency | Manual review required,"{""automatic_increases_enabled"": true, ""within_maximum_increase"": true, ""within_account_exposure"": true, ""within_expected_loss_ceiling"": false, ""meets_profitability_hurdle"": false, ""payment_history_eligible"": false, ""not_overextended"": true}",credit_age_months | credit_lines | debt_to_income | income_inr
0,0.648999013221721,,,,,asia,taiwan_credit,257000.0,166800.0,LIQ-000869,No change,0.0,257000.0,0.10742653511030126,Moderate,234450.0,234450.0,16370.998251796584,16370.998251796584,0.0,0.0,No reported delinquency in the harmonized source fields | Exposure limit reached,"{""automatic_increases_enabled"": true, ""within_maximum_increase"": true, ""within_account_exposure"": true, ""within_expected_loss_ceiling"": true, ""meets_profitability_hurdle"": false, ""payment_history_eligible"": true, ""not_overextended"": true}",credit_age_months | credit_lines | debt_to_income | income_inr
2,0.849559803055228,,,,,asia,taiwan_credit,187000.0,158900.0,LIQ-000870,Freeze automatic increases,0.0,187000.0,0.38991083060255544,Very high,179975.0,179975.0,45613.23112950169,45613.23112950169,0.0,0.0,Repeated delinquency,"{""automatic_increases_enabled"": true, ""within_maximum_increase"": true, ""within_account_exposure"": true, ""within_expected_loss_ceiling"": false, ""meets_profitability_hurdle"": false, ""payment_history_eligible"": false, ""not_overextended"": true}",credit_age_months | credit_lines | debt_to_income | income_inr
1,0.3899902533729479,,,,,asia,taiwan_credit,328000.0,127900.0,LIQ-000871,Manual review,0.0,328000.0,0.32216460564488014,Very high,277975.0,277975.0,58209.90906518811,58209.90906518811,0.0,0.0,Reported delinquency | Manual review required,"{""automatic_increases_enabled"": true, ""within_maximum_increase"": true, ""within_account_exposure"": true, ""within_expected_loss_ceiling"": false, ""meets_profitability_hurdle"": false, ""payment_history_eligible"": false, ""not_overextended"": true}",credit_age_months | credit_lines | debt_to_income | income_inr
0,0.1614012371129659,,,,,asia,taiwan_credit,374000.0,60400.0,LIQ-000872,No change,0.0,374000.0,0.07443607206105499,Moderate,295600.0,295600.0,14302.146885811106,14302.146885811106,0.0,0.0,No reported delinquency in the harmonized source fields | Low utilization provides no evidence of additional need | Incremental return below profitability hurdle,"{""automatic_increases_enabled"": true, ""within_maximum_increase"": true, ""within_account_exposure"": true, ""within_expected_loss_ceiling"": true, ""meets_profitability_hurdle"": false, ""payment_history_eligible"": true, ""not_overextended"": true}",credit_age_months | credit_lines | debt_to_income | income_inr
1,0.21324758346242648,,,,,asia,taiwan_credit,287000.0,61200.0,LIQ-000873,Manual review,0.0,287000.0,0.27160879714721614,High,230550.0,230550.0,40702.61531848895,40702.61531848895,0.0,0.0,Reported delinquency | Manual review required,"{""automatic_increases_enabled"": true, ""within_maximum_increase"": true, ""within_account_exposure"": true, ""within_expected_loss_ceiling"": false, ""meets_profitability_hurdle"": false, ""payment_history_eligible"": false, ""not_overextended"": true}",credit_age_months | credit_lines | debt_to_income | income_inr
1,0.7622847659372693,,,,,asia,taiwan_credit,1039000.0,792000.0,LIQ-000874,Manual review,0.0,1039000.0,0.3046278166337148,Very high,977250.0,977250.0,193503.39697344357,193503.39697344357,0.0,0.0,Reported delinquency | Manual review required,"{""automatic_increases_enabled"": true, ""within_maximum_increase"": true, ""within_account_exposure"": true, ""within_expected_loss_ceiling"": false, ""meets_profitability_hurdle"": false, ""payment_history_eligible"": false, ""not_overextended"": true}",credit_age_months | credit_lines | debt_to_income | income_inr
1,0.9837757843185729,,,,,asia,taiwan_credit,219000.0,215400.0,LIQ-000875,Manual review,0.0,219000.0,0.40060153417335426,Very high,218100.0,218100.0,56791.27649208557,56791.27649208557,0.0,0.0,Reported delinquency | Manual review required,"{""automatic_increases_enabled"": true, ""within_maximum_increase"": true, ""within_account_exposure"": true, ""within_expected_loss_ceiling"": false, ""meets_profitability_hurdle"": false, ""payment_history_eligible"": false, ""not_overextended"": true}",credit_age_months | credit_lines | debt_to_income | income_inr
0,0.4698001815582406,,,,,asia,taiwan_credit,865000.0,406400.0,LIQ-000876,Increase 30%,0.3,1124500.0,0.08451901176507008,Moderate,750350.0,944975.0,41222.24631064822,51914.42954275312,26195.553338047415,0.13459500751726353,No reported delinquency in the harmonized source fields,"{""automatic_increases_enabled"": true, ""within_maximum_increase"": true, ""within_account_exposure"": true, ""within_expected_loss_ceiling"": true, ""meets_profitability_hurdle"": true, ""payment_history_eligible"": true, ""not_overextended"": true}",credit_age_months | credit_lines | debt_to_income | income_inr
0,0.673757686491424,,,,,asia,taiwan_credit,178000.0,119900.0,LIQ-000877,No change,0.0,178000.0,0.11251901624577622,Moderate,163475.0,163475.0,11956.130017505875,11956.130017505875,0.0,0.0,No reported delinquency in the harmonized source fields | High utilization with low estimated risk | Exposure limit reached,"{""automatic_increases_enabled"": true, ""within_maximum_increase"": true, ""within_account_exposure"": true, ""within_expected_loss_ceiling"": true, ""meets_profitability_hurdle"": false, ""payment_history_eligible"": true, ""not_overextended"": true}",credit_age_months | credit_lines | debt_to_income | income_inr
0,0.9709118161519599,,,,,asia,taiwan_credit,367000.0,356300.0,LIQ-000878,Increase 30%,0.3,477100.0,0.14267237699693683,Moderate,364325.0,446900.0,33786.42393711586,41444.1854319552,30829.923665634597,0.37335662931437597,No reported delinquency in the harmonized source fields | High utilization with low estimated risk,"{""automatic_increases_enabled"": true, ""within_maximum_increase"": true, ""within_account_exposure"": true, ""within_expected_loss_ceiling"": true, ""meets_profitability_hurdle"": true, ""payment_history_eligible"": true, ""not_overextended"": true}",credit_age_months | credit_lines | debt_to_income | income_inr
1,0.4957070571075149,,,,,asia,taiwan_credit,755000.0,374300.0,LIQ-000879,Manual review,0.0,755000.0,0.33390648123239525,Very high,659825.0,659825.0,143207.8985864574,143207.8985864574,0.0,0.0,Reported delinquency | Manual review required,"{""automatic_increases_enabled"": true, ""within_maximum_increase"": true, ""within_account_exposure"": true, ""within_expected_loss_ceiling"": false, ""meets_profitability_hurdle"": false, ""payment_history_eligible"": false, ""not_overextended"": true}",credit_age_months | credit_lines | debt_to_income | income_inr
0,0.5261272293304007,,,,,asia,taiwan_credit,730000.0,384100.0,LIQ-000880,Increase 30%,0.3,949000.0,0.08962827602182603,Moderate,643525.0,807775.0,37490.723612514645,47059.66243129485,26662.811909491946,0.1623306661156283,No reported delinquency in the harmonized source fields,"{""automatic_increases_enabled"": true, ""within_maximum_increase"": true, ""within_account_exposure"": true, ""within_expected_loss_ceiling"": true, ""meets_profitability_hurdle"": true, ""payment_history_eligible"": true, ""not_overextended"": true}",credit_age_months | credit_lines | debt_to_income | income_inr
0,0.8010291599437658,,,,,asia,taiwan_credit,266000.0,213100.0,LIQ-000881,No change,0.0,266000.0,0.13173933514049221,Moderate,252775.0,252775.0,21645.26678608965,21645.26678608965,0.0,0.0,No reported delinquency in the harmonized source fields | High utilization with low estimated risk | Exposure limit reached,"{""automatic_increases_enabled"": true, ""within_maximum_increase"": true, ""within_account_exposure"": true, ""within_expected_loss_ceiling"": true, ""meets_profitability_hurdle"": false, ""payment_history_eligible"": true, ""not_overextended"": true}",credit_age_months | credit_lines | debt_to_income | income_inr
0,0.8343259240422035,,,,,asia,taiwan_credit,502000.0,418800.0,LIQ-000882,Increase 30%,0.3,652600.0,0.12330185501997198,Moderate,481200.0,594150.0,38566.354213146835,47618.86815407563,35106.041573113485,0.31081046102800786,No reported delinquency in the harmonized source fields | High utilization with low estimated risk,"{""automatic_increases_enabled"": true, ""within_maximum_increase"": true, ""within_account_exposure"": true, ""within_expected_loss_ceiling"": true, ""meets_profitability_hurdle"": true, ""payment_history_eligible"": true, ""not_overextended"": true}",credit_age_months | credit_lines | debt_to_income | income_inr
1,0.5332660550520472,,,,,asia,taiwan_credit,460000.0,245300.0,LIQ-000883,Manual review,0.0,460000.0,0.30687654138542125,Very high,406325.0,406325.0,81049.54694098035,81049.54694098035,0.0,0.0,Reported delinquency | Manual review required,"{""automatic_increases_enabled"": true, ""within_maximum_increase"": true, ""within_account_exposure"": true, ""within_expected_loss_ceiling"": false, ""meets_profitability_hurdle"": false, ""payment_history_eligible"": false, ""not_overextended"": true}",credit_age_months | credit_lines | debt_to_income | income_inr
1,0.7629469274169994,,,,,asia,taiwan_credit,246000.0,187700.0,LIQ-000884,Manual review,0.0,246000.0,0.3046278166337148,Very high,231425.0,231425.0,45824.02010189734,45824.02010189734,0.0,0.0,Reported delinquency | Manual review required,"{""automatic_increases_enabled"": true, ""within_maximum_increase"": true, ""within_account_exposure"": true, ""within_expected_loss_ceiling"": false, ""meets_profitability_hurdle"": false, ""payment_history_eligible"": false, ""not_overextended"": true}",credit_age_months | credit_lines | debt_to_income | income_inr
0,0.3752686785169814,,,,,asia,taiwan_credit,522000.0,195900.0,LIQ-000885,No change,0.0,522000.0,0.0774889191905499,Moderate,440475.0,440475.0,22185.755592297355,22185.755592297355,0.0,0.0,No reported delinquency in the harmonized source fields | Exposure limit reached,"{""automatic_increases_enabled"": true, ""within_maximum_increase"": true, ""within_account_exposure"": true, ""within_expected_loss_ceiling"": true, ""meets_profitability_hurdle"": false, ""payment_history_eligible"": true, ""not_overextended"": true}",credit_age_months | credit_lines | debt_to_income | income_inr
0,0.612745108670901,,,,,asia,taiwan_credit,1174000.0,719400.0,LIQ-000886,Increase 30%,0.3,1526200.0,0.0902504897232765,Moderate,1060350.0,1324500.0,62203.11940574955,77698.90286501183,55567.026921221724,0.21036163892190696,No reported delinquency in the harmonized source fields,"{""automatic_increases_enabled"": true, ""within_maximum_increase"": true, ""within_account_exposure"": true, ""within_expected_loss_ceiling"": true, ""meets_profitability_hurdle"": true, ""payment_history_eligible"": true, ""not_overextended"": true}",credit_age_months | credit_lines | debt_to_income | income_inr
0,0.6379813793244914,,,,,asia,taiwan_credit,476000.0,303700.0,LIQ-000887,Increase 30%,0.3,618800.0,0.104500980119407,Moderate,432925.0,540025.0,29406.70643182628,36681.5421628388,22929.099763289516,0.21409056735097587,No reported delinquency in the harmonized source fields,"{""automatic_increases_enabled"": true, ""within_maximum_increase"": true, ""within_account_exposure"": true, ""within_expected_loss_ceiling"": true, ""meets_profitability_hurdle"": true, ""payment_history_eligible"": true, ""not_overextended"": true}",credit_age_months | credit_lines | debt_to_income | income_inr
3,0.34600360562072835,,,,,asia,taiwan_credit,506000.0,175100.0,LIQ-000888,Freeze automatic increases,0.0,506000.0,0.513891849171761,Very high,423275.0,423275.0,141386.42209781514,141386.42209781514,0.0,0.0,Repeated delinquency,"{""automatic_increases_enabled"": true, ""within_maximum_increase"": true, ""within_account_exposure"": true, ""within_expected_loss_ceiling"": false, ""meets_profitability_hurdle"": false, ""payment_history_eligible"": false, ""not_overextended"": true}",credit_age_months | credit_lines | debt_to_income | income_inr
0,0.3752792040641033,,,,,asia,taiwan_credit,542000.0,203400.0,LIQ-000889,No change,0.0,542000.0,0.0774889191905499,Moderate,457350.0,457350.0,23035.7121746687,23035.7121746687,0.0,0.0,No reported delinquency in the harmonized source fields | Exposure limit reached,"{""automatic_increases_enabled"": true, ""within_maximum_increase"": true, ""within_account_exposure"": true, ""within_expected_loss_ceiling"": true, ""meets_profitability_hurdle"": false, ""payment_history_eligible"": true, ""not_overextended"": true}",credit_age_months | credit_lines | debt_to_income | income_inr
0,0.47241039540660706,,,,,asia,taiwan_credit,135000.0,63800.0,LIQ-000890,No change,0.0,135000.0,0.08843012259683386,Moderate,117200.0,117200.0,6736.606739426804,6736.606739426804,0.0,0.0,No reported delinquency in the harmonized source fields | Exposure limit reached,"{""automatic_increases_enabled"": true, ""within_maximum_increase"": true, ""within_account_exposure"": true, ""within_expected_loss_ceiling"": true, ""meets_profitability_hurdle"": false, ""payment_history_eligible"": true, ""not_overextended"": true}",credit_age_months | credit_lines | debt_to_income | income_inr
0,0.8925141424795726,,,,,asia,taiwan_credit,472000.0,421300.0,LIQ-000891,Increase 30%,0.3,613600.0,0.12458924894582052,Moderate,459325.0,565525.0,37197.52190182536,45797.917756555355,36334.4092159997,0.34213191352165445,No reported delinquency in the harmonized source fields | High utilization with low estimated risk,"{""automatic_increases_enabled"": true, ""within_maximum_increase"": true, ""within_account_exposure"": true, ""within_expected_loss_ceiling"": true, ""meets_profitability_hurdle"": true, ""payment_history_eligible"": true, ""not_overextended"": true}",credit_age_months | credit_lines | debt_to_income | income_inr
1,0.9023042132738492,,,,,asia,taiwan_credit,181000.0,163300.0,LIQ-000892,Manual review,0.0,181000.0,0.4029327798442068,Very high,176575.0,176575.0,46246.10614064403,46246.10614064403,0.0,0.0,Reported delinquency | Manual review required,"{""automatic_increases_enabled"": true, ""within_maximum_increase"": true, ""within_account_exposure"": true, ""within_expected_loss_ceiling"": false, ""meets_profitability_hurdle"": false, ""payment_history_eligible"": false, ""not_overextended"": true}",credit_age_months | credit_lines | debt_to_income | income_inr
0,0.9004758692630355,,,,,asia,taiwan_credit,239000.0,215200.0,LIQ-000893,Increase 30%,0.3,310700.0,0.13069315445742802,Moderate,233050.0,286825.0,19797.72577009734,24365.941617713663,18333.295176100855,0.3409259911873706,No reported delinquency in the harmonized source fields | High utilization with low estimated risk,"{""automatic_increases_enabled"": true, ""within_maximum_increase"": true, ""within_account_exposure"": true, ""within_expected_loss_ceiling"": true, ""meets_profitability_hurdle"": true, ""payment_history_eligible"": true, ""not_overextended"": true}",credit_age_months | credit_lines | debt_to_income | income_inr
1,0.8757841989230167,,,,,asia,taiwan_credit,1427000.0,1249700.0,LIQ-000894,Manual review,0.0,1427000.0,0.4022477196609251,Very high,1382675.0,1382675.0,361515.6127584103,361515.6127584103,0.0,0.0,Reported delinquency | Manual review required,"{""automatic_increases_enabled"": true, ""within_maximum_increase"": true, ""within_account_exposure"": true, ""within_expected_loss_ceiling"": false, ""meets_profitability_hurdle"": false, ""payment_history_eligible"": false, ""not_overextended"": true}",credit_age_months | credit_lines | debt_to_income | income_inr
0,0.4359964632776748,,,,,asia,taiwan_credit,297000.0,129500.0,LIQ-000895,No change,0.0,297000.0,0.08516958900453168,Moderate,255125.0,255125.0,14123.779406607746,14123.779406607746,0.0,0.0,No reported delinquency in the harmonized source fields | Exposure limit reached,"{""automatic_increases_enabled"": true, ""within_maximum_increase"": true, ""within_account_exposure"": true, ""within_expected_loss_ceiling"": true, ""meets_profitability_hurdle"": false, ""payment_history_eligible"": true, ""not_overextended"": true}",credit_age_months | credit_lines | debt_to_income | income_inr
0,1.073953334058796,,,,,asia,taiwan_credit,216000.0,232000.0,LIQ-000896,No change,0.0,216000.0,0.1869573259929914,High,216000.0,216000.0,26248.808569415993,26248.808569415993,0.0,0.0,No reported delinquency in the harmonized source fields | Expected loss exceeds policy ceiling,"{""automatic_increases_enabled"": true, ""within_maximum_increase"": true, ""within_account_exposure"": true, ""within_expected_loss_ceiling"": false, ""meets_profitability_hurdle"": false, ""payment_history_eligible"": true, ""not_overextended"": true}",credit_age_months | credit_lines | debt_to_income | income_inr
0,0.08354365012767152,,,,,asia,taiwan_credit,740000.0,61800.0,LIQ-000897,No change,0.0,740000.0,0.07436753576004311,Moderate,570450.0,570450.0,27574.92450330579,27574.92450330579,0.0,0.0,No reported delinquency in the harmonized source fields | Low utilization provides no evidence of additional need | Incremental return below profitability hurdle,"{""automatic_increases_enabled"": true, ""within_maximum_increase"": true, ""within_account_exposure"": true, ""within_expected_loss_ceiling"": true, ""meets_profitability_hurdle"": false, ""payment_history_eligible"": true, ""not_overextended"": true}",credit_age_months | credit_lines | debt_to_income | income_inr
0,0.8400758894148035,,,,,asia,taiwan_credit,189000.0,158800.0,LIQ-000898,No change,0.0,189000.0,0.1270419994521549,Moderate,181450.0,181450.0,14983.651020385783,14983.651020385783,0.0,0.0,No reported delinquency in the harmonized source fields | High utilization with low estimated risk | Exposure limit reached,"{""automatic_increases_enabled"": true, ""within_maximum_increase"": true, ""within_account_exposure"": true, ""within_expected_loss_ceiling"": true, ""meets_profitability_hurdle"": false, ""payment_history_eligible"": true, ""not_overextended"": true}",credit_age_months | credit_lines | debt_to_income | income_inr
0,0.6177907367548647,,,,,asia,taiwan_credit,262000.0,161900.0,LIQ-000899,No change,0.0,262000.0,0.09451349205903499,Moderate,236975.0,236975.0,14558.26760744838,14558.26760744838,0.0,0.0,No reported delinquency in the harmonized source fields | Exposure limit reached,"{""automatic_increases_enabled"": true, ""within_maximum_increase"": true, ""within_account_exposure"": true, ""within_expected_loss_ceiling"": true, ""meets_profitability_hurdle"": false, ""payment_history_eligible"": true, ""not_overextended"": true}",credit_age_months | credit_lines | debt_to_income | income_inr
0,0.2507518187317263,,,,,asia,taiwan_credit,788000.0,197600.0,LIQ-000900,No change,0.0,788000.0,0.0735944858898624,Moderate,640400.0,640400.0,30634.44069651412,30634.44069651412,0.0,0.0,No reported delinquency in the harmonized source fields | Exposure limit reached,"{""automatic_increases_enabled"": true, ""within_maximum_increase"": true, ""within_account_exposure"": true, ""within_expected_loss_ceiling"": true, ""meets_profitability_hurdle"": false, ""payment_history_eligible"": true, ""not_overextended"": true}",credit_age_months | credit_lines | debt_to_income | income_inr
1,0.49110156694929874,,,,,asia,taiwan_credit,360000.0,176800.0,LIQ-000901,Manual review,0.0,360000.0,0.33390648123239525,Very high,314200.0,314200.0,68193.72066209209,68193.72066209209,0.0,0.0,Reported delinquency | Manual review required,"{""automatic_increases_enabled"": true, ""within_maximum_increase"": true, ""within_account_exposure"": true, ""within_expected_loss_ceiling"": false, ""meets_profitability_hurdle"": false, ""payment_history_eligible"": false, ""not_overextended"": true}",credit_age_months | credit_lines | debt_to_income | income_inr
0,0.636352277343643,,,,,asia,taiwan_credit,127000.0,80800.0,LIQ-000902,No change,0.0,127000.0,0.10158334797157326,Moderate,115450.0,115450.0,7623.068390156787,7623.068390156787,0.0,0.0,No reported delinquency in the harmonized source fields | Exposure limit reached,"{""automatic_increases_enabled"": true, ""within_maximum_increase"": true, ""within_account_exposure"": true, ""within_expected_loss_ceiling"": true, ""meets_profitability_hurdle"": false, ""payment_history_eligible"": true, ""not_overextended"": true}",credit_age_months | credit_lines | debt_to_income | income_inr
0,0.2522534673955904,,,,,asia,taiwan_credit,498000.0,125600.0,LIQ-000903,No change,0.0,498000.0,0.0735944858898624,Moderate,404900.0,404900.0,19368.964768923433,19368.964768923433,0.0,0.0,No reported delinquency in the harmonized source fields | Exposure limit reached,"{""automatic_increases_enabled"": true, ""within_maximum_increase"": true, ""within_account_exposure"": true, ""within_expected_loss_ceiling"": true, ""meets_profitability_hurdle"": false, ""payment_history_eligible"": true, ""not_overextended"": true}",credit_age_months | credit_lines | debt_to_income | income_inr
0,0.5314025693190396,,,,,asia,taiwan_credit,270000.0,143500.0,LIQ-000904,No change,0.0,270000.0,0.08962827602182603,Moderate,238375.0,238375.0,13887.34119285681,13887.34119285681,0.0,0.0,No reported delinquency in the harmonized source fields | Exposure limit reached,"{""automatic_increases_enabled"": true, ""within_maximum_increase"": true, ""within_account_exposure"": true, ""within_expected_loss_ceiling"": true, ""meets_profitability_hurdle"": false, ""payment_history_eligible"": true, ""not_overextended"": true}",credit_age_months | credit_lines | debt_to_income | income_inr
0,0.3257418738810964,,,,,asia,taiwan_credit,952000.0,310100.0,LIQ-000905,No change,0.0,952000.0,0.07272057605474126,Moderate,791525.0,791525.0,37414.100075123904,37414.100075123904,0.0,0.0,No reported delinquency in the harmonized source fields | Exposure limit reached,"{""automatic_increases_enabled"": true, ""within_maximum_increase"": true, ""within_account_exposure"": true, ""within_expected_loss_ceiling"": true, ""meets_profitability_hurdle"": false, ""payment_history_eligible"": true, ""not_overextended"": true}",credit_age_months | credit_lines | debt_to_income | income_inr
0,0.7492169321405698,,,,,asia,taiwan_credit,236000.0,176800.0,LIQ-000906,No change,0.0,236000.0,0.10445677510176377,Moderate,221200.0,221200.0,15018.795124131595,15018.795124131595,0.0,0.0,No reported delinquency in the harmonized source fields | High utilization with low estimated risk | Exposure limit reached,"{""automatic_increases_enabled"": true, ""within_maximum_increase"": true, ""within_account_exposure"": true, ""within_expected_loss_ceiling"": true, ""meets_profitability_hurdle"": false, ""payment_history_eligible"": true, ""not_overextended"": true}",credit_age_months | credit_lines | debt_to_income | income_inr
0,0.762357925217293,,,,,asia,taiwan_credit,693000.0,528300.0,LIQ-000907,Increase 30%,0.3,900900.0,0.11246511318108421,Moderate,651825.0,807750.0,47649.922059519144,59048.4018618135,43408.663818687986,0.2783945090183613,No reported delinquency in the harmonized source fields | High utilization with low estimated risk,"{""automatic_increases_enabled"": true, ""within_maximum_increase"": true, ""within_account_exposure"": true, ""within_expected_loss_ceiling"": true, ""meets_profitability_hurdle"": true, ""payment_history_eligible"": true, ""not_overextended"": true}",credit_age_months | credit_lines | debt_to_income | income_inr
0,0.1756862774485113,,,,,asia,taiwan_credit,1110000.0,195000.0,LIQ-000908,No change,0.0,1110000.0,0.07102555540407707,Moderate,881250.0,881250.0,40684.3259548979,40684.3259548979,0.0,0.0,No reported delinquency in the harmonized source fields | Low utilization provides no evidence of additional need | Incremental return below profitability hurdle,"{""automatic_increases_enabled"": true, ""within_maximum_increase"": true, ""within_account_exposure"": true, ""within_expected_loss_ceiling"": true, ""meets_profitability_hurdle"": false, ""payment_history_eligible"": true, ""not_overextended"": true}",credit_age_months | credit_lines | debt_to_income | income_inr
0,0.6332138716961264,,,,,asia,taiwan_credit,201000.0,127300.0,LIQ-000909,No change,0.0,201000.0,0.10158334797157326,Moderate,182575.0,182575.0,12055.276841341492,12055.276841341492,0.0,0.0,No reported delinquency in the harmonized source fields | Exposure limit reached,"{""automatic_increases_enabled"": true, ""within_maximum_increase"": true, ""within_account_exposure"": true, ""within_expected_loss_ceiling"": true, ""meets_profitability_hurdle"": false, ""payment_history_eligible"": true, ""not_overextended"": true}",credit_age_months | credit_lines | debt_to_income | income_inr
0,0.718544271451309,,,,,asia,taiwan_credit,309000.0,222000.0,LIQ-000910,Increase 30%,0.3,401700.0,0.10836577022598959,Moderate,287250.0,356775.0,20233.243873320083,25130.428487045338,17752.11002431315,0.2553341966819583,No reported delinquency in the harmonized source fields | High utilization with low estimated risk,"{""automatic_increases_enabled"": true, ""within_maximum_increase"": true, ""within_account_exposure"": true, ""within_expected_loss_ceiling"": true, ""meets_profitability_hurdle"": true, ""payment_history_eligible"": true, ""not_overextended"": true}",credit_age_months | credit_lines | debt_to_income | income_inr
0,0.10295905186843364,,,,,asia,taiwan_credit,451000.0,46400.0,LIQ-000911,No change,0.0,451000.0,0.07642678897474287,Moderate,349850.0,349850.0,17379.642879828967,17379.642879828967,0.0,0.0,No reported delinquency in the harmonized source fields | Low utilization provides no evidence of additional need | Incremental return below profitability hurdle,"{""automatic_increases_enabled"": true, ""within_maximum_increase"": true, ""within_account_exposure"": true, ""within_expected_loss_ceiling"": true, ""meets_profitability_hurdle"": false, ""payment_history_eligible"": true, ""not_overextended"": true}",credit_age_months | credit_lines | debt_to_income | income_inr
1,0.7331375212966348,,,,,asia,taiwan_credit,200000.0,146600.0,LIQ-000912,Manual review,0.0,200000.0,0.3139140952892999,Very high,186650.0,186650.0,38084.84282573609,38084.84282573609,0.0,0.0,Reported delinquency | Manual review required,"{""automatic_increases_enabled"": true, ""within_maximum_increase"": true, ""within_account_exposure"": true, ""within_expected_loss_ceiling"": false, ""meets_profitability_hurdle"": false, ""payment_history_eligible"": false, ""not_overextended"": true}",credit_age_months | credit_lines | debt_to_income | income_inr
0,0.9067045747250515,,,,,asia,taiwan_credit,417000.0,378100.0,LIQ-000913,Increase 30%,0.3,542100.0,0.13789137581648095,Moderate,407275.0,501100.0,36503.81155567723,44913.289474065095,32006.443129163752,0.34112915671903815,No reported delinquency in the harmonized source fields | High utilization with low estimated risk,"{""automatic_increases_enabled"": true, ""within_maximum_increase"": true, ""within_account_exposure"": true, ""within_expected_loss_ceiling"": true, ""meets_profitability_hurdle"": true, ""payment_history_eligible"": true, ""not_overextended"": true}",credit_age_months | credit_lines | debt_to_income | income_inr
1,1.0106737760089206,,,,,asia,taiwan_credit,302000.0,305200.0,LIQ-000914,Manual review,0.0,302000.0,0.39779070914135256,Very high,302000.0,302000.0,78086.3162044475,78086.3162044475,0.0,0.0,Reported delinquency | Manual review required,"{""automatic_increases_enabled"": true, ""within_maximum_increase"": true, ""within_account_exposure"": true, ""within_expected_loss_ceiling"": false, ""meets_profitability_hurdle"": false, ""payment_history_eligible"": false, ""not_overextended"": true}",credit_age_months | credit_lines | debt_to_income | income_inr
0,0.701352127109852,,,,,asia,taiwan_credit,298000.0,209000.0,LIQ-000915,No change,0.0,298000.0,0.11258142348426615,Moderate,275750.0,275750.0,20178.812891761154,20178.812891761154,0.0,0.0,No reported delinquency in the harmonized source fields | High utilization with low estimated risk | Exposure limit reached,"{""automatic_increases_enabled"": true, ""within_maximum_increase"": true, ""within_account_exposure"": true, ""within_expected_loss_ceiling"": true, ""meets_profitability_hurdle"": false, ""payment_history_eligible"": true, ""not_overextended"": true}",credit_age_months | credit_lines | debt_to_income | income_inr
1,0.28415805617013334,,,,,asia,taiwan_credit,361000.0,102600.0,LIQ-000916,Manual review,0.0,361000.0,0.2912321358270735,High,296400.0,296400.0,56108.78328844399,56108.78328844399,0.0,0.0,Reported delinquency | Manual review required,"{""automatic_increases_enabled"": true, ""within_maximum_increase"": true, ""within_account_exposure"": true, ""within_expected_loss_ceiling"": false, ""meets_profitability_hurdle"": false, ""payment_history_eligible"": false, ""not_overextended"": true}",credit_age_months | credit_lines | debt_to_income | income_inr
0,0.6658632944385564,,,,,asia,taiwan_credit,367000.0,244400.0,LIQ-000917,Increase 30%,0.3,477100.0,0.11251901624577622,Moderate,336350.0,418925.0,24599.75122427344,30639.068772495175,18483.374408591717,0.22383741336471955,No reported delinquency in the harmonized source fields | High utilization with low estimated risk,"{""automatic_increases_enabled"": true, ""within_maximum_increase"": true, ""within_account_exposure"": true, ""within_expected_loss_ceiling"": true, ""meets_profitability_hurdle"": true, ""payment_history_eligible"": true, ""not_overextended"": true}",credit_age_months | credit_lines | debt_to_income | income_inr
0,0.6792401058149885,,,,,asia,taiwan_credit,389000.0,264200.0,LIQ-000918,Increase 30%,0.3,505700.0,0.11258142348426615,Moderate,357800.0,445325.0,26183.06165973578,32587.959568535036,20247.70389215243,0.23133623412913373,No reported delinquency in the harmonized source fields | High utilization with low estimated risk,"{""automatic_increases_enabled"": true, ""within_maximum_increase"": true, ""within_account_exposure"": true, ""within_expected_loss_ceiling"": true, ""meets_profitability_hurdle"": true, ""payment_history_eligible"": true, ""not_overextended"": true}",credit_age_months | credit_lines | debt_to_income | income_inr
0,0.777043413441615,,,,,asia,taiwan_credit,237000.0,184200.0,LIQ-000919,No change,0.0,237000.0,0.12273752595832339,Moderate,223800.0,223800.0,17854.627901157306,17854.627901157306,0.0,0.0,No reported delinquency in the harmonized source fields | High utilization with low estimated risk | Exposure limit reached,"{""automatic_increases_enabled"": true, ""within_maximum_increase"": true, ""within_account_exposure"": true, ""within_expected_loss_ceiling"": true, ""meets_profitability_hurdle"": false, ""payment_history_eligible"": true, ""not_overextended"": true}",credit_age_months | credit_lines | debt_to_income | income_inr
0,1.0366126298253573,,,,,asia,taiwan_credit,244000.0,252900.0,LIQ-000920,No change,0.0,244000.0,0.18563980389219367,High,244000.0,244000.0,29442.472897301916,29442.472897301916,0.0,0.0,No reported delinquency in the harmonized source fields | Expected loss exceeds policy ceiling,"{""automatic_increases_enabled"": true, ""within_maximum_increase"": true, ""within_account_exposure"": true, ""within_expected_loss_ceiling"": false, ""meets_profitability_hurdle"": false, ""payment_history_eligible"": true, ""not_overextended"": true}",credit_age_months | credit_lines | debt_to_income | income_inr
0,0.6013027510112491,,,,,asia,taiwan_credit,324000.0,194800.0,LIQ-000921,No change,0.0,324000.0,0.08907457679992008,Moderate,291700.0,291700.0,16888.985134148847,16888.985134148847,0.0,0.0,No reported delinquency in the harmonized source fields | Exposure limit reached,"{""automatic_increases_enabled"": true, ""within_maximum_increase"": true, ""within_account_exposure"": true, ""within_expected_loss_ceiling"": true, ""meets_profitability_hurdle"": false, ""payment_history_eligible"": true, ""not_overextended"": true}",credit_age_months | credit_lines | debt_to_income | income_inr
0,0.6930416439453122,,,,,asia,taiwan_credit,340000.0,235600.0,LIQ-000922,Increase 30%,0.3,442000.0,0.11258142348426615,Moderate,313900.0,390400.0,22970.550740612245,28568.66202336738,18259.893703595866,0.23869142096203746,No reported delinquency in the harmonized source fields | High utilization with low estimated risk,"{""automatic_increases_enabled"": true, ""within_maximum_increase"": true, ""within_account_exposure"": true, ""within_expected_loss_ceiling"": true, ""meets_profitability_hurdle"": true, ""payment_history_eligible"": true, ""not_overextended"": true}",credit_age_months | credit_lines | debt_to_income | income_inr
0,0.577781137575231,,,,,asia,taiwan_credit,263000.0,152000.0,LIQ-000923,No change,0.0,263000.0,0.09958469167168506,Moderate,235250.0,235250.0,15227.74416524654,15227.74416524654,0.0,0.0,No reported delinquency in the harmonized source fields | Exposure limit reached,"{""automatic_increases_enabled"": true, ""within_maximum_increase"": true, ""within_account_exposure"": true, ""within_expected_loss_ceiling"": true, ""meets_profitability_hurdle"": false, ""payment_history_eligible"": true, ""not_overextended"": true}",credit_age_months | credit_lines | debt_to_income | income_inr
0,0.5690465669936325,,,,,asia,taiwan_credit,432000.0,245800.0,LIQ-000924,Increase 30%,0.3,561600.0,0.08711596043527224,Moderate,385450.0,482650.0,21826.250517354198,27330.236897654697,18176.612926950937,0.18700219060649112,No reported delinquency in the harmonized source fields,"{""automatic_increases_enabled"": true, ""within_maximum_increase"": true, ""within_account_exposure"": true, ""within_expected_loss_ceiling"": true, ""meets_profitability_hurdle"": true, ""payment_history_eligible"": true, ""not_overextended"": true}",credit_age_months | credit_lines | debt_to_income | income_inr
0,0.710197274292443,,,,,asia,taiwan_credit,108000.0,76700.0,LIQ-000925,No change,0.0,108000.0,0.1120090883370235,Moderate,100175.0,100175.0,7293.3317757048635,7293.3317757048635,0.0,0.0,No reported delinquency in the harmonized source fields | High utilization with low estimated risk | Exposure limit reached,"{""automatic_increases_enabled"": true, ""within_maximum_increase"": true, ""within_account_exposure"": true, ""within_expected_loss_ceiling"": true, ""meets_profitability_hurdle"": false, ""payment_history_eligible"": true, ""not_overextended"": true}",credit_age_months | credit_lines | debt_to_income | income_inr
0,0.37265970565086765,,,,,asia,taiwan_credit,218000.0,81200.0,LIQ-000926,No change,0.0,218000.0,0.0774889191905499,Moderate,183800.0,183800.0,9257.601175694997,9257.601175694997,0.0,0.0,No reported delinquency in the harmonized source fields | Exposure limit reached,"{""automatic_increases_enabled"": true, ""within_maximum_increase"": true, ""within_account_exposure"": true, ""within_expected_loss_ceiling"": true, ""meets_profitability_hurdle"": false, ""payment_history_eligible"": true, ""not_overextended"": true}",credit_age_months | credit_lines | debt_to_income | income_inr
1,0.8727450397766239,,,,,asia,taiwan_credit,292000.0,254800.0,LIQ-000927,Manual review,0.0,292000.0,0.3660896907433095,Very high,282700.0,282700.0,67270.81112253683,67270.81112253683,0.0,0.0,Reported delinquency | Manual review required,"{""automatic_increases_enabled"": true, ""within_maximum_increase"": true, ""within_account_exposure"": true, ""within_expected_loss_ceiling"": false, ""meets_profitability_hurdle"": false, ""payment_history_eligible"": false, ""not_overextended"": true}",credit_age_months | credit_lines | debt_to_income | income_inr
0,0.6891371989938918,,,,,asia,taiwan_credit,201000.0,138500.0,LIQ-000928,No change,0.0,201000.0,0.11258142348426615,Moderate,185375.0,185375.0,13565.357895957295,13565.357895957295,0.0,0.0,No reported delinquency in the harmonized source fields | High utilization with low estimated risk | Exposure limit reached,"{""automatic_increases_enabled"": true, ""within_maximum_increase"": true, ""within_account_exposure"": true, ""within_expected_loss_ceiling"": true, ""meets_profitability_hurdle"": false, ""payment_history_eligible"": true, ""not_overextended"": true}",credit_age_months | credit_lines | debt_to_income | income_inr
0,0.6396368522448286,,,,,asia,taiwan_credit,1009000.0,645400.0,LIQ-000929,Increase 30%,0.3,1311700.0,0.11213565824520577,Moderate,918100.0,1145125.0,66918.63609270022,83466.07467122683,47887.20707903449,0.21093362880314717,No reported delinquency in the harmonized source fields,"{""automatic_increases_enabled"": true, ""within_maximum_increase"": true, ""within_account_exposure"": true, ""within_expected_loss_ceiling"": true, ""meets_profitability_hurdle"": true, ""payment_history_eligible"": true, ""not_overextended"": true}",credit_age_months | credit_lines | debt_to_income | income_inr
0,0.3013556095053126,,,,,asia,taiwan_credit,354000.0,106700.0,LIQ-000930,No change,0.0,354000.0,0.07302105127930013,Moderate,292175.0,292175.0,13867.701677394185,13867.701677394185,0.0,0.0,No reported delinquency in the harmonized source fields | Exposure limit reached,"{""automatic_increases_enabled"": true, ""within_maximum_increase"": true, ""within_account_exposure"": true, ""within_expected_loss_ceiling"": true, ""meets_profitability_hurdle"": false, ""payment_history_eligible"": true, ""not_overextended"": true}",credit_age_months | credit_lines | debt_to_income | income_inr
0,0.2521763552685116,,,,,asia,taiwan_credit,393000.0,99100.0,LIQ-000931,No change,0.0,393000.0,0.0735944858898624,Moderate,319525.0,319525.0,15284.930767572883,15284.930767572883,0.0,0.0,No reported delinquency in the harmonized source fields | Exposure limit reached,"{""automatic_increases_enabled"": true, ""within_maximum_increase"": true, ""within_account_exposure"": true, ""within_expected_loss_ceiling"": true, ""meets_profitability_hurdle"": false, ""payment_history_eligible"": true, ""not_overextended"": true}",credit_age_months | credit_lines | debt_to_income | income_inr
0,0.8650843100200021,,,,,asia,taiwan_credit,256000.0,221500.0,LIQ-000932,Increase 30%,0.3,332800.0,0.13710775366716862,Moderate,247375.0,304975.0,22046.069866220296,27179.38416351909,18279.80361166634,0.3173577015914295,No reported delinquency in the harmonized source fields | High utilization with low estimated risk,"{""automatic_increases_enabled"": true, ""within_maximum_increase"": true, ""within_account_exposure"": true, ""within_expected_loss_ceiling"": true, ""meets_profitability_hurdle"": true, ""payment_history_eligible"": true, ""not_overextended"": true}",credit_age_months | credit_lines | debt_to_income | income_inr
0,1.0557254788894366,,,,,asia,taiwan_credit,346000.0,365300.0,LIQ-000933,No change,0.0,346000.0,0.1869573259929914,High,346000.0,346000.0,42046.702615823764,42046.702615823764,0.0,0.0,No reported delinquency in the harmonized source fields | Expected loss exceeds policy ceiling,"{""automatic_increases_enabled"": true, ""within_maximum_increase"": true, ""within_account_exposure"": true, ""within_expected_loss_ceiling"": false, ""meets_profitability_hurdle"": false, ""payment_history_eligible"": true, ""not_overextended"": true}",credit_age_months | credit_lines | debt_to_income | income_inr
2,0.7013785196364254,,,,,asia,taiwan_credit,159000.0,111500.0,LIQ-000934,Freeze automatic increases,0.0,159000.0,0.41147686296083696,Very high,147125.0,147125.0,39350.04675102355,39350.04675102355,0.0,0.0,Repeated delinquency,"{""automatic_increases_enabled"": true, ""within_maximum_increase"": true, ""within_account_exposure"": true, ""within_expected_loss_ceiling"": false, ""meets_profitability_hurdle"": false, ""payment_history_eligible"": false, ""not_overextended"": true}",credit_age_months | credit_lines | debt_to_income | income_inr
0,1.1607264807217423,,,,,asia,taiwan_credit,313000.0,363300.0,LIQ-000935,Manual review,0.0,313000.0,0.19613037377187448,High,313000.0,313000.0,39902.72454388786,39902.72454388786,0.0,0.0,Customer-overextension safeguard | Manual review required,"{""automatic_increases_enabled"": true, ""within_maximum_increase"": true, ""within_account_exposure"": true, ""within_expected_loss_ceiling"": false, ""meets_profitability_hurdle"": false, ""payment_history_eligible"": true, ""not_overextended"": false}",credit_age_months | credit_lines | debt_to_income | income_inr
0,0.8838995287638531,,,,,asia,taiwan_credit,190000.0,167900.0,LIQ-000936,No change,0.0,190000.0,0.13442645709287873,Moderate,184475.0,184475.0,16118.908436935722,16118.908436935722,0.0,0.0,No reported delinquency in the harmonized source fields | High utilization with low estimated risk | Exposure limit reached,"{""automatic_increases_enabled"": true, ""within_maximum_increase"": true, ""within_account_exposure"": true, ""within_expected_loss_ceiling"": true, ""meets_profitability_hurdle"": false, ""payment_history_eligible"": true, ""not_overextended"": true}",credit_age_months | credit_lines | debt_to_income | income_inr
0,0.2813912525859541,,,,,asia,taiwan_credit,292000.0,82200.0,LIQ-000937,No change,0.0,292000.0,0.06556805526914398,Moderate,239550.0,239550.0,10209.437965820238,10209.437965820238,0.0,0.0,No reported delinquency in the harmonized source fields | Exposure limit reached,"{""automatic_increases_enabled"": true, ""within_maximum_increase"": true, ""within_account_exposure"": true, ""within_expected_loss_ceiling"": true, ""meets_profitability_hurdle"": false, ""payment_history_eligible"": true, ""not_overextended"": true}",credit_age_months | credit_lines | debt_to_income | income_inr
0,0.6233580001849959,,,,,asia,taiwan_credit,66000.0,41100.0,LIQ-000938,No change,0.0,66000.0,0.09451349205903499,Moderate,59775.0,59775.0,3672.203592088731,3672.203592088731,0.0,0.0,No reported delinquency in the harmonized source fields | Exposure limit reached,"{""automatic_increases_enabled"": true, ""within_maximum_increase"": true, ""within_account_exposure"": true, ""within_expected_loss_ceiling"": true, ""meets_profitability_hurdle"": false, ""payment_history_eligible"": true, ""not_overextended"": true}",credit_age_months | credit_lines | debt_to_income | income_inr
1,0.44944552591816805,,,,,asia,taiwan_credit,168000.0,75500.0,LIQ-000939,Manual review,0.0,168000.0,0.3266442694406934,Very high,144875.0,144875.0,30759.6825478933,30759.6825478933,0.0,0.0,Reported delinquency | Manual review required,"{""automatic_increases_enabled"": true, ""within_maximum_increase"": true, ""within_account_exposure"": true, ""within_expected_loss_ceiling"": false, ""meets_profitability_hurdle"": false, ""payment_history_eligible"": false, ""not_overextended"": true}",credit_age_months | credit_lines | debt_to_income | income_inr
1,0.6950516358128686,,,,,asia,taiwan_credit,906000.0,629700.0,LIQ-000940,Manual review,0.0,906000.0,0.3547047913014613,Very high,836925.0,836925.0,192959.8498489841,192959.8498489841,0.0,0.0,Reported delinquency | Manual review required,"{""automatic_increases_enabled"": true, ""within_maximum_increase"": true, ""within_account_exposure"": true, ""within_expected_loss_ceiling"": false, ""meets_profitability_hurdle"": false, ""payment_history_eligible"": false, ""not_overextended"": true}",credit_age_months | credit_lines | debt_to_income | income_inr
1,0.6009342481795952,,,,,asia,taiwan_credit,600000.0,360600.0,LIQ-000941,Manual review,0.0,600000.0,0.3174929711305808,Very high,540150.0,540150.0,111470.9884315191,111470.9884315191,0.0,0.0,Reported delinquency | Manual review required,"{""automatic_increases_enabled"": true, ""within_maximum_increase"": true, ""within_account_exposure"": true, ""within_expected_loss_ceiling"": false, ""meets_profitability_hurdle"": false, ""payment_history_eligible"": false, ""not_overextended"": true}",credit_age_months | credit_lines | debt_to_income | income_inr
0,0.8504787877132073,,,,,asia,taiwan_credit,825000.0,701600.0,LIQ-000942,Increase 30%,0.3,1072500.0,0.1248660570378491,Moderate,794150.0,979775.0,64455.546477795106,79521.41667226808,59283.57708848704,0.31937280586390326,No reported delinquency in the harmonized source fields | High utilization with low estimated risk,"{""automatic_increases_enabled"": true, ""within_maximum_increase"": true, ""within_account_exposure"": true, ""within_expected_loss_ceiling"": true, ""meets_profitability_hurdle"": true, ""payment_history_eligible"": true, ""not_overextended"": true}",credit_age_months | credit_lines | debt_to_income | income_inr
0,0.825133663681601,,,,,asia,taiwan_credit,863000.0,712100.0,LIQ-000943,Increase 30%,0.3,1121900.0,0.1311552128043488,Moderate,825275.0,1019450.0,70355.42686062082,86909.0181007057,58500.30923811096,0.30127621598100146,No reported delinquency in the harmonized source fields | High utilization with low estimated risk,"{""automatic_increases_enabled"": true, ""within_maximum_increase"": true, ""within_account_exposure"": true, ""within_expected_loss_ceiling"": true, ""meets_profitability_hurdle"": true, ""payment_history_eligible"": true, ""not_overextended"": true}",credit_age_months | credit_lines | debt_to_income | income_inr
1,0.38038002661621084,,,,,asia,taiwan_credit,542000.0,206200.0,LIQ-000944,Manual review,0.0,542000.0,0.31368931960687124,Very high,458050.0,458050.0,93395.5053498528,93395.5053498528,0.0,0.0,Reported delinquency | Manual review required,"{""automatic_increases_enabled"": true, ""within_maximum_increase"": true, ""within_account_exposure"": true, ""within_expected_loss_ceiling"": false, ""meets_profitability_hurdle"": false, ""payment_history_eligible"": false, ""not_overextended"": true}",credit_age_months | credit_lines | debt_to_income | income_inr
1,0.596149074405487,,,,,asia,taiwan_credit,261000.0,155600.0,LIQ-000945,Manual review,0.0,261000.0,0.3174929711305808,Very high,234650.0,234650.0,48424.82168926401,48424.82168926401,0.0,0.0,Reported delinquency | Manual review required,"{""automatic_increases_enabled"": true, ""within_maximum_increase"": true, ""within_account_exposure"": true, ""within_expected_loss_ceiling"": false, ""meets_profitability_hurdle"": false, ""payment_history_eligible"": false, ""not_overextended"": true}",credit_age_months | credit_lines | debt_to_income | income_inr
1,0.6864879625421115,,,,,asia,taiwan_credit,178000.0,122200.0,LIQ-000946,Manual review,0.0,178000.0,0.3547047913014613,Very high,164050.0,164050.0,37823.058658453076,37823.058658453076,0.0,0.0,Reported delinquency | Manual review required,"{""automatic_increases_enabled"": true, ""within_maximum_increase"": true, ""within_account_exposure"": true, ""within_expected_loss_ceiling"": false, ""meets_profitability_hurdle"": false, ""payment_history_eligible"": false, ""not_overextended"": true}",credit_age_months | credit_lines | debt_to_income | income_inr
0,0.6525605766508044,,,,,asia,taiwan_credit,738000.0,481600.0,LIQ-000947,Increase 30%,0.3,959400.0,0.10742653511030126,Moderate,673900.0,839950.0,47056.582307040815,58651.3968078334,36675.18537179635,0.2208683250334017,No reported delinquency in the harmonized source fields | High utilization with low estimated risk,"{""automatic_increases_enabled"": true, ""within_maximum_increase"": true, ""within_account_exposure"": true, ""within_expected_loss_ceiling"": true, ""meets_profitability_hurdle"": true, ""payment_history_eligible"": true, ""not_overextended"": true}",credit_age_months | credit_lines | debt_to_income | income_inr
1,0.8761978120294063,,,,,asia,taiwan_credit,365000.0,319800.0,LIQ-000948,Manual review,0.0,365000.0,0.4022477196609251,Very high,353700.0,353700.0,92478.761988645,92478.761988645,0.0,0.0,Reported delinquency | Manual review required,"{""automatic_increases_enabled"": true, ""within_maximum_increase"": true, ""within_account_exposure"": true, ""within_expected_loss_ceiling"": false, ""meets_profitability_hurdle"": false, ""payment_history_eligible"": false, ""not_overextended"": true}",credit_age_months | credit_lines | debt_to_income | income_inr
0,0.28975287372400743,,,,,asia,taiwan_credit,1771000.0,513200.0,LIQ-000949,Increase 30%,0.3,2302300.0,0.06946640549037054,Moderate,1456550.0,1855025.0,65767.84039604949,83760.2472491035,17944.96595936318,0.04503410743299625,No reported delinquency in the harmonized source fields,"{""automatic_increases_enabled"": true, ""within_maximum_increase"": true, ""within_account_exposure"": true, ""within_expected_loss_ceiling"": true, ""meets_profitability_hurdle"": true, ""payment_history_eligible"": true, ""not_overextended"": true}",credit_age_months | credit_lines | debt_to_income | income_inr
0,0.3388340554050718,,,,,asia,taiwan_credit,276000.0,93500.0,LIQ-000950,No change,0.0,276000.0,0.06934387152945824,Moderate,230375.0,230375.0,10383.811362339315,10383.811362339315,0.0,0.0,No reported delinquency in the harmonized source fields | Exposure limit reached,"{""automatic_increases_enabled"": true, ""within_maximum_increase"": true, ""within_account_exposure"": true, ""within_expected_loss_ceiling"": true, ""meets_profitability_hurdle"": false, ""payment_history_eligible"": true, ""not_overextended"": true}",credit_age_months | credit_lines | debt_to_income | income_inr
0,0.35151477417501575,,,,,asia,taiwan_credit,1262000.0,443600.0,LIQ-000951,Increase 30%,0.3,1640600.0,0.06934387152945824,Moderate,1057400.0,1341350.0,47660.73634091195,60459.361349425235,22480.99158989315,0.0791723598869278,No reported delinquency in the harmonized source fields,"{""automatic_increases_enabled"": true, ""within_maximum_increase"": true, ""within_account_exposure"": true, ""within_expected_loss_ceiling"": true, ""meets_profitability_hurdle"": true, ""payment_history_eligible"": true, ""not_overextended"": true}",credit_age_months | credit_lines | debt_to_income | income_inr
0,0.8820690214618675,,,,,asia,taiwan_credit,316000.0,278700.0,LIQ-000952,Increase 30%,0.3,410800.0,0.14870689310652221,Moderate,306675.0,377775.0,29643.046188237757,36515.535253155685,22739.76649202253,0.3198279394095996,No reported delinquency in the harmonized source fields | High utilization with low estimated risk,"{""automatic_increases_enabled"": true, ""within_maximum_increase"": true, ""within_account_exposure"": true, ""within_expected_loss_ceiling"": true, ""meets_profitability_hurdle"": true, ""payment_history_eligible"": true, ""not_overextended"": true}",credit_age_months | credit_lines | debt_to_income | income_inr
0,0.8707442671780256,,,,,asia,taiwan_credit,834000.0,726200.0,LIQ-000953,Increase 30%,0.3,1084200.0,0.13861883877649436,Moderate,807050.0,994700.0,72717.01699247035,89624.70330513631,60363.09135374833,0.3216791439048672,No reported delinquency in the harmonized source fields | High utilization with low estimated risk,"{""automatic_increases_enabled"": true, ""within_maximum_increase"": true, ""within_account_exposure"": true, ""within_expected_loss_ceiling"": true, ""meets_profitability_hurdle"": true, ""payment_history_eligible"": true, ""not_overextended"": true}",credit_age_months | credit_lines | debt_to_income | income_inr
0,0.37247309640328213,,,,,asia,taiwan_credit,1054000.0,392600.0,LIQ-000954,Increase 30%,0.3,1370200.0,0.0774889191905499,Moderate,888650.0,1125800.0,44759.34322514341,56704.0663960687,20246.03475286877,0.08537227388938971,No reported delinquency in the harmonized source fields,"{""automatic_increases_enabled"": true, ""within_maximum_increase"": true, ""within_account_exposure"": true, ""within_expected_loss_ceiling"": true, ""meets_profitability_hurdle"": true, ""payment_history_eligible"": true, ""not_overextended"": true}",credit_age_months | credit_lines | debt_to_income | income_inr
1,0.5660858375556916,,,,,asia,taiwan_credit,180000.0,101900.0,LIQ-000955,Manual review,0.0,180000.0,0.325748538169878,Very high,160475.0,160475.0,33978.422830827265,33978.422830827265,0.0,0.0,Reported delinquency | Manual review required,"{""automatic_increases_enabled"": true, ""within_maximum_increase"": true, ""within_account_exposure"": true, ""within_expected_loss_ceiling"": false, ""meets_profitability_hurdle"": false, ""payment_history_eligible"": false, ""not_overextended"": true}",credit_age_months | credit_lines | debt_to_income | income_inr
0,0.19812455597306092,,,,,asia,taiwan_credit,255000.0,50500.0,LIQ-000956,No change,0.0,255000.0,0.07009471210831149,Moderate,203875.0,203875.0,9288.863630203305,9288.863630203305,0.0,0.0,No reported delinquency in the harmonized source fields | Low utilization provides no evidence of additional need | Incremental return below profitability hurdle,"{""automatic_increases_enabled"": true, ""within_maximum_increase"": true, ""within_account_exposure"": true, ""within_expected_loss_ceiling"": true, ""meets_profitability_hurdle"": false, ""payment_history_eligible"": true, ""not_overextended"": true}",credit_age_months | credit_lines | debt_to_income | income_inr
0,0.22767613248695978,,,,,asia,taiwan_credit,179000.0,40800.0,LIQ-000957,No change,0.0,179000.0,0.08026424038307127,Moderate,144450.0,144450.0,7536.21019016752,7536.21019016752,0.0,0.0,No reported delinquency in the harmonized source fields | Incremental return below profitability hurdle,"{""automatic_increases_enabled"": true, ""within_maximum_increase"": true, ""within_account_exposure"": true, ""within_expected_loss_ceiling"": true, ""meets_profitability_hurdle"": false, ""payment_history_eligible"": true, ""not_overextended"": true}",credit_age_months | credit_lines | debt_to_income | income_inr
0,0.37369135645793844,,,,,asia,taiwan_credit,157000.0,58700.0,LIQ-000958,No change,0.0,157000.0,0.0774889191905499,Moderate,132425.0,132425.0,6669.955580475571,6669.955580475571,0.0,0.0,No reported delinquency in the harmonized source fields | Exposure limit reached,"{""automatic_increases_enabled"": true, ""within_maximum_increase"": true, ""within_account_exposure"": true, ""within_expected_loss_ceiling"": true, ""meets_profitability_hurdle"": false, ""payment_history_eligible"": true, ""not_overextended"": true}",credit_age_months | credit_lines | debt_to_income | income_inr
0,0.8728078153881582,,,,,asia,taiwan_credit,540000.0,471300.0,LIQ-000959,Increase 30%,0.3,702000.0,0.1454557411793345,Moderate,522825.0,644325.0,49431.133623355614,60918.50078299356,38619.618161782244,0.31785693960314604,No reported delinquency in the harmonized source fields | High utilization with low estimated risk,"{""automatic_increases_enabled"": true, ""within_maximum_increase"": true, ""within_account_exposure"": true, ""within_expected_loss_ceiling"": true, ""meets_profitability_hurdle"": true, ""payment_history_eligible"": true, ""not_overextended"": true}",credit_age_months | credit_lines | debt_to_income | income_inr
2,0.747229305973999,,,,,asia,taiwan_credit,308000.0,230100.0,LIQ-000960,Freeze automatic increases,0.0,308000.0,0.39421193326802423,Very high,288525.0,288525.0,73930.99873000185,73930.99873000185,0.0,0.0,Repeated delinquency,"{""automatic_increases_enabled"": true, ""within_maximum_increase"": true, ""within_account_exposure"": true, ""within_expected_loss_ceiling"": false, ""meets_profitability_hurdle"": false, ""payment_history_eligible"": false, ""not_overextended"": true}",credit_age_months | credit_lines | debt_to_income | income_inr
0,0.3573624147315211,,,,,asia,taiwan_credit,362000.0,129400.0,LIQ-000961,No change,0.0,362000.0,0.07264242638855538,Moderate,303850.0,303850.0,14347.06081780566,14347.06081780566,0.0,0.0,No reported delinquency in the harmonized source fields | Exposure limit reached,"{""automatic_increases_enabled"": true, ""within_maximum_increase"": true, ""within_account_exposure"": true, ""within_expected_loss_ceiling"": true, ""meets_profitability_hurdle"": false, ""payment_history_eligible"": true, ""not_overextended"": true}",credit_age_months | credit_lines | debt_to_income | income_inr
0,0.4081177999273353,,,,,asia,taiwan_credit,502000.0,204900.0,LIQ-000962,No change,0.0,502000.0,0.08516958900453168,Moderate,427725.0,427725.0,23678.955597026157,23678.955597026157,0.0,0.0,No reported delinquency in the harmonized source fields | Exposure limit reached,"{""automatic_increases_enabled"": true, ""within_maximum_increase"": true, ""within_account_exposure"": true, ""within_expected_loss_ceiling"": true, ""meets_profitability_hurdle"": false, ""payment_history_eligible"": true, ""not_overextended"": true}",credit_age_months | credit_lines | debt_to_income | income_inr
0,0.2654028813592923,,,,,asia,taiwan_credit,105000.0,27900.0,LIQ-000963,No change,0.0,105000.0,0.06691580489446596,Moderate,85725.0,85725.0,3728.6322934757613,3728.6322934757613,0.0,0.0,No reported delinquency in the harmonized source fields | Exposure limit reached,"{""automatic_increases_enabled"": true, ""within_maximum_increase"": true, ""within_account_exposure"": true, ""within_expected_loss_ceiling"": true, ""meets_profitability_hurdle"": false, ""payment_history_eligible"": true, ""not_overextended"": true}",credit_age_months | credit_lines | debt_to_income | income_inr
0,0.39919628093350024,,,,,asia,taiwan_credit,808000.0,322600.0,LIQ-000964,Increase 30%,0.3,1050400.0,0.0808458283099629,Moderate,686650.0,868450.0,36083.312205873415,45636.86373726174,17775.409688196698,0.09777453073815566,No reported delinquency in the harmonized source fields,"{""automatic_increases_enabled"": true, ""within_maximum_increase"": true, ""within_account_exposure"": true, ""within_expected_loss_ceiling"": true, ""meets_profitability_hurdle"": true, ""payment_history_eligible"": true, ""not_overextended"": true}",credit_age_months | credit_lines | debt_to_income | income_inr
0,0.4605984689106067,,,,,asia,taiwan_credit,279000.0,128500.0,LIQ-000965,No change,0.0,279000.0,0.08451901176507008,Moderate,241375.0,241375.0,13260.504702115964,13260.504702115964,0.0,0.0,No reported delinquency in the harmonized source fields | Exposure limit reached,"{""automatic_increases_enabled"": true, ""within_maximum_increase"": true, ""within_account_exposure"": true, ""within_expected_loss_ceiling"": true, ""meets_profitability_hurdle"": false, ""payment_history_eligible"": true, ""not_overextended"": true}",credit_age_months | credit_lines | debt_to_income | income_inr
0,0.6590237275755375,,,,,asia,taiwan_credit,495000.0,326200.0,LIQ-000966,Increase 30%,0.3,643500.0,0.10689963846561308,Moderate,452800.0,564175.0,31462.701593199246,39201.56729536923,24977.161087827437,0.2242618279490679,No reported delinquency in the harmonized source fields | High utilization with low estimated risk,"{""automatic_increases_enabled"": true, ""within_maximum_increase"": true, ""within_account_exposure"": true, ""within_expected_loss_ceiling"": true, ""meets_profitability_hurdle"": true, ""payment_history_eligible"": true, ""not_overextended"": true}",credit_age_months | credit_lines | debt_to_income | income_inr
0,0.5257815533042577,,,,,asia,taiwan_credit,524000.0,275500.0,LIQ-000967,Increase 30%,0.3,681200.0,0.08962827602182603,Moderate,461875.0,579775.0,26908.088991927587,33776.751924860226,19065.396329674062,0.16170819618044158,No reported delinquency in the harmonized source fields,"{""automatic_increases_enabled"": true, ""within_maximum_increase"": true, ""within_account_exposure"": true, ""within_expected_loss_ceiling"": true, ""meets_profitability_hurdle"": true, ""payment_history_eligible"": true, ""not_overextended"": true}",credit_age_months | credit_lines | debt_to_income | income_inr
0,0.10287671645435684,,,,,asia,taiwan_credit,853000.0,87800.0,LIQ-000968,No change,0.0,853000.0,0.07642678897474287,Moderate,661700.0,661700.0,32871.544071981785,32871.544071981785,0.0,0.0,No reported delinquency in the harmonized source fields | Low utilization provides no evidence of additional need | Incremental return below profitability hurdle,"{""automatic_increases_enabled"": true, ""within_maximum_increase"": true, ""within_account_exposure"": true, ""within_expected_loss_ceiling"": true, ""meets_profitability_hurdle"": false, ""payment_history_eligible"": true, ""not_overextended"": true}",credit_age_months | credit_lines | debt_to_income | income_inr
0,0.27143302981902123,,,,,asia,taiwan_credit,327000.0,88800.0,LIQ-000969,No change,0.0,327000.0,0.06556805526914398,Moderate,267450.0,267450.0,11398.514648126164,11398.514648126164,0.0,0.0,No reported delinquency in the harmonized source fields | Exposure limit reached,"{""automatic_increases_enabled"": true, ""within_maximum_increase"": true, ""within_account_exposure"": true, ""within_expected_loss_ceiling"": true, ""meets_profitability_hurdle"": false, ""payment_history_eligible"": true, ""not_overextended"": true}",credit_age_months | credit_lines | debt_to_income | income_inr
0,0.8836704065098475,,,,,asia,taiwan_credit,88000.0,77800.0,LIQ-000970,No change,0.0,88000.0,0.13442645709287873,Moderate,85450.0,85450.0,7466.381493081217,7466.381493081217,0.0,0.0,No reported delinquency in the harmonized source fields | High utilization with low estimated risk | Exposure limit reached,"{""automatic_increases_enabled"": true, ""within_maximum_increase"": true, ""within_account_exposure"": true, ""within_expected_loss_ceiling"": true, ""meets_profitability_hurdle"": false, ""payment_history_eligible"": true, ""not_overextended"": true}",credit_age_months | credit_lines | debt_to_income | income_inr
0,0.6112988566606256,,,,,asia,taiwan_credit,363000.0,221900.0,LIQ-000971,No change,0.0,363000.0,0.0902504897232765,Moderate,327725.0,327725.0,19225.272133964514,19225.272133964514,0.0,0.0,No reported delinquency in the harmonized source fields | Exposure limit reached,"{""automatic_increases_enabled"": true, ""within_maximum_increase"": true, ""within_account_exposure"": true, ""within_expected_loss_ceiling"": true, ""meets_profitability_hurdle"": false, ""payment_history_eligible"": true, ""not_overextended"": true}",credit_age_months | credit_lines | debt_to_income | income_inr
1,0.5148315450144401,,,,,asia,taiwan_credit,399000.0,205400.0,LIQ-000972,Manual review,0.0,399000.0,0.30068856047646064,Very high,350600.0,350600.0,68523.91604698062,68523.91604698062,0.0,0.0,Reported delinquency | Manual review required,"{""automatic_increases_enabled"": true, ""within_maximum_increase"": true, ""within_account_exposure"": true, ""within_expected_loss_ceiling"": false, ""meets_profitability_hurdle"": false, ""payment_history_eligible"": false, ""not_overextended"": true}",credit_age_months | credit_lines | debt_to_income | income_inr
0,0.6859647368207371,,,,,asia,taiwan_credit,179000.0,122800.0,LIQ-000973,No change,0.0,179000.0,0.11258142348426615,Moderate,164950.0,164950.0,12070.698772424306,12070.698772424306,0.0,0.0,No reported delinquency in the harmonized source fields | High utilization with low estimated risk | Exposure limit reached,"{""automatic_increases_enabled"": true, ""within_maximum_increase"": true, ""within_account_exposure"": true, ""within_expected_loss_ceiling"": true, ""meets_profitability_hurdle"": false, ""payment_history_eligible"": true, ""not_overextended"": true}",credit_age_months | credit_lines | debt_to_income | income_inr
0,0.4208868050513907,,,,,asia,taiwan_credit,385000.0,162000.0,LIQ-000974,No change,0.0,385000.0,0.08516958900453168,Moderate,329250.0,329250.0,18227.356666832336,18227.356666832336,0.0,0.0,No reported delinquency in the harmonized source fields | Exposure limit reached,"{""automatic_increases_enabled"": true, ""within_maximum_increase"": true, ""within_account_exposure"": true, ""within_expected_loss_ceiling"": true, ""meets_profitability_hurdle"": false, ""payment_history_eligible"": true, ""not_overextended"": true}",credit_age_months | credit_lines | debt_to_income | income_inr
1,0.8509376406399936,,,,,asia,taiwan_credit,277000.0,235700.0,LIQ-000975,Manual review,0.0,277000.0,0.2977839485203479,High,266675.0,266675.0,51617.49740658146,51617.49740658146,0.0,0.0,Reported delinquency | Manual review required,"{""automatic_increases_enabled"": true, ""within_maximum_increase"": true, ""within_account_exposure"": true, ""within_expected_loss_ceiling"": false, ""meets_profitability_hurdle"": false, ""payment_history_eligible"": false, ""not_overextended"": true}",credit_age_months | credit_lines | debt_to_income | income_inr
2,0.644507910511534,,,,,asia,taiwan_credit,146000.0,94100.0,LIQ-000976,Freeze automatic increases,0.0,146000.0,0.427288897018333,Very high,133025.0,133025.0,36946.06859181144,36946.06859181144,0.0,0.0,Repeated delinquency,"{""automatic_increases_enabled"": true, ""within_maximum_increase"": true, ""within_account_exposure"": true, ""within_expected_loss_ceiling"": false, ""meets_profitability_hurdle"": false, ""payment_history_eligible"": false, ""not_overextended"": true}",credit_age_months | credit_lines | debt_to_income | income_inr
0,0.4357003102588662,,,,,asia,taiwan_credit,542000.0,236100.0,LIQ-000977,No change,0.0,542000.0,0.08516958900453168,Moderate,465525.0,465525.0,25771.572398867498,25771.572398867498,0.0,0.0,No reported delinquency in the harmonized source fields | Exposure limit reached,"{""automatic_increases_enabled"": true, ""within_maximum_increase"": true, ""within_account_exposure"": true, ""within_expected_loss_ceiling"": true, ""meets_profitability_hurdle"": false, ""payment_history_eligible"": true, ""not_overextended"": true}",credit_age_months | credit_lines | debt_to_income | income_inr
0,1.118000735739239,,,,,asia,taiwan_credit,243000.0,271700.0,LIQ-000978,Manual review,0.0,243000.0,0.19613037377187448,High,243000.0,243000.0,30978.792537267575,30978.792537267575,0.0,0.0,Customer-overextension safeguard | Manual review required,"{""automatic_increases_enabled"": true, ""within_maximum_increase"": true, ""within_account_exposure"": true, ""within_expected_loss_ceiling"": false, ""meets_profitability_hurdle"": false, ""payment_history_eligible"": true, ""not_overextended"": false}",credit_age_months | credit_lines | debt_to_income | income_inr
1,0.5626696225351544,,,,,asia,taiwan_credit,269000.0,151400.0,LIQ-000979,Manual review,0.0,269000.0,0.325748538169878,Very high,239600.0,239600.0,50732.0773345768,50732.0773345768,0.0,0.0,Reported delinquency | Manual review required,"{""automatic_increases_enabled"": true, ""within_maximum_increase"": true, ""within_account_exposure"": true, ""within_expected_loss_ceiling"": false, ""meets_profitability_hurdle"": false, ""payment_history_eligible"": false, ""not_overextended"": true}",credit_age_months | credit_lines | debt_to_income | income_inr
1,0.8885937126900144,,,,,asia,taiwan_credit,259000.0,230100.0,LIQ-000980,Manual review,0.0,259000.0,0.41984312501776916,Very high,251775.0,251775.0,68708.90182087675,68708.90182087675,0.0,0.0,Reported delinquency | Manual review required,"{""automatic_increases_enabled"": true, ""within_maximum_increase"": true, ""within_account_exposure"": true, ""within_expected_loss_ceiling"": false, ""meets_profitability_hurdle"": false, ""payment_history_eligible"": false, ""not_overextended"": true}",credit_age_months | credit_lines | debt_to_income | income_inr
0,0.8530708109752392,,,,,asia,taiwan_credit,781000.0,666200.0,LIQ-000981,Increase 30%,0.3,1015300.0,0.1248660570378491,Moderate,752300.0,928025.0,61058.87756122302,75321.23467865743,56364.70624514666,0.3207551927451795,No reported delinquency in the harmonized source fields | High utilization with low estimated risk,"{""automatic_increases_enabled"": true, ""within_maximum_increase"": true, ""within_account_exposure"": true, ""within_expected_loss_ceiling"": true, ""meets_profitability_hurdle"": true, ""payment_history_eligible"": true, ""not_overextended"": true}",credit_age_months | credit_lines | debt_to_income | income_inr
0,0.2997836601115388,,,,,asia,taiwan_credit,341000.0,102200.0,LIQ-000982,No change,0.0,341000.0,0.0704930385460487,Moderate,281300.0,281300.0,12889.299632952274,12889.299632952274,0.0,0.0,No reported delinquency in the harmonized source fields | Exposure limit reached,"{""automatic_increases_enabled"": true, ""within_maximum_increase"": true, ""within_account_exposure"": true, ""within_expected_loss_ceiling"": true, ""meets_profitability_hurdle"": false, ""payment_history_eligible"": true, ""not_overextended"": true}",credit_age_months | credit_lines | debt_to_income | income_inr
0,0.42222510407766234,,,,,asia,taiwan_credit,368000.0,155400.0,LIQ-000983,No change,0.0,368000.0,0.08516958900453168,Moderate,314850.0,314850.0,17430.16931374992,17430.16931374992,0.0,0.0,No reported delinquency in the harmonized source fields | Exposure limit reached,"{""automatic_increases_enabled"": true, ""within_maximum_increase"": true, ""within_account_exposure"": true, ""within_expected_loss_ceiling"": true, ""meets_profitability_hurdle"": false, ""payment_history_eligible"": true, ""not_overextended"": true}",credit_age_months | credit_lines | debt_to_income | income_inr
0,1.03523954092271,,,,,asia,taiwan_credit,263000.0,272300.0,LIQ-000984,No change,0.0,263000.0,0.18563980389219367,High,263000.0,263000.0,31735.124475370507,31735.124475370507,0.0,0.0,No reported delinquency in the harmonized source fields | Expected loss exceeds policy ceiling,"{""automatic_increases_enabled"": true, ""within_maximum_increase"": true, ""within_account_exposure"": true, ""within_expected_loss_ceiling"": false, ""meets_profitability_hurdle"": false, ""payment_history_eligible"": true, ""not_overextended"": true}",credit_age_months | credit_lines | debt_to_income | income_inr
0,0.466061387882377,,,,,asia,taiwan_credit,473000.0,220400.0,LIQ-000985,No change,0.0,473000.0,0.08451901176507008,Moderate,409850.0,409850.0,22516.076031744084,22516.076031744084,0.0,0.0,No reported delinquency in the harmonized source fields | Exposure limit reached,"{""automatic_increases_enabled"": true, ""within_maximum_increase"": true, ""within_account_exposure"": true, ""within_expected_loss_ceiling"": true, ""meets_profitability_hurdle"": false, ""payment_history_eligible"": true, ""not_overextended"": true}",credit_age_months | credit_lines | debt_to_income | income_inr
1,0.6278362669969548,,,,,asia,taiwan_credit,841000.0,528000.0,LIQ-000986,Manual review,0.0,841000.0,0.3376675416663338,Very high,762750.0,762750.0,167411.34631389746,167411.34631389746,0.0,0.0,Reported delinquency | Manual review required,"{""automatic_increases_enabled"": true, ""within_maximum_increase"": true, ""within_account_exposure"": true, ""within_expected_loss_ceiling"": false, ""meets_profitability_hurdle"": false, ""payment_history_eligible"": false, ""not_overextended"": true}",credit_age_months | credit_lines | debt_to_income | income_inr
0,0.40942037747727844,,,,,asia,taiwan_credit,533000.0,218200.0,LIQ-000987,No change,0.0,533000.0,0.08516958900453168,Moderate,454300.0,454300.0,25150.153785093185,25150.153785093185,0.0,0.0,No reported delinquency in the harmonized source fields | Exposure limit reached,"{""automatic_increases_enabled"": true, ""within_maximum_increase"": true, ""within_account_exposure"": true, ""within_expected_loss_ceiling"": true, ""meets_profitability_hurdle"": false, ""payment_history_eligible"": true, ""not_overextended"": true}",credit_age_months | credit_lines | debt_to_income | income_inr
0,0.7375311504313887,,,,,asia,taiwan_credit,547000.0,403400.0,LIQ-000988,Increase 30%,0.3,711100.0,0.10445677510176377,Moderate,511100.0,634175.0,34702.10754043245,43058.518977604675,33172.13929335962,0.26952784313109585,No reported delinquency in the harmonized source fields | High utilization with low estimated risk,"{""automatic_increases_enabled"": true, ""within_maximum_increase"": true, ""within_account_exposure"": true, ""within_expected_loss_ceiling"": true, ""meets_profitability_hurdle"": true, ""payment_history_eligible"": true, ""not_overextended"": true}",credit_age_months | credit_lines | debt_to_income | income_inr
0,0.4100260482992716,,,,,asia,taiwan_credit,519000.0,212800.0,LIQ-000989,No change,0.0,519000.0,0.08516958900453168,Moderate,442450.0,442450.0,24494.13502578578,24494.13502578578,0.0,0.0,No reported delinquency in the harmonized source fields | Exposure limit reached,"{""automatic_increases_enabled"": true, ""within_maximum_increase"": true, ""within_account_exposure"": true, ""within_expected_loss_ceiling"": true, ""meets_profitability_hurdle"": false, ""payment_history_eligible"": true, ""not_overextended"": true}",credit_age_months | credit_lines | debt_to_income | income_inr
1,0.872669125652646,,,,,asia,taiwan_credit,143000.0,124800.0,LIQ-000990,Manual review,0.0,143000.0,0.3660896907433095,Very high,138450.0,138450.0,32945.32649421728,32945.32649421728,0.0,0.0,Reported delinquency | Manual review required,"{""automatic_increases_enabled"": true, ""within_maximum_increase"": true, ""within_account_exposure"": true, ""within_expected_loss_ceiling"": false, ""meets_profitability_hurdle"": false, ""payment_history_eligible"": false, ""not_overextended"": true}",credit_age_months | credit_lines | debt_to_income | income_inr
1,0.6835342811435732,,,,,asia,taiwan_credit,198000.0,135300.0,LIQ-000991,Manual review,0.0,198000.0,0.3547047913014613,Very high,182325.0,182325.0,42036.50819812531,42036.50819812531,0.0,0.0,Reported delinquency | Manual review required,"{""automatic_increases_enabled"": true, ""within_maximum_increase"": true, ""within_account_exposure"": true, ""within_expected_loss_ceiling"": false, ""meets_profitability_hurdle"": false, ""payment_history_eligible"": false, ""not_overextended"": true}",credit_age_months | credit_lines | debt_to_income | income_inr
0,0.7337139137997749,,,,,asia,taiwan_credit,306000.0,224500.0,LIQ-000992,Increase 30%,0.3,397800.0,0.1017785605541567,Moderate,285625.0,354475.0,18895.825882882655,23450.67091408255,18451.83789265958,0.26800055036542597,No reported delinquency in the harmonized source fields | High utilization with low estimated risk,"{""automatic_increases_enabled"": true, ""within_maximum_increase"": true, ""within_account_exposure"": true, ""within_expected_loss_ceiling"": true, ""meets_profitability_hurdle"": true, ""payment_history_eligible"": true, ""not_overextended"": true}",credit_age_months | credit_lines | debt_to_income | income_inr
0,0.8598411341741317,,,,,asia,taiwan_credit,218000.0,187400.0,LIQ-000993,No change,0.0,218000.0,0.13710775366716862,Moderate,210350.0,210350.0,18746.4003895278,18746.4003895278,0.0,0.0,No reported delinquency in the harmonized source fields | High utilization with low estimated risk | Exposure limit reached,"{""automatic_increases_enabled"": true, ""within_maximum_increase"": true, ""within_account_exposure"": true, ""within_expected_loss_ceiling"": true, ""meets_profitability_hurdle"": false, ""payment_history_eligible"": true, ""not_overextended"": true}",credit_age_months | credit_lines | debt_to_income | income_inr
0,0.6307527489710597,,,,,asia,taiwan_credit,175000.0,110400.0,LIQ-000994,No change,0.0,175000.0,0.0987359063062026,Moderate,158850.0,158850.0,10194.729165881186,10194.729165881186,0.0,0.0,No reported delinquency in the harmonized source fields | Exposure limit reached,"{""automatic_increases_enabled"": true, ""within_maximum_increase"": true, ""within_account_exposure"": true, ""within_expected_loss_ceiling"": true, ""meets_profitability_hurdle"": false, ""payment_history_eligible"": true, ""not_overextended"": true}",credit_age_months | credit_lines | debt_to_income | income_inr
1,0.4905131874445009,,,,,asia,taiwan_credit,104000.0,51000.0,LIQ-000995,Manual review,0.0,104000.0,0.33390648123239525,Very high,90750.0,90750.0,19696.308561695914,19696.308561695914,0.0,0.0,Reported delinquency | Manual review required,"{""automatic_increases_enabled"": true, ""within_maximum_increase"": true, ""within_account_exposure"": true, ""within_expected_loss_ceiling"": false, ""meets_profitability_hurdle"": false, ""payment_history_eligible"": false, ""not_overextended"": true}",credit_age_months | credit_lines | debt_to_income | income_inr
0,0.22217507571379452,,,,,asia,taiwan_credit,146000.0,32400.0,LIQ-000996,No change,0.0,146000.0,0.07284597643924917,Moderate,117600.0,117600.0,5568.346439016207,5568.346439016207,0.0,0.0,No reported delinquency in the harmonized source fields | Incremental return below profitability hurdle,"{""automatic_increases_enabled"": true, ""within_maximum_increase"": true, ""within_account_exposure"": true, ""within_expected_loss_ceiling"": true, ""meets_profitability_hurdle"": false, ""payment_history_eligible"": true, ""not_overextended"": true}",credit_age_months | credit_lines | debt_to_income | income_inr
3,0.8622799580964492,,,,,asia,taiwan_credit,296000.0,255200.0,LIQ-000997,Freeze automatic increases,0.0,296000.0,0.508544194503722,Very high,285800.0,285800.0,94472.25501295643,94472.25501295643,0.0,0.0,Repeated delinquency,"{""automatic_increases_enabled"": true, ""within_maximum_increase"": true, ""within_account_exposure"": true, ""within_expected_loss_ceiling"": false, ""meets_profitability_hurdle"": false, ""payment_history_eligible"": false, ""not_overextended"": true}",credit_age_months | credit_lines | debt_to_income | income_inr
0,0.8871849069440113,,,,,asia,taiwan_credit,335000.0,297200.0,LIQ-000998,Increase 30%,0.3,435500.0,0.13134863297965527,Moderate,325550.0,400925.0,27794.355853242403,34229.61794028939,25182.08208583866,0.33409064127149135,No reported delinquency in the harmonized source fields | High utilization with low estimated risk,"{""automatic_increases_enabled"": true, ""within_maximum_increase"": true, ""within_account_exposure"": true, ""within_expected_loss_ceiling"": true, ""meets_profitability_hurdle"": true, ""payment_history_eligible"": true, ""not_overextended"": true}",credit_age_months | credit_lines | debt_to_income | income_inr
1,1.1048157468706277,,,,,asia,taiwan_credit,209000.0,230900.0,LIQ-000999,Manual review,0.0,209000.0,0.4105526974514963,Very high,209000.0,209000.0,55773.583948785774,55773.583948785774,0.0,0.0,Reported delinquency | Manual review required,"{""automatic_increases_enabled"": true, ""within_maximum_increase"": true, ""within_account_exposure"": true, ""within_expected_loss_ceiling"": false, ""meets_profitability_hurdle"": false, ""payment_history_eligible"": false, ""not_overextended"": false}",credit_age_months | credit_lines | debt_to_income | income_inr
0,0.7426905269142231,,,,,asia,taiwan_credit,368000.0,273300.0,LIQ-001000,Increase 30%,0.3,478400.0,0.10445677510176377,Moderate,344325.0,427125.0,23378.601406494625,29000.46504247155,22494.83997246218,0.2716768112616205,No reported delinquency in the harmonized source fields | High utilization with low estimated risk,"{""automatic_increases_enabled"": true, ""within_maximum_increase"": true, ""within_account_exposure"": true, ""within_expected_loss_ceiling"": true, ""meets_profitability_hurdle"": true, ""payment_history_eligible"": true, ""not_overextended"": true}",credit_age_months | credit_lines | debt_to_income | income_inr
1,0.3103007731510364,,,,,asia,taiwan_credit,264000.0,81900.0,LIQ-001001,Manual review,0.0,264000.0,0.31755145759146886,Very high,218475.0,218475.0,45095.085553242505,45095.085553242505,0.0,0.0,Reported delinquency | Manual review required,"{""automatic_increases_enabled"": true, ""within_maximum_increase"": true, ""within_account_exposure"": true, ""within_expected_loss_ceiling"": false, ""meets_profitability_hurdle"": false, ""payment_history_eligible"": false, ""not_overextended"": true}",credit_age_months | credit_lines | debt_to_income | income_inr
0,0.9953165657204593,,,,,asia,taiwan_credit,711000.0,707700.0,LIQ-001002,Increase 30%,0.3,924300.0,0.15898501254832945,High,710175.0,870150.0,73389.66783623141,89921.52563480377,60364.65775949438,0.37733807007028836,No reported delinquency in the harmonized source fields,"{""automatic_increases_enabled"": true, ""within_maximum_increase"": true, ""within_account_exposure"": true, ""within_expected_loss_ceiling"": true, ""meets_profitability_hurdle"": true, ""payment_history_eligible"": true, ""not_overextended"": true}",credit_age_months | credit_lines | debt_to_income | income_inr
1,0.4779512436426572,,,,,asia,taiwan_credit,315000.0,150600.0,LIQ-001003,Manual review,0.0,315000.0,0.33390648123239525,Very high,273900.0,273900.0,59447.04038620949,59447.04038620949,0.0,0.0,Reported delinquency | Manual review required,"{""automatic_increases_enabled"": true, ""within_maximum_increase"": true, ""within_account_exposure"": true, ""within_expected_loss_ceiling"": false, ""meets_profitability_hurdle"": false, ""payment_history_eligible"": false, ""not_overextended"": true}",credit_age_months | credit_lines | debt_to_income | income_inr
0,0.4261216341297,,,,,asia,taiwan_credit,550000.0,234400.0,LIQ-001004,No change,0.0,550000.0,0.08516958900453168,Moderate,471100.0,471100.0,26080.205697022673,26080.205697022673,0.0,0.0,No reported delinquency in the harmonized source fields | Exposure limit reached,"{""automatic_increases_enabled"": true, ""within_maximum_increase"": true, ""within_account_exposure"": true, ""within_expected_loss_ceiling"": true, ""meets_profitability_hurdle"": false, ""payment_history_eligible"": true, ""not_overextended"": true}",credit_age_months | credit_lines | debt_to_income | income_inr
0,0.7300390110927073,,,,,asia,taiwan_credit,399000.0,291300.0,LIQ-001005,Increase 30%,0.3,518700.0,0.1017785605541567,Moderate,372075.0,461850.0,24615.017646822103,30554.17832475923,23931.55075330089,0.26657255085826664,No reported delinquency in the harmonized source fields | High utilization with low estimated risk,"{""automatic_increases_enabled"": true, ""within_maximum_increase"": true, ""within_account_exposure"": true, ""within_expected_loss_ceiling"": true, ""meets_profitability_hurdle"": true, ""payment_history_eligible"": true, ""not_overextended"": true}",credit_age_months | credit_lines | debt_to_income | income_inr
0,0.36469623741529705,,,,,asia,taiwan_credit,141000.0,51400.0,LIQ-001006,No change,0.0,141000.0,0.0774889191905499,Moderate,118600.0,118600.0,5973.620780399492,5973.620780399492,0.0,0.0,No reported delinquency in the harmonized source fields | Exposure limit reached,"{""automatic_increases_enabled"": true, ""within_maximum_increase"": true, ""within_account_exposure"": true, ""within_expected_loss_ceiling"": true, ""meets_profitability_hurdle"": false, ""payment_history_eligible"": true, ""not_overextended"": true}",credit_age_months | credit_lines | debt_to_income | income_inr
0,0.7451332879635972,,,,,asia,taiwan_credit,330000.0,245900.0,LIQ-001007,Increase 30%,0.3,429000.0,0.10445677510176377,Moderate,308975.0,383225.0,20978.44585659385,26019.790964942724,20253.970584042243,0.27278074860662954,No reported delinquency in the harmonized source fields | High utilization with low estimated risk,"{""automatic_increases_enabled"": true, ""within_maximum_increase"": true, ""within_account_exposure"": true, ""within_expected_loss_ceiling"": true, ""meets_profitability_hurdle"": true, ""payment_history_eligible"": true, ""not_overextended"": true}",credit_age_months | credit_lines | debt_to_income | income_inr
1,0.4833442678533549,,,,,asia,taiwan_credit,157000.0,75900.0,LIQ-001008,Manual review,0.0,157000.0,0.33390648123239525,Very high,136725.0,136725.0,29674.686370224506,29674.686370224506,0.0,0.0,Reported delinquency | Manual review required,"{""automatic_increases_enabled"": true, ""within_maximum_increase"": true, ""within_account_exposure"": true, ""within_expected_loss_ceiling"": false, ""meets_profitability_hurdle"": false, ""payment_history_eligible"": false, ""not_overextended"": true}",credit_age_months | credit_lines | debt_to_income | income_inr
0,0.9313057949273387,,,,,asia,taiwan_credit,326000.0,303600.0,LIQ-001009,Increase 30%,0.3,423800.0,0.12820990373935923,Moderate,320400.0,393750.0,26700.99455275895,32813.722238292255,26444.545978577706,0.36052550754707163,No reported delinquency in the harmonized source fields | High utilization with low estimated risk,"{""automatic_increases_enabled"": true, ""within_maximum_increase"": true, ""within_account_exposure"": true, ""within_expected_loss_ceiling"": true, ""meets_profitability_hurdle"": true, ""payment_history_eligible"": true, ""not_overextended"": true}",credit_age_months | credit_lines | debt_to_income | income_inr
0,0.7779398066923066,,,,,asia,taiwan_credit,216000.0,168000.0,LIQ-001010,No change,0.0,216000.0,0.1255423460086906,Moderate,204000.0,204000.0,16646.915080752377,16646.915080752377,0.0,0.0,No reported delinquency in the harmonized source fields | High utilization with low estimated risk | Exposure limit reached,"{""automatic_increases_enabled"": true, ""within_maximum_increase"": true, ""within_account_exposure"": true, ""within_expected_loss_ceiling"": true, ""meets_profitability_hurdle"": false, ""payment_history_eligible"": true, ""not_overextended"": true}",credit_age_months | credit_lines | debt_to_income | income_inr
1,0.23691601898058032,,,,,asia,taiwan_credit,449000.0,106400.0,LIQ-001011,Manual review,0.0,449000.0,0.29443223335928176,High,363350.0,363350.0,69538.26879421176,69538.26879421176,0.0,0.0,Reported delinquency | Manual review required,"{""automatic_increases_enabled"": true, ""within_maximum_increase"": true, ""within_account_exposure"": true, ""within_expected_loss_ceiling"": false, ""meets_profitability_hurdle"": false, ""payment_history_eligible"": false, ""not_overextended"": true}",credit_age_months | credit_lines | debt_to_income | income_inr
0,0.8392541707156586,,,,,asia,taiwan_credit,146000.0,122500.0,LIQ-001012,No change,0.0,146000.0,0.1270419994521549,Moderate,140125.0,140125.0,11571.144112601585,11571.144112601585,0.0,0.0,No reported delinquency in the harmonized source fields | High utilization with low estimated risk | Exposure limit reached,"{""automatic_increases_enabled"": true, ""within_maximum_increase"": true, ""within_account_exposure"": true, ""within_expected_loss_ceiling"": true, ""meets_profitability_hurdle"": false, ""payment_history_eligible"": true, ""not_overextended"": true}",credit_age_months | credit_lines | debt_to_income | income_inr
0,0.49012171403798394,,,,,asia,taiwan_credit,353000.0,173000.0,LIQ-001013,No change,0.0,353000.0,0.09380052946279228,Moderate,308000.0,308000.0,18778.865998451016,18778.865998451016,0.0,0.0,No reported delinquency in the harmonized source fields | Exposure limit reached,"{""automatic_increases_enabled"": true, ""within_maximum_increase"": true, ""within_account_exposure"": true, ""within_expected_loss_ceiling"": true, ""meets_profitability_hurdle"": false, ""payment_history_eligible"": true, ""not_overextended"": true}",credit_age_months | credit_lines | debt_to_income | income_inr
0,1.1635263496943191,,,,,asia,taiwan_credit,508000.0,591100.0,LIQ-001014,Manual review,0.0,508000.0,0.19613037377187448,High,508000.0,508000.0,64762.24941947295,64762.24941947295,0.0,0.0,Customer-overextension safeguard | Manual review required,"{""automatic_increases_enabled"": true, ""within_maximum_increase"": true, ""within_account_exposure"": true, ""within_expected_loss_ceiling"": false, ""meets_profitability_hurdle"": false, ""payment_history_eligible"": true, ""not_overextended"": false}",credit_age_months | credit_lines | debt_to_income | income_inr
0,0.4918963145717375,,,,,asia,taiwan_credit,631000.0,310400.0,LIQ-001015,Increase 30%,0.3,820300.0,0.09380052946279228,Moderate,550850.0,692825.0,33585.514075476436,42241.778686288395,19943.106691665198,0.1404691438046501,No reported delinquency in the harmonized source fields,"{""automatic_increases_enabled"": true, ""within_maximum_increase"": true, ""within_account_exposure"": true, ""within_expected_loss_ceiling"": true, ""meets_profitability_hurdle"": true, ""payment_history_eligible"": true, ""not_overextended"": true}",credit_age_months | credit_lines | debt_to_income | income_inr
0,0.759185328361261,,,,,asia,taiwan_credit,213000.0,161700.0,LIQ-001016,No change,0.0,213000.0,0.10445677510176377,Moderate,200175.0,200175.0,13591.262721397115,13591.262721397115,0.0,0.0,No reported delinquency in the harmonized source fields | High utilization with low estimated risk | Exposure limit reached,"{""automatic_increases_enabled"": true, ""within_maximum_increase"": true, ""within_account_exposure"": true, ""within_expected_loss_ceiling"": true, ""meets_profitability_hurdle"": false, ""payment_history_eligible"": true, ""not_overextended"": true}",credit_age_months | credit_lines | debt_to_income | income_inr
0,0.5238751671181536,,,,,asia,taiwan_credit,354000.0,185500.0,LIQ-001017,No change,0.0,354000.0,0.08962827602182603,Moderate,311875.0,311875.0,18169.332079799548,18169.332079799548,0.0,0.0,No reported delinquency in the harmonized source fields | Exposure limit reached,"{""automatic_increases_enabled"": true, ""within_maximum_increase"": true, ""within_account_exposure"": true, ""within_expected_loss_ceiling"": true, ""meets_profitability_hurdle"": false, ""payment_history_eligible"": true, ""not_overextended"": true}",credit_age_months | credit_lines | debt_to_income | income_inr
0,0.5336766391525308,,,,,asia,taiwan_credit,395000.0,210800.0,LIQ-001018,No change,0.0,395000.0,0.08962827602182603,Moderate,348950.0,348950.0,20329.26149658053,20329.26149658053,0.0,0.0,No reported delinquency in the harmonized source fields | Exposure limit reached,"{""automatic_increases_enabled"": true, ""within_maximum_increase"": true, ""within_account_exposure"": true, ""within_expected_loss_ceiling"": true, ""meets_profitability_hurdle"": false, ""payment_history_eligible"": true, ""not_overextended"": true}",credit_age_months | credit_lines | debt_to_income | income_inr
0,0.5218686179110251,,,,,asia,taiwan_credit,957000.0,499400.0,LIQ-001019,Increase 30%,0.3,1244100.0,0.08962827602182603,Moderate,842600.0,1057925.0,49088.51049439391,61632.99604175371,34501.446520737954,0.1602296366921535,No reported delinquency in the harmonized source fields,"{""automatic_increases_enabled"": true, ""within_maximum_increase"": true, ""within_account_exposure"": true, ""within_expected_loss_ceiling"": true, ""meets_profitability_hurdle"": true, ""payment_history_eligible"": true, ""not_overextended"": true}",credit_age_months | credit_lines | debt_to_income | income_inr
0,0.9578321487694643,,,,,asia,taiwan_credit,134000.0,128300.0,LIQ-001020,No change,0.0,134000.0,0.15051563233078205,High,132575.0,132575.0,12970.49647156473,12970.49647156473,0.0,0.0,No reported delinquency in the harmonized source fields | Exposure limit reached,"{""automatic_increases_enabled"": true, ""within_maximum_increase"": true, ""within_account_exposure"": true, ""within_expected_loss_ceiling"": true, ""meets_profitability_hurdle"": false, ""payment_history_eligible"": true, ""not_overextended"": true}",credit_age_months | credit_lines | debt_to_income | income_inr
0,0.5079866269757577,,,,,asia,taiwan_credit,194000.0,98500.0,LIQ-001021,No change,0.0,194000.0,0.08234712963836745,Moderate,170125.0,170125.0,9106.048529322721,9106.048529322721,0.0,0.0,No reported delinquency in the harmonized source fields | Exposure limit reached,"{""automatic_increases_enabled"": true, ""within_maximum_increase"": true, ""within_account_exposure"": true, ""within_expected_loss_ceiling"": true, ""meets_profitability_hurdle"": false, ""payment_history_eligible"": true, ""not_overextended"": true}",credit_age_months | credit_lines | debt_to_income | income_inr
0,0.3480941219995974,,,,,asia,taiwan_credit,2166000.0,754000.0,LIQ-001022,Increase 30%,0.3,2815800.0,0.06934387152945824,Moderate,1813000.0,2300350.0,81718.28540389007,103684.86366731304,37789.37258222273,0.07754052032876316,No reported delinquency in the harmonized source fields,"{""automatic_increases_enabled"": true, ""within_maximum_increase"": true, ""within_account_exposure"": true, ""within_expected_loss_ceiling"": true, ""meets_profitability_hurdle"": true, ""payment_history_eligible"": true, ""not_overextended"": true}",credit_age_months | credit_lines | debt_to_income | income_inr
0,0.8043724842551051,,,,,asia,taiwan_credit,293000.0,235700.0,LIQ-001023,Increase 30%,0.3,380900.0,0.13399787456498716,Moderate,278675.0,344600.0,24272.207501358567,30014.183923811474,18862.138717539765,0.28611511137716744,No reported delinquency in the harmonized source fields | High utilization with low estimated risk,"{""automatic_increases_enabled"": true, ""within_maximum_increase"": true, ""within_account_exposure"": true, ""within_expected_loss_ceiling"": true, ""meets_profitability_hurdle"": true, ""payment_history_eligible"": true, ""not_overextended"": true}",credit_age_months | credit_lines | debt_to_income | income_inr
0,0.4380276109444118,,,,,asia,taiwan_credit,102000.0,44700.0,LIQ-001024,No change,0.0,102000.0,0.08516958900453168,Moderate,87675.0,87675.0,4853.708415382005,4853.708415382005,0.0,0.0,No reported delinquency in the harmonized source fields | Exposure limit reached,"{""automatic_increases_enabled"": true, ""within_maximum_increase"": true, ""within_account_exposure"": true, ""within_expected_loss_ceiling"": true, ""meets_profitability_hurdle"": false, ""payment_history_eligible"": true, ""not_overextended"": true}",credit_age_months | credit_lines | debt_to_income | income_inr
0,0.9198506156696324,,,,,asia,taiwan_credit,240000.0,220800.0,LIQ-001025,Increase 30%,0.3,312000.0,0.13789137581648095,Moderate,235200.0,289200.0,21080.833534823607,25920.82082598209,18738.1325005127,0.34700245371319816,No reported delinquency in the harmonized source fields | High utilization with low estimated risk,"{""automatic_increases_enabled"": true, ""within_maximum_increase"": true, ""within_account_exposure"": true, ""within_expected_loss_ceiling"": true, ""meets_profitability_hurdle"": true, ""payment_history_eligible"": true, ""not_overextended"": true}",credit_age_months | credit_lines | debt_to_income | income_inr
0,0.7573384204383654,,,,,asia,taiwan_credit,58000.0,43900.0,LIQ-001026,No change,0.0,58000.0,0.10445677510176377,Moderate,54475.0,54475.0,3698.683835384578,3698.683835384578,0.0,0.0,No reported delinquency in the harmonized source fields | High utilization with low estimated risk | Exposure limit reached,"{""automatic_increases_enabled"": true, ""within_maximum_increase"": true, ""within_account_exposure"": true, ""within_expected_loss_ceiling"": true, ""meets_profitability_hurdle"": false, ""payment_history_eligible"": true, ""not_overextended"": true}",credit_age_months | credit_lines | debt_to_income | income_inr
1,0.7222391723447649,,,,,asia,taiwan_credit,409000.0,295400.0,LIQ-001027,Manual review,0.0,409000.0,0.3268105007354777,Very high,380600.0,380600.0,80849.64977694982,80849.64977694982,0.0,0.0,Reported delinquency | Manual review required,"{""automatic_increases_enabled"": true, ""within_maximum_increase"": true, ""within_account_exposure"": true, ""within_expected_loss_ceiling"": false, ""meets_profitability_hurdle"": false, ""payment_history_eligible"": false, ""not_overextended"": true}",credit_age_months | credit_lines | debt_to_income | income_inr
2,0.780206849567705,,,,,asia,taiwan_credit,592000.0,461900.0,LIQ-001028,Freeze automatic increases,0.0,592000.0,0.39255274081770786,Very high,559475.0,559475.0,142755.23903484162,142755.23903484162,0.0,0.0,Repeated delinquency,"{""automatic_increases_enabled"": true, ""within_maximum_increase"": true, ""within_account_exposure"": true, ""within_expected_loss_ceiling"": false, ""meets_profitability_hurdle"": false, ""payment_history_eligible"": false, ""not_overextended"": true}",credit_age_months | credit_lines | debt_to_income | income_inr
0,0.98574870926464,,,,,asia,taiwan_credit,194000.0,191200.0,LIQ-001029,No change,0.0,194000.0,0.14905379197169308,Moderate,193300.0,193300.0,18727.86369228338,18727.86369228338,0.0,0.0,No reported delinquency in the harmonized source fields | High utilization with low estimated risk | Exposure limit reached,"{""automatic_increases_enabled"": true, ""within_maximum_increase"": true, ""within_account_exposure"": true, ""within_expected_loss_ceiling"": true, ""meets_profitability_hurdle"": false, ""payment_history_eligible"": true, ""not_overextended"": true}",credit_age_months | credit_lines | debt_to_income | income_inr
1,0.6797853064046718,,,,,asia,taiwan_credit,258000.0,175400.0,LIQ-001030,Manual review,0.0,258000.0,0.3547047913014613,Very high,237350.0,237350.0,54722.9684400112,54722.9684400112,0.0,0.0,Reported delinquency | Manual review required,"{""automatic_increases_enabled"": true, ""within_maximum_increase"": true, ""within_account_exposure"": true, ""within_expected_loss_ceiling"": false, ""meets_profitability_hurdle"": false, ""payment_history_eligible"": false, ""not_overextended"": true}",credit_age_months | credit_lines | debt_to_income | income_inr
0,0.484300910351243,,,,,asia,taiwan_credit,638000.0,309000.0,LIQ-001031,Increase 30%,0.3,829400.0,0.10071971691843155,Moderate,555750.0,699300.0,36383.73874032192,45781.64372668847,18916.25677913602,0.13177469020645086,No reported delinquency in the harmonized source fields,"{""automatic_increases_enabled"": true, ""within_maximum_increase"": true, ""within_account_exposure"": true, ""within_expected_loss_ceiling"": true, ""meets_profitability_hurdle"": true, ""payment_history_eligible"": true, ""not_overextended"": true}",credit_age_months | credit_lines | debt_to_income | income_inr
0,0.9434878678791476,,,,,asia,taiwan_credit,112000.0,105700.0,LIQ-001032,No change,0.0,112000.0,0.14209487564002465,Moderate,110425.0,110425.0,10199.03731765732,10199.03731765732,0.0,0.0,No reported delinquency in the harmonized source fields | High utilization with low estimated risk | Exposure limit reached,"{""automatic_increases_enabled"": true, ""within_maximum_increase"": true, ""within_account_exposure"": true, ""within_expected_loss_ceiling"": true, ""meets_profitability_hurdle"": false, ""payment_history_eligible"": true, ""not_overextended"": true}",credit_age_months | credit_lines | debt_to_income | income_inr
0,0.7686969858795624,,,,,asia,taiwan_credit,148000.0,113800.0,LIQ-001033,No change,0.0,148000.0,0.11662428135438939,Moderate,139450.0,139450.0,10571.116422665242,10571.116422665242,0.0,0.0,No reported delinquency in the harmonized source fields | High utilization with low estimated risk | Exposure limit reached,"{""automatic_increases_enabled"": true, ""within_maximum_increase"": true, ""within_account_exposure"": true, ""within_expected_loss_ceiling"": true, ""meets_profitability_hurdle"": false, ""payment_history_eligible"": true, ""not_overextended"": true}",credit_age_months | credit_lines | debt_to_income | income_inr
0,0.6961454484775058,,,,,asia,taiwan_credit,302000.0,210200.0,LIQ-001034,No change,0.0,302000.0,0.11258142348426615,Moderate,279050.0,279050.0,20420.300045134907,20420.300045134907,0.0,0.0,No reported delinquency in the harmonized source fields | High utilization with low estimated risk | Exposure limit reached,"{""automatic_increases_enabled"": true, ""within_maximum_increase"": true, ""within_account_exposure"": true, ""within_expected_loss_ceiling"": true, ""meets_profitability_hurdle"": false, ""payment_history_eligible"": true, ""not_overextended"": true}",credit_age_months | credit_lines | debt_to_income | income_inr
2,0.21744316575530984,,,,,asia,taiwan_credit,215000.0,46800.0,LIQ-001035,Freeze automatic increases,0.0,215000.0,0.3495416077855161,Very high,172950.0,172950.0,39294.59369322825,39294.59369322825,0.0,0.0,Repeated delinquency,"{""automatic_increases_enabled"": true, ""within_maximum_increase"": true, ""within_account_exposure"": true, ""within_expected_loss_ceiling"": false, ""meets_profitability_hurdle"": false, ""payment_history_eligible"": false, ""not_overextended"": true}",credit_age_months | credit_lines | debt_to_income | income_inr
1,0.7761937953061342,,,,,asia,taiwan_credit,289000.0,224300.0,LIQ-001036,Manual review,0.0,289000.0,0.32199672053046346,Very high,272825.0,272825.0,57101.69093117041,57101.69093117041,0.0,0.0,Reported delinquency | Manual review required,"{""automatic_increases_enabled"": true, ""within_maximum_increase"": true, ""within_account_exposure"": true, ""within_expected_loss_ceiling"": false, ""meets_profitability_hurdle"": false, ""payment_history_eligible"": false, ""not_overextended"": true}",credit_age_months | credit_lines | debt_to_income | income_inr
1,0.554361614565016,,,,,asia,taiwan_credit,154000.0,85400.0,LIQ-001037,Manual review,0.0,154000.0,0.325748538169878,Very high,136850.0,136850.0,28976.146841556074,28976.146841556074,0.0,0.0,Reported delinquency | Manual review required,"{""automatic_increases_enabled"": true, ""within_maximum_increase"": true, ""within_account_exposure"": true, ""within_expected_loss_ceiling"": false, ""meets_profitability_hurdle"": false, ""payment_history_eligible"": false, ""not_overextended"": true}",credit_age_months | credit_lines | debt_to_income | income_inr
2,0.09751734715308413,,,,,asia,taiwan_credit,402000.0,39200.0,LIQ-001038,Freeze automatic increases,0.0,402000.0,0.3178585741823894,Very high,311300.0,311300.0,64317.09319293558,64317.09319293558,0.0,0.0,Repeated delinquency,"{""automatic_increases_enabled"": true, ""within_maximum_increase"": true, ""within_account_exposure"": true, ""within_expected_loss_ceiling"": false, ""meets_profitability_hurdle"": false, ""payment_history_eligible"": false, ""not_overextended"": true}",credit_age_months | credit_lines | debt_to_income | income_inr
0,0.0486313959212287,,,,,asia,taiwan_credit,318000.0,15500.0,LIQ-001039,No change,0.0,318000.0,0.12098708676024088,Moderate,242375.0,242375.0,19060.7593497837,19060.7593497837,0.0,0.0,No reported delinquency in the harmonized source fields | Low utilization provides no evidence of additional need | Incremental return below profitability hurdle,"{""automatic_increases_enabled"": true, ""within_maximum_increase"": true, ""within_account_exposure"": true, ""within_expected_loss_ceiling"": true, ""meets_profitability_hurdle"": false, ""payment_history_eligible"": true, ""not_overextended"": true}",credit_age_months | credit_lines | debt_to_income | income_inr
1,0.4155460750784831,,,,,asia,taiwan_credit,500000.0,207800.0,LIQ-001040,Manual review,0.0,500000.0,0.32216460564488014,Very high,426950.0,426950.0,89406.31594705302,89406.31594705302,0.0,0.0,Reported delinquency | Manual review required,"{""automatic_increases_enabled"": true, ""within_maximum_increase"": true, ""within_account_exposure"": true, ""within_expected_loss_ceiling"": false, ""meets_profitability_hurdle"": false, ""payment_history_eligible"": false, ""not_overextended"": true}",credit_age_months | credit_lines | debt_to_income | income_inr
0,0.10806987160628709,,,,,asia,taiwan_credit,399000.0,43100.0,LIQ-001041,No change,0.0,399000.0,0.07309756732665466,Moderate,310025.0,310025.0,14730.347651789973,14730.347651789973,0.0,0.0,No reported delinquency in the harmonized source fields | Low utilization provides no evidence of additional need | Incremental return below profitability hurdle,"{""automatic_increases_enabled"": true, ""within_maximum_increase"": true, ""within_account_exposure"": true, ""within_expected_loss_ceiling"": true, ""meets_profitability_hurdle"": false, ""payment_history_eligible"": true, ""not_overextended"": true}",credit_age_months | credit_lines | debt_to_income | income_inr
1,0.6097675046124469,,,,,asia,taiwan_credit,400000.0,243900.0,LIQ-001042,Manual review,0.0,400000.0,0.32124426954279334,Very high,360975.0,360975.0,75374.7476288364,75374.7476288364,0.0,0.0,Reported delinquency | Manual review required,"{""automatic_increases_enabled"": true, ""within_maximum_increase"": true, ""within_account_exposure"": true, ""within_expected_loss_ceiling"": false, ""meets_profitability_hurdle"": false, ""payment_history_eligible"": false, ""not_overextended"": true}",credit_age_months | credit_lines | debt_to_income | income_inr
0,0.24055340299093006,,,,,asia,taiwan_credit,137000.0,33000.0,LIQ-001043,No change,0.0,137000.0,0.0735944858898624,Moderate,111000.0,111000.0,5309.842156953571,5309.842156953571,0.0,0.0,No reported delinquency in the harmonized source fields | Incremental return below profitability hurdle,"{""automatic_increases_enabled"": true, ""within_maximum_increase"": true, ""within_account_exposure"": true, ""within_expected_loss_ceiling"": true, ""meets_profitability_hurdle"": false, ""payment_history_eligible"": true, ""not_overextended"": true}",credit_age_months | credit_lines | debt_to_income | income_inr
0,0.4643827646598231,,,,,asia,taiwan_credit,482000.0,223800.0,LIQ-001044,No change,0.0,482000.0,0.08451901176507008,Moderate,417450.0,417450.0,22933.59994986353,22933.59994986353,0.0,0.0,No reported delinquency in the harmonized source fields | Exposure limit reached,"{""automatic_increases_enabled"": true, ""within_maximum_increase"": true, ""within_account_exposure"": true, ""within_expected_loss_ceiling"": true, ""meets_profitability_hurdle"": false, ""payment_history_eligible"": true, ""not_overextended"": true}",credit_age_months | credit_lines | debt_to_income | income_inr
0,0.541270983407387,,,,,asia,taiwan_credit,282000.0,152600.0,LIQ-001045,No change,0.0,282000.0,0.09412664759454485,Moderate,249650.0,249650.0,15274.16642178578,15274.16642178578,0.0,0.0,No reported delinquency in the harmonized source fields | Exposure limit reached,"{""automatic_increases_enabled"": true, ""within_maximum_increase"": true, ""within_account_exposure"": true, ""within_expected_loss_ceiling"": true, ""meets_profitability_hurdle"": false, ""payment_history_eligible"": true, ""not_overextended"": true}",credit_age_months | credit_lines | debt_to_income | income_inr
1,0.29099148462085983,,,,,asia,taiwan_credit,314000.0,91400.0,LIQ-001046,Manual review,0.0,314000.0,0.2912321358270735,High,258350.0,258350.0,48905.88448910089,48905.88448910089,0.0,0.0,Reported delinquency | Manual review required,"{""automatic_increases_enabled"": true, ""within_maximum_increase"": true, ""within_account_exposure"": true, ""within_expected_loss_ceiling"": false, ""meets_profitability_hurdle"": false, ""payment_history_eligible"": false, ""not_overextended"": true}",credit_age_months | credit_lines | debt_to_income | income_inr
0,0.5033310784808015,,,,,asia,taiwan_credit,692000.0,348300.0,LIQ-001047,Increase 30%,0.3,899600.0,0.08234712963836745,Moderate,606075.0,761775.0,32440.54878712281,40774.49004217379,24034.637705898087,0.15436504628065567,No reported delinquency in the harmonized source fields,"{""automatic_increases_enabled"": true, ""within_maximum_increase"": true, ""within_account_exposure"": true, ""within_expected_loss_ceiling"": true, ""meets_profitability_hurdle"": true, ""payment_history_eligible"": true, ""not_overextended"": true}",credit_age_months | credit_lines | debt_to_income | income_inr
0,0.4812482254979785,,,,,asia,taiwan_credit,219000.0,105400.0,LIQ-001048,No change,0.0,219000.0,0.10071971691843155,Moderate,190600.0,190600.0,12478.165729024486,12478.165729024486,0.0,0.0,No reported delinquency in the harmonized source fields | Exposure limit reached,"{""automatic_increases_enabled"": true, ""within_maximum_increase"": true, ""within_account_exposure"": true, ""within_expected_loss_ceiling"": true, ""meets_profitability_hurdle"": false, ""payment_history_eligible"": true, ""not_overextended"": true}",credit_age_months | credit_lines | debt_to_income | income_inr
1,0.8493594675392405,,,,,asia,taiwan_credit,842000.0,715200.0,LIQ-001049,Manual review,0.0,842000.0,0.2977839485203479,High,810300.0,810300.0,156841.31676592465,156841.31676592465,0.0,0.0,Reported delinquency | Manual review required,"{""automatic_increases_enabled"": true, ""within_maximum_increase"": true, ""within_account_exposure"": true, ""within_expected_loss_ceiling"": false, ""meets_profitability_hurdle"": false, ""payment_history_eligible"": false, ""not_overextended"": true}",credit_age_months | credit_lines | debt_to_income | income_inr
1,1.0113009527624583,,,,,asia,taiwan_credit,895000.0,905100.0,LIQ-001050,Manual review,0.0,895000.0,0.39779070914135256,Very high,895000.0,895000.0,231414.74504298184,231414.74504298184,0.0,0.0,Reported delinquency | Manual review required,"{""automatic_increases_enabled"": true, ""within_maximum_increase"": true, ""within_account_exposure"": true, ""within_expected_loss_ceiling"": false, ""meets_profitability_hurdle"": false, ""payment_history_eligible"": false, ""not_overextended"": true}",credit_age_months | credit_lines | debt_to_income | income_inr
2,0.912817631598,,,,,asia,taiwan_credit,571000.0,521200.0,LIQ-001051,Freeze automatic increases,0.0,571000.0,0.4179907021978615,Very high,558550.0,558550.0,151754.6593632001,151754.6593632001,0.0,0.0,Repeated delinquency,"{""automatic_increases_enabled"": true, ""within_maximum_increase"": true, ""within_account_exposure"": true, ""within_expected_loss_ceiling"": false, ""meets_profitability_hurdle"": false, ""payment_history_eligible"": false, ""not_overextended"": true}",credit_age_months | credit_lines | debt_to_income | income_inr
1,0.29705397823144547,,,,,asia,taiwan_credit,185000.0,55000.0,LIQ-001052,Manual review,0.0,185000.0,0.2967843555937329,High,152500.0,152500.0,29418.749248228774,29418.749248228774,0.0,0.0,Reported delinquency | Manual review required,"{""automatic_increases_enabled"": true, ""within_maximum_increase"": true, ""within_account_exposure"": true, ""within_expected_loss_ceiling"": false, ""meets_profitability_hurdle"": false, ""payment_history_eligible"": false, ""not_overextended"": true}",credit_age_months | credit_lines | debt_to_income | income_inr
1,0.86962034108637,,,,,asia,taiwan_credit,85000.0,73900.0,LIQ-001053,Manual review,0.0,85000.0,0.32483028562514227,Very high,82225.0,82225.0,17360.96065309276,17360.96065309276,0.0,0.0,Reported delinquency | Manual review required,"{""automatic_increases_enabled"": true, ""within_maximum_increase"": true, ""within_account_exposure"": true, ""within_expected_loss_ceiling"": false, ""meets_profitability_hurdle"": false, ""payment_history_eligible"": false, ""not_overextended"": true}",credit_age_months | credit_lines | debt_to_income | income_inr
0,0.9156234256262124,,,,,asia,taiwan_credit,706000.0,646400.0,LIQ-001054,Increase 30%,0.3,917800.0,0.13789137581648095,Moderate,691100.0,849950.0,61942.874387400494,76180.50366889169,55098.5661940141,0.34685908841053886,No reported delinquency in the harmonized source fields | High utilization with low estimated risk,"{""automatic_increases_enabled"": true, ""within_maximum_increase"": true, ""within_account_exposure"": true, ""within_expected_loss_ceiling"": true, ""meets_profitability_hurdle"": true, ""payment_history_eligible"": true, ""not_overextended"": true}",credit_age_months | credit_lines | debt_to_income | income_inr
2,0.1238932744840786,,,,,asia,taiwan_credit,376000.0,46600.0,LIQ-001055,Freeze automatic increases,0.0,376000.0,0.32352469609370754,Very high,293650.0,293650.0,61751.96755514619,61751.96755514619,0.0,0.0,Repeated delinquency,"{""automatic_increases_enabled"": true, ""within_maximum_increase"": true, ""within_account_exposure"": true, ""within_expected_loss_ceiling"": false, ""meets_profitability_hurdle"": false, ""payment_history_eligible"": false, ""not_overextended"": true}",credit_age_months | credit_lines | debt_to_income | income_inr
0,0.48060167939491233,,,,,asia,taiwan_credit,216000.0,103800.0,LIQ-001056,No change,0.0,216000.0,0.10071971691843155,Moderate,187950.0,187950.0,12304.676016632488,12304.676016632488,0.0,0.0,No reported delinquency in the harmonized source fields | Exposure limit reached,"{""automatic_increases_enabled"": true, ""within_maximum_increase"": true, ""within_account_exposure"": true, ""within_expected_loss_ceiling"": true, ""meets_profitability_hurdle"": false, ""payment_history_eligible"": true, ""not_overextended"": true}",credit_age_months | credit_lines | debt_to_income | income_inr
0,0.8081451873801135,,,,,asia,taiwan_credit,751000.0,606900.0,LIQ-001057,Increase 30%,0.3,976300.0,0.13399787456498716,Moderate,714975.0,883950.0,62273.3347386161,76990.82379411826,48981.091980518155,0.28987182707807757,No reported delinquency in the harmonized source fields | High utilization with low estimated risk,"{""automatic_increases_enabled"": true, ""within_maximum_increase"": true, ""within_account_exposure"": true, ""within_expected_loss_ceiling"": true, ""meets_profitability_hurdle"": true, ""payment_history_eligible"": true, ""not_overextended"": true}",credit_age_months | credit_lines | debt_to_income | income_inr
0,0.44810521241016155,,,,,asia,taiwan_credit,200000.0,89600.0,LIQ-001058,No change,0.0,200000.0,0.08632687031535953,Moderate,172400.0,172400.0,9673.78908753919,9673.78908753919,0.0,0.0,No reported delinquency in the harmonized source fields | Exposure limit reached,"{""automatic_increases_enabled"": true, ""within_maximum_increase"": true, ""within_account_exposure"": true, ""within_expected_loss_ceiling"": true, ""meets_profitability_hurdle"": false, ""payment_history_eligible"": true, ""not_overextended"": true}",credit_age_months | credit_lines | debt_to_income | income_inr
0,0.8453890331003002,,,,,asia,taiwan_credit,266000.0,224900.0,LIQ-001059,Increase 30%,0.3,345800.0,0.12153563721790035,Moderate,255725.0,315575.0,20201.80553790592,24929.845664775286,18953.17811818639,0.31667799696217863,No reported delinquency in the harmonized source fields | High utilization with low estimated risk,"{""automatic_increases_enabled"": true, ""within_maximum_increase"": true, ""within_account_exposure"": true, ""within_expected_loss_ceiling"": true, ""meets_profitability_hurdle"": true, ""payment_history_eligible"": true, ""not_overextended"": true}",credit_age_months | credit_lines | debt_to_income | income_inr
0,0.6985083492637444,,,,,asia,taiwan_credit,492000.0,343700.0,LIQ-001060,Increase 30%,0.3,639600.0,0.11258142348426615,Moderate,454925.0,565625.0,33290.467651076855,41391.263977887225,26839.113964872093,0.2424490873068843,No reported delinquency in the harmonized source fields | High utilization with low estimated risk,"{""automatic_increases_enabled"": true, ""within_maximum_increase"": true, ""within_account_exposure"": true, ""within_expected_loss_ceiling"": true, ""meets_profitability_hurdle"": true, ""payment_history_eligible"": true, ""not_overextended"": true}",credit_age_months | credit_lines | debt_to_income | income_inr
0,0.7689825031639352,,,,,asia,taiwan_credit,170000.0,130700.0,LIQ-001061,No change,0.0,170000.0,0.11662428135438939,Moderate,160175.0,160175.0,12142.19127286056,12142.19127286056,0.0,0.0,No reported delinquency in the harmonized source fields | High utilization with low estimated risk | Exposure limit reached,"{""automatic_increases_enabled"": true, ""within_maximum_increase"": true, ""within_account_exposure"": true, ""within_expected_loss_ceiling"": true, ""meets_profitability_hurdle"": false, ""payment_history_eligible"": true, ""not_overextended"": true}",credit_age_months | credit_lines | debt_to_income | income_inr
0,1.0753676955899574,,,,,asia,taiwan_credit,326000.0,350600.0,LIQ-001062,No change,0.0,326000.0,0.1869573259929914,High,326000.0,326000.0,39616.25737791487,39616.25737791487,0.0,0.0,No reported delinquency in the harmonized source fields | Expected loss exceeds policy ceiling,"{""automatic_increases_enabled"": true, ""within_maximum_increase"": true, ""within_account_exposure"": true, ""within_expected_loss_ceiling"": false, ""meets_profitability_hurdle"": false, ""payment_history_eligible"": true, ""not_overextended"": true}",credit_age_months | credit_lines | debt_to_income | income_inr
1,0.8765024460484876,,,,,asia,taiwan_credit,710000.0,622300.0,LIQ-001063,Manual review,0.0,710000.0,0.4022477196609251,Very high,688075.0,688075.0,179904.7898086992,179904.7898086992,0.0,0.0,Reported delinquency | Manual review required,"{""automatic_increases_enabled"": true, ""within_maximum_increase"": true, ""within_account_exposure"": true, ""within_expected_loss_ceiling"": false, ""meets_profitability_hurdle"": false, ""payment_history_eligible"": false, ""not_overextended"": true}",credit_age_months | credit_lines | debt_to_income | income_inr
1,0.2775423957629329,,,,,asia,taiwan_credit,401000.0,111300.0,LIQ-001064,Manual review,0.0,401000.0,0.2816692676923907,High,328575.0,328575.0,60157.16176081773,60157.16176081773,0.0,0.0,Reported delinquency | Manual review required,"{""automatic_increases_enabled"": true, ""within_maximum_increase"": true, ""within_account_exposure"": true, ""within_expected_loss_ceiling"": false, ""meets_profitability_hurdle"": false, ""payment_history_eligible"": false, ""not_overextended"": true}",credit_age_months | credit_lines | debt_to_income | income_inr
0,0.3770253924489138,,,,,asia,taiwan_credit,787000.0,296700.0,LIQ-001065,No change,0.0,787000.0,0.0774889191905499,Moderate,664425.0,664425.0,33465.62383656773,33465.62383656773,0.0,0.0,No reported delinquency in the harmonized source fields | Exposure limit reached,"{""automatic_increases_enabled"": true, ""within_maximum_increase"": true, ""within_account_exposure"": true, ""within_expected_loss_ceiling"": true, ""meets_profitability_hurdle"": false, ""payment_history_eligible"": true, ""not_overextended"": true}",credit_age_months | credit_lines | debt_to_income | income_inr
0,0.7058943890430941,,,,,asia,taiwan_credit,731000.0,516000.0,LIQ-001066,Increase 30%,0.3,950300.0,0.11258142348426615,Moderate,677250.0,841725.0,49559.749885567515,61595.68914349105,40637.74825330766,0.24707553277584837,No reported delinquency in the harmonized source fields | High utilization with low estimated risk,"{""automatic_increases_enabled"": true, ""within_maximum_increase"": true, ""within_account_exposure"": true, ""within_expected_loss_ceiling"": true, ""meets_profitability_hurdle"": true, ""payment_history_eligible"": true, ""not_overextended"": true}",credit_age_months | credit_lines | debt_to_income | income_inr
0,0.34055515960895305,,,,,asia,taiwan_credit,352000.0,119900.0,LIQ-001067,No change,0.0,352000.0,0.06934387152945824,Moderate,293975.0,293975.0,13250.487011367119,13250.487011367119,0.0,0.0,No reported delinquency in the harmonized source fields | Exposure limit reached,"{""automatic_increases_enabled"": true, ""within_maximum_increase"": true, ""within_account_exposure"": true, ""within_expected_loss_ceiling"": true, ""meets_profitability_hurdle"": false, ""payment_history_eligible"": true, ""not_overextended"": true}",credit_age_months | credit_lines | debt_to_income | income_inr
1,0.6788627172533607,,,,,asia,taiwan_credit,77000.0,52300.0,LIQ-001068,Manual review,0.0,77000.0,0.3547047913014613,Very high,70825.0,70825.0,16329.278448551899,16329.278448551899,0.0,0.0,Reported delinquency | Manual review required,"{""automatic_increases_enabled"": true, ""within_maximum_increase"": true, ""within_account_exposure"": true, ""within_expected_loss_ceiling"": false, ""meets_profitability_hurdle"": false, ""payment_history_eligible"": false, ""not_overextended"": true}",credit_age_months | credit_lines | debt_to_income | income_inr
0,0.6732056655377581,,,,,asia,taiwan_credit,171000.0,115100.0,LIQ-001069,No change,0.0,171000.0,0.11251901624577622,Moderate,157025.0,157025.0,11484.394041895457,11484.394041895457,0.0,0.0,No reported delinquency in the harmonized source fields | High utilization with low estimated risk | Exposure limit reached,"{""automatic_increases_enabled"": true, ""within_maximum_increase"": true, ""within_account_exposure"": true, ""within_expected_loss_ceiling"": true, ""meets_profitability_hurdle"": false, ""payment_history_eligible"": true, ""not_overextended"": true}",credit_age_months | credit_lines | debt_to_income | income_inr
2,0.2612245300519312,,,,,asia,taiwan_credit,575000.0,150200.0,LIQ-001070,Freeze automatic increases,0.0,575000.0,0.39113832829739087,Very high,468800.0,468800.0,119187.67139878096,119187.67139878096,0.0,0.0,Repeated delinquency,"{""automatic_increases_enabled"": true, ""within_maximum_increase"": true, ""within_account_exposure"": true, ""within_expected_loss_ceiling"": false, ""meets_profitability_hurdle"": false, ""payment_history_eligible"": false, ""not_overextended"": true}",credit_age_months | credit_lines | debt_to_income | income_inr
0,0.5995332428630417,,,,,asia,taiwan_credit,128000.0,76700.0,LIQ-001071,No change,0.0,128000.0,0.1067344946253459,Moderate,115175.0,115175.0,7990.54452200824,7990.54452200824,0.0,0.0,No reported delinquency in the harmonized source fields | Exposure limit reached,"{""automatic_increases_enabled"": true, ""within_maximum_increase"": true, ""within_account_exposure"": true, ""within_expected_loss_ceiling"": true, ""meets_profitability_hurdle"": false, ""payment_history_eligible"": true, ""not_overextended"": true}",credit_age_months | credit_lines | debt_to_income | income_inr
0,0.4069478215542873,,,,,asia,taiwan_credit,283000.0,115200.0,LIQ-001072,No change,0.0,283000.0,0.08516958900453168,Moderate,241050.0,241050.0,13344.584129202536,13344.584129202536,0.0,0.0,No reported delinquency in the harmonized source fields | Exposure limit reached,"{""automatic_increases_enabled"": true, ""within_maximum_increase"": true, ""within_account_exposure"": true, ""within_expected_loss_ceiling"": true, ""meets_profitability_hurdle"": false, ""payment_history_eligible"": true, ""not_overextended"": true}",credit_age_months | credit_lines | debt_to_income | income_inr
0,0.48731394544241785,,,,,asia,taiwan_credit,436000.0,212500.0,LIQ-001073,No change,0.0,436000.0,0.09283852604288972,Moderate,380125.0,380125.0,22938.659062834748,22938.659062834748,0.0,0.0,No reported delinquency in the harmonized source fields | Exposure limit reached,"{""automatic_increases_enabled"": true, ""within_maximum_increase"": true, ""within_account_exposure"": true, ""within_expected_loss_ceiling"": true, ""meets_profitability_hurdle"": false, ""payment_history_eligible"": true, ""not_overextended"": true}",credit_age_months | credit_lines | debt_to_income | income_inr
0,0.6514174796883299,,,,,asia,taiwan_credit,910000.0,592800.0,LIQ-001074,Increase 30%,0.3,1183000.0,0.10742653511030126,Moderate,830700.0,1035450.0,58005.49476548272,72302.62375697494,45134.98394736104,0.22043948203839336,No reported delinquency in the harmonized source fields | High utilization with low estimated risk,"{""automatic_increases_enabled"": true, ""within_maximum_increase"": true, ""within_account_exposure"": true, ""within_expected_loss_ceiling"": true, ""meets_profitability_hurdle"": true, ""payment_history_eligible"": true, ""not_overextended"": true}",credit_age_months | credit_lines | debt_to_income | income_inr
0,0.9311572546058907,,,,,asia,taiwan_credit,241000.0,224400.0,LIQ-001075,Increase 30%,0.3,313300.0,0.12820990373935923,Moderate,236850.0,291075.0,19738.235205433703,24257.153525107093,19498.09766175546,0.3595776424482334,No reported delinquency in the harmonized source fields | High utilization with low estimated risk,"{""automatic_increases_enabled"": true, ""within_maximum_increase"": true, ""within_account_exposure"": true, ""within_expected_loss_ceiling"": true, ""meets_profitability_hurdle"": true, ""payment_history_eligible"": true, ""not_overextended"": true}",credit_age_months | credit_lines | debt_to_income | income_inr
1,0.26869095619587463,,,,,asia,taiwan_credit,230000.0,61800.0,LIQ-001076,Manual review,0.0,230000.0,0.2816692676923907,High,187950.0,187950.0,34410.830260810144,34410.830260810144,0.0,0.0,Reported delinquency | Manual review required,"{""automatic_increases_enabled"": true, ""within_maximum_increase"": true, ""within_account_exposure"": true, ""within_expected_loss_ceiling"": false, ""meets_profitability_hurdle"": false, ""payment_history_eligible"": false, ""not_overextended"": true}",credit_age_months | credit_lines | debt_to_income | income_inr
0,0.8357318709962663,,,,,asia,taiwan_credit,338000.0,282500.0,LIQ-001077,Increase 30%,0.3,439400.0,0.1270419994521549,Moderate,324125.0,400175.0,26765.367247079317,33045.37088499797,23452.723794850455,0.308385585731104,No reported delinquency in the harmonized source fields | High utilization with low estimated risk,"{""automatic_increases_enabled"": true, ""within_maximum_increase"": true, ""within_account_exposure"": true, ""within_expected_loss_ceiling"": true, ""meets_profitability_hurdle"": true, ""payment_history_eligible"": true, ""not_overextended"": true}",credit_age_months | credit_lines | debt_to_income | income_inr
0,0.6816669823092965,,,,,asia,taiwan_credit,440000.0,299900.0,LIQ-001078,Increase 30%,0.3,572000.0,0.11258142348426615,Moderate,404975.0,503975.0,29635.230284101446,36879.84488531397,23059.086723022592,0.2329200679093191,No reported delinquency in the harmonized source fields | High utilization with low estimated risk,"{""automatic_increases_enabled"": true, ""within_maximum_increase"": true, ""within_account_exposure"": true, ""within_expected_loss_ceiling"": true, ""meets_profitability_hurdle"": true, ""payment_history_eligible"": true, ""not_overextended"": true}",credit_age_months | credit_lines | debt_to_income | income_inr
1,0.6174460613200004,,,,,asia,taiwan_credit,317000.0,195700.0,LIQ-001079,Manual review,0.0,317000.0,0.33304401321869637,Very high,286675.0,286675.0,62059.00511815536,62059.00511815536,0.0,0.0,Reported delinquency | Manual review required,"{""automatic_increases_enabled"": true, ""within_maximum_increase"": true, ""within_account_exposure"": true, ""within_expected_loss_ceiling"": false, ""meets_profitability_hurdle"": false, ""payment_history_eligible"": false, ""not_overextended"": true}",credit_age_months | credit_lines | debt_to_income | income_inr
2,0.47650496422019945,,,,,asia,taiwan_credit,692000.0,329700.0,LIQ-001080,Freeze automatic increases,0.0,692000.0,0.4139839668061314,Very high,601425.0,601425.0,161837.19970364546,161837.19970364546,0.0,0.0,Repeated delinquency,"{""automatic_increases_enabled"": true, ""within_maximum_increase"": true, ""within_account_exposure"": true, ""within_expected_loss_ceiling"": false, ""meets_profitability_hurdle"": false, ""payment_history_eligible"": false, ""not_overextended"": true}",credit_age_months | credit_lines | debt_to_income | income_inr
0,0.6718016788511002,,,,,asia,taiwan_credit,208000.0,139700.0,LIQ-001081,No change,0.0,208000.0,0.11251901624577622,Moderate,190925.0,190925.0,13963.750564871138,13963.750564871138,0.0,0.0,No reported delinquency in the harmonized source fields | High utilization with low estimated risk | Exposure limit reached,"{""automatic_increases_enabled"": true, ""within_maximum_increase"": true, ""within_account_exposure"": true, ""within_expected_loss_ceiling"": true, ""meets_profitability_hurdle"": false, ""payment_history_eligible"": true, ""not_overextended"": true}",credit_age_months | credit_lines | debt_to_income | income_inr
0,0.2818115907092061,,,,,asia,taiwan_credit,378000.0,106500.0,LIQ-001082,No change,0.0,378000.0,0.06556805526914398,Moderate,310125.0,310125.0,13217.290541223132,13217.290541223132,0.0,0.0,No reported delinquency in the harmonized source fields | Exposure limit reached,"{""automatic_increases_enabled"": true, ""within_maximum_increase"": true, ""within_account_exposure"": true, ""within_expected_loss_ceiling"": true, ""meets_profitability_hurdle"": false, ""payment_history_eligible"": true, ""not_overextended"": true}",credit_age_months | credit_lines | debt_to_income | income_inr
0,0.45842275799628807,,,,,asia,taiwan_credit,467000.0,214100.0,LIQ-001083,No change,0.0,467000.0,0.08451901176507008,Moderate,403775.0,403775.0,22182.331584036765,22182.331584036765,0.0,0.0,No reported delinquency in the harmonized source fields | Exposure limit reached,"{""automatic_increases_enabled"": true, ""within_maximum_increase"": true, ""within_account_exposure"": true, ""within_expected_loss_ceiling"": true, ""meets_profitability_hurdle"": false, ""payment_history_eligible"": true, ""not_overextended"": true}",credit_age_months | credit_lines | debt_to_income | income_inr
1,0.8010033270029315,,,,,asia,taiwan_credit,270000.0,216300.0,LIQ-001084,Manual review,0.0,270000.0,0.32811034529311955,Very high,256575.0,256575.0,54720.1926983284,54720.1926983284,0.0,0.0,Reported delinquency | Manual review required,"{""automatic_increases_enabled"": true, ""within_maximum_increase"": true, ""within_account_exposure"": true, ""within_expected_loss_ceiling"": false, ""meets_profitability_hurdle"": false, ""payment_history_eligible"": false, ""not_overextended"": true}",credit_age_months | credit_lines | debt_to_income | income_inr
1,0.6911779276351897,,,,,asia,taiwan_credit,604000.0,417500.0,LIQ-001085,Manual review,0.0,604000.0,0.3547047913014613,Very high,557375.0,557375.0,128507.32898357381,128507.32898357381,0.0,0.0,Reported delinquency | Manual review required,"{""automatic_increases_enabled"": true, ""within_maximum_increase"": true, ""within_account_exposure"": true, ""within_expected_loss_ceiling"": false, ""meets_profitability_hurdle"": false, ""payment_history_eligible"": false, ""not_overextended"": true}",credit_age_months | credit_lines | debt_to_income | income_inr
0,0.7401298300427028,,,,,asia,taiwan_credit,386000.0,285700.0,LIQ-001086,Increase 30%,0.3,501800.0,0.10445677510176377,Moderate,360925.0,447775.0,24505.690009842656,30402.536106274976,23480.638773385002,0.2703585350994243,No reported delinquency in the harmonized source fields | High utilization with low estimated risk,"{""automatic_increases_enabled"": true, ""within_maximum_increase"": true, ""within_account_exposure"": true, ""within_expected_loss_ceiling"": true, ""meets_profitability_hurdle"": true, ""payment_history_eligible"": true, ""not_overextended"": true}",credit_age_months | credit_lines | debt_to_income | income_inr
0,1.2125458751481655,,,,,asia,taiwan_credit,584000.0,708100.0,LIQ-001087,Manual review,0.0,584000.0,0.1855143832497812,High,584000.0,584000.0,70421.25988161695,70421.25988161695,0.0,0.0,Customer-overextension safeguard | Manual review required,"{""automatic_increases_enabled"": true, ""within_maximum_increase"": true, ""within_account_exposure"": true, ""within_expected_loss_ceiling"": false, ""meets_profitability_hurdle"": false, ""payment_history_eligible"": true, ""not_overextended"": false}",credit_age_months | credit_lines | debt_to_income | income_inr
0,0.444980013865885,,,,,asia,taiwan_credit,397000.0,176700.0,LIQ-001088,No change,0.0,397000.0,0.08632687031535953,Moderate,341925.0,341925.0,19186.25483617655,19186.25483617655,0.0,0.0,No reported delinquency in the harmonized source fields | Exposure limit reached,"{""automatic_increases_enabled"": true, ""within_maximum_increase"": true, ""within_account_exposure"": true, ""within_expected_loss_ceiling"": true, ""meets_profitability_hurdle"": false, ""payment_history_eligible"": true, ""not_overextended"": true}",credit_age_months | credit_lines | debt_to_income | income_inr
0,0.7572818431069528,,,,,asia,taiwan_credit,447000.0,338500.0,LIQ-001089,Increase 30%,0.3,581100.0,0.10445677510176377,Moderate,419875.0,520450.0,28508.21248980449,35336.94359111342,28176.130586486164,0.2801504408300886,No reported delinquency in the harmonized source fields | High utilization with low estimated risk,"{""automatic_increases_enabled"": true, ""within_maximum_increase"": true, ""within_account_exposure"": true, ""within_expected_loss_ceiling"": true, ""meets_profitability_hurdle"": true, ""payment_history_eligible"": true, ""not_overextended"": true}",credit_age_months | credit_lines | debt_to_income | income_inr
0,0.3822488290028507,,,,,asia,taiwan_credit,232000.0,88700.0,LIQ-001090,No change,0.0,232000.0,0.0753745722583789,Moderate,196175.0,196175.0,9611.294363311863,9611.294363311863,0.0,0.0,No reported delinquency in the harmonized source fields | Exposure limit reached,"{""automatic_increases_enabled"": true, ""within_maximum_increase"": true, ""within_account_exposure"": true, ""within_expected_loss_ceiling"": true, ""meets_profitability_hurdle"": false, ""payment_history_eligible"": true, ""not_overextended"": true}",credit_age_months | credit_lines | debt_to_income | income_inr
0,1.0788062432040315,,,,,asia,taiwan_credit,232000.0,250300.0,LIQ-001091,No change,0.0,232000.0,0.1869573259929914,High,232000.0,232000.0,28193.164759743104,28193.164759743104,0.0,0.0,No reported delinquency in the harmonized source fields | Expected loss exceeds policy ceiling,"{""automatic_increases_enabled"": true, ""within_maximum_increase"": true, ""within_account_exposure"": true, ""within_expected_loss_ceiling"": false, ""meets_profitability_hurdle"": false, ""payment_history_eligible"": true, ""not_overextended"": true}",credit_age_months | credit_lines | debt_to_income | income_inr
1,0.5027479014822832,,,,,asia,taiwan_credit,776000.0,390100.0,LIQ-001092,Manual review,0.0,776000.0,0.3142663172901956,Very high,679525.0,679525.0,138808.68251680312,138808.68251680312,0.0,0.0,Reported delinquency | Manual review required,"{""automatic_increases_enabled"": true, ""within_maximum_increase"": true, ""within_account_exposure"": true, ""within_expected_loss_ceiling"": false, ""meets_profitability_hurdle"": false, ""payment_history_eligible"": false, ""not_overextended"": true}",credit_age_months | credit_lines | debt_to_income | income_inr
1,0.5677881101248894,,,,,asia,taiwan_credit,529000.0,300400.0,LIQ-001093,Manual review,0.0,529000.0,0.325748538169878,Very high,471850.0,471850.0,99907.891028047,99907.891028047,0.0,0.0,Reported delinquency | Manual review required,"{""automatic_increases_enabled"": true, ""within_maximum_increase"": true, ""within_account_exposure"": true, ""within_expected_loss_ceiling"": false, ""meets_profitability_hurdle"": false, ""payment_history_eligible"": false, ""not_overextended"": true}",credit_age_months | credit_lines | debt_to_income | income_inr
0,0.17722833545292624,,,,,asia,taiwan_credit,180000.0,31900.0,LIQ-001094,No change,0.0,180000.0,0.07102555540407707,Moderate,142975.0,142975.0,6600.671209533647,6600.671209533647,0.0,0.0,No reported delinquency in the harmonized source fields | Low utilization provides no evidence of additional need | Incremental return below profitability hurdle,"{""automatic_increases_enabled"": true, ""within_maximum_increase"": true, ""within_account_exposure"": true, ""within_expected_loss_ceiling"": true, ""meets_profitability_hurdle"": false, ""payment_history_eligible"": true, ""not_overextended"": true}",credit_age_months | credit_lines | debt_to_income | income_inr
0,0.6980898596646352,,,,,asia,taiwan_credit,394000.0,275000.0,LIQ-001095,Increase 30%,0.3,512200.0,0.11258142348426615,Moderate,364250.0,452900.0,26655.059277693566,33142.28235241569,21436.69018853711,0.24181263608050887,No reported delinquency in the harmonized source fields | High utilization with low estimated risk,"{""automatic_increases_enabled"": true, ""within_maximum_increase"": true, ""within_account_exposure"": true, ""within_expected_loss_ceiling"": true, ""meets_profitability_hurdle"": true, ""payment_history_eligible"": true, ""not_overextended"": true}",credit_age_months | credit_lines | debt_to_income | income_inr
0,0.2525885062425887,,,,,asia,taiwan_credit,75000.0,18900.0,LIQ-001096,No change,0.0,75000.0,0.0735944858898624,Moderate,60975.0,60975.0,2916.825455137334,2916.825455137334,0.0,0.0,No reported delinquency in the harmonized source fields | Incremental return below profitability hurdle,"{""automatic_increases_enabled"": true, ""within_maximum_increase"": true, ""within_account_exposure"": true, ""within_expected_loss_ceiling"": true, ""meets_profitability_hurdle"": false, ""payment_history_eligible"": true, ""not_overextended"": true}",credit_age_months | credit_lines | debt_to_income | income_inr
0,1.0881606822716894,,,,,asia,taiwan_credit,241000.0,262200.0,LIQ-001097,No change,0.0,241000.0,0.1869573259929914,High,241000.0,241000.0,29286.865116802102,29286.865116802102,0.0,0.0,No reported delinquency in the harmonized source fields | Expected loss exceeds policy ceiling,"{""automatic_increases_enabled"": true, ""within_maximum_increase"": true, ""within_account_exposure"": true, ""within_expected_loss_ceiling"": false, ""meets_profitability_hurdle"": false, ""payment_history_eligible"": true, ""not_overextended"": true}",credit_age_months | credit_lines | debt_to_income | income_inr
0,0.5231374275277405,,,,,asia,taiwan_credit,654000.0,342100.0,LIQ-001098,Increase 30%,0.3,850200.0,0.08962827602182603,Moderate,576025.0,723175.0,33558.283002057025,42131.00353285463,23624.30988141837,0.16054576881697838,No reported delinquency in the harmonized source fields,"{""automatic_increases_enabled"": true, ""within_maximum_increase"": true, ""within_account_exposure"": true, ""within_expected_loss_ceiling"": true, ""meets_profitability_hurdle"": true, ""payment_history_eligible"": true, ""not_overextended"": true}",credit_age_months | credit_lines | debt_to_income | income_inr
1,0.3217186757065551,,,,,asia,taiwan_credit,323000.0,103900.0,LIQ-001099,Manual review,0.0,323000.0,0.31755145759146886,Very high,268225.0,268225.0,55363.905813106634,55363.905813106634,0.0,0.0,Reported delinquency | Manual review required,"{""automatic_increases_enabled"": true, ""within_maximum_increase"": true, ""within_account_exposure"": true, ""within_expected_loss_ceiling"": false, ""meets_profitability_hurdle"": false, ""payment_history_eligible"": false, ""not_overextended"": true}",credit_age_months | credit_lines | debt_to_income | income_inr
0,0.6051769794242158,,,,,asia,taiwan_credit,378000.0,228800.0,LIQ-001100,No change,0.0,378000.0,0.08907457679992008,Moderate,340700.0,340700.0,19726.0104052263,19726.0104052263,0.0,0.0,No reported delinquency in the harmonized source fields | Exposure limit reached,"{""automatic_increases_enabled"": true, ""within_maximum_increase"": true, ""within_account_exposure"": true, ""within_expected_loss_ceiling"": true, ""meets_profitability_hurdle"": false, ""payment_history_eligible"": true, ""not_overextended"": true}",credit_age_months | credit_lines | debt_to_income | income_inr
0,0.43286950541293573,,,,,asia,taiwan_credit,50000.0,21600.0,LIQ-001101,No change,0.0,50000.0,0.08516958900453168,Moderate,42900.0,42900.0,2374.953989391366,2374.953989391366,0.0,0.0,No reported delinquency in the harmonized source fields | Exposure limit reached,"{""automatic_increases_enabled"": true, ""within_maximum_increase"": true, ""within_account_exposure"": true, ""within_expected_loss_ceiling"": true, ""meets_profitability_hurdle"": false, ""payment_history_eligible"": true, ""not_overextended"": true}",credit_age_months | credit_lines | debt_to_income | income_inr
0,0.06657722386162866,,,,,asia,taiwan_credit,271000.0,18000.0,LIQ-001102,No change,0.0,271000.0,0.083621872628165,Moderate,207750.0,207750.0,11292.088625025832,11292.088625025832,0.0,0.0,No reported delinquency in the harmonized source fields | Low utilization provides no evidence of additional need | Incremental return below profitability hurdle,"{""automatic_increases_enabled"": true, ""within_maximum_increase"": true, ""within_account_exposure"": true, ""within_expected_loss_ceiling"": true, ""meets_profitability_hurdle"": false, ""payment_history_eligible"": true, ""not_overextended"": true}",credit_age_months | credit_lines | debt_to_income | income_inr
0,0.5745094273410893,,,,,asia,taiwan_credit,436000.0,250500.0,LIQ-001103,Increase 30%,0.3,566800.0,0.09958469167168506,Moderate,389625.0,487725.0,25220.445570177188,31570.463434622186,17848.619536960978,0.18194311454598347,No reported delinquency in the harmonized source fields,"{""automatic_increases_enabled"": true, ""within_maximum_increase"": true, ""within_account_exposure"": true, ""within_expected_loss_ceiling"": true, ""meets_profitability_hurdle"": true, ""payment_history_eligible"": true, ""not_overextended"": true}",credit_age_months | credit_lines | debt_to_income | income_inr
0,0.3066537951295202,,,,,asia,taiwan_credit,474000.0,145400.0,LIQ-001104,No change,0.0,474000.0,0.0786746960365438,Moderate,391850.0,391850.0,20038.6417672478,20038.6417672478,0.0,0.0,No reported delinquency in the harmonized source fields | Exposure limit reached,"{""automatic_increases_enabled"": true, ""within_maximum_increase"": true, ""within_account_exposure"": true, ""within_expected_loss_ceiling"": true, ""meets_profitability_hurdle"": false, ""payment_history_eligible"": true, ""not_overextended"": true}",credit_age_months | credit_lines | debt_to_income | income_inr
0,0.5832334049986012,,,,,asia,taiwan_credit,654000.0,381400.0,LIQ-001105,Increase 30%,0.3,850200.0,0.10840032671474488,Moderate,585850.0,733000.0,41279.11541379164,51647.3356632402,26731.437601001126,0.18166114577642628,No reported delinquency in the harmonized source fields,"{""automatic_increases_enabled"": true, ""within_maximum_increase"": true, ""within_account_exposure"": true, ""within_expected_loss_ceiling"": true, ""meets_profitability_hurdle"": true, ""payment_history_eligible"": true, ""not_overextended"": true}",credit_age_months | credit_lines | debt_to_income | income_inr
0,0.9905367673829482,,,,,asia,taiwan_credit,305000.0,302100.0,LIQ-001106,Increase 30%,0.3,396500.0,0.1483531064024413,Moderate,304275.0,372900.0,29341.09194289184,35958.567695355734,26084.43893835753,0.38010111385584744,No reported delinquency in the harmonized source fields | High utilization with low estimated risk,"{""automatic_increases_enabled"": true, ""within_maximum_increase"": true, ""within_account_exposure"": true, ""within_expected_loss_ceiling"": true, ""meets_profitability_hurdle"": true, ""payment_history_eligible"": true, ""not_overextended"": true}",credit_age_months | credit_lines | debt_to_income | income_inr
1,0.9497868997828168,,,,,asia,taiwan_credit,314000.0,298200.0,LIQ-001107,Manual review,0.0,314000.0,0.3865701421054288,Very high,310050.0,310050.0,77906.44716386234,77906.44716386234,0.0,0.0,Reported delinquency | Manual review required,"{""automatic_increases_enabled"": true, ""within_maximum_increase"": true, ""within_account_exposure"": true, ""within_expected_loss_ceiling"": false, ""meets_profitability_hurdle"": false, ""payment_history_eligible"": false, ""not_overextended"": true}",credit_age_months | credit_lines | debt_to_income | income_inr
1,0.9441182197617889,,,,,asia,taiwan_credit,147000.0,138800.0,LIQ-001108,Manual review,0.0,147000.0,0.3743816936075854,Very high,144950.0,144950.0,35273.30721747268,35273.30721747268,0.0,0.0,Reported delinquency | Manual review required,"{""automatic_increases_enabled"": true, ""within_maximum_increase"": true, ""within_account_exposure"": true, ""within_expected_loss_ceiling"": false, ""meets_profitability_hurdle"": false, ""payment_history_eligible"": false, ""not_overextended"": true}",credit_age_months | credit_lines | debt_to_income | income_inr
0,0.6011692923507063,,,,,asia,taiwan_credit,306000.0,184000.0,LIQ-001109,No change,0.0,306000.0,0.09944976741382801,Moderate,275500.0,275500.0,17808.967099631252,17808.967099631252,0.0,0.0,No reported delinquency in the harmonized source fields | Exposure limit reached,"{""automatic_increases_enabled"": true, ""within_maximum_increase"": true, ""within_account_exposure"": true, ""within_expected_loss_ceiling"": true, ""meets_profitability_hurdle"": false, ""payment_history_eligible"": true, ""not_overextended"": true}",credit_age_months | credit_lines | debt_to_income | income_inr
1,0.5894711940388877,,,,,asia,taiwan_credit,154000.0,90800.0,LIQ-001110,Manual review,0.0,154000.0,0.3174929711305808,Very high,138200.0,138200.0,28520.393596660073,28520.393596660073,0.0,0.0,Reported delinquency | Manual review required,"{""automatic_increases_enabled"": true, ""within_maximum_increase"": true, ""within_account_exposure"": true, ""within_expected_loss_ceiling"": false, ""meets_profitability_hurdle"": false, ""payment_history_eligible"": false, ""not_overextended"": true}",credit_age_months | credit_lines | debt_to_income | income_inr
1,0.2425393175905094,,,,,asia,taiwan_credit,105000.0,25500.0,LIQ-001111,Manual review,0.0,105000.0,0.30385278261851806,Very high,85125.0,85125.0,16812.55427826088,16812.55427826088,0.0,0.0,Reported delinquency | Manual review required,"{""automatic_increases_enabled"": true, ""within_maximum_increase"": true, ""within_account_exposure"": true, ""within_expected_loss_ceiling"": false, ""meets_profitability_hurdle"": false, ""payment_history_eligible"": false, ""not_overextended"": true}",credit_age_months | credit_lines | debt_to_income | income_inr
0,0.700799343989168,,,,,asia,taiwan_credit,173000.0,121200.0,LIQ-001112,No change,0.0,173000.0,0.11258142348426615,Moderate,160050.0,160050.0,11712.126938626918,11712.126938626918,0.0,0.0,No reported delinquency in the harmonized source fields | High utilization with low estimated risk | Exposure limit reached,"{""automatic_increases_enabled"": true, ""within_maximum_increase"": true, ""within_account_exposure"": true, ""within_expected_loss_ceiling"": true, ""meets_profitability_hurdle"": false, ""payment_history_eligible"": true, ""not_overextended"": true}",credit_age_months | credit_lines | debt_to_income | income_inr
1,0.938084025505008,,,,,asia,taiwan_credit,933000.0,875200.0,LIQ-001113,Manual review,0.0,933000.0,0.36013018798770785,Very high,918550.0,918550.0,215018.4297144709,215018.4297144709,0.0,0.0,Reported delinquency | Manual review required,"{""automatic_increases_enabled"": true, ""within_maximum_increase"": true, ""within_account_exposure"": true, ""within_expected_loss_ceiling"": false, ""meets_profitability_hurdle"": false, ""payment_history_eligible"": false, ""not_overextended"": true}",credit_age_months | credit_lines | debt_to_income | income_inr
0,0.6934699182552632,,,,,asia,taiwan_credit,294000.0,203900.0,LIQ-001114,No change,0.0,294000.0,0.11258142348426615,Moderate,271475.0,271475.0,19865.97726125425,19865.97726125425,0.0,0.0,No reported delinquency in the harmonized source fields | High utilization with low estimated risk | Exposure limit reached,"{""automatic_increases_enabled"": true, ""within_maximum_increase"": true, ""within_account_exposure"": true, ""within_expected_loss_ceiling"": true, ""meets_profitability_hurdle"": false, ""payment_history_eligible"": true, ""not_overextended"": true}",credit_age_months | credit_lines | debt_to_income | income_inr
0,1.1870943749584324,,,,,asia,taiwan_credit,404000.0,479600.0,LIQ-001115,Manual review,0.0,404000.0,0.1855143832497812,High,404000.0,404000.0,48716.07704139254,48716.07704139254,0.0,0.0,Customer-overextension safeguard | Manual review required,"{""automatic_increases_enabled"": true, ""within_maximum_increase"": true, ""within_account_exposure"": true, ""within_expected_loss_ceiling"": false, ""meets_profitability_hurdle"": false, ""payment_history_eligible"": true, ""not_overextended"": false}",credit_age_months | credit_lines | debt_to_income | income_inr
0,0.5843540430552525,,,,,asia,taiwan_credit,251000.0,146700.0,LIQ-001116,No change,0.0,251000.0,0.10840032671474488,Moderate,224925.0,224925.0,15848.263266104095,15848.263266104095,0.0,0.0,No reported delinquency in the harmonized source fields | Exposure limit reached,"{""automatic_increases_enabled"": true, ""within_maximum_increase"": true, ""within_account_exposure"": true, ""within_expected_loss_ceiling"": true, ""meets_profitability_hurdle"": false, ""payment_history_eligible"": true, ""not_overextended"": true}",credit_age_months | credit_lines | debt_to_income | income_inr
1,0.9261861469660522,,,,,asia,taiwan_credit,109000.0,101000.0,LIQ-001117,Manual review,0.0,109000.0,0.3542574924960451,Very high,107000.0,107000.0,24638.608603099936,24638.608603099936,0.0,0.0,Reported delinquency | Manual review required,"{""automatic_increases_enabled"": true, ""within_maximum_increase"": true, ""within_account_exposure"": true, ""within_expected_loss_ceiling"": false, ""meets_profitability_hurdle"": false, ""payment_history_eligible"": false, ""not_overextended"": true}",credit_age_months | credit_lines | debt_to_income | income_inr
0,0.44150017738264036,,,,,asia,taiwan_credit,643000.0,283900.0,LIQ-001118,No change,0.0,643000.0,0.08516958900453168,Moderate,553225.0,553225.0,30626.66482007083,30626.66482007083,0.0,0.0,No reported delinquency in the harmonized source fields | Exposure limit reached,"{""automatic_increases_enabled"": true, ""within_maximum_increase"": true, ""within_account_exposure"": true, ""within_expected_loss_ceiling"": true, ""meets_profitability_hurdle"": false, ""payment_history_eligible"": true, ""not_overextended"": true}",credit_age_months | credit_lines | debt_to_income | income_inr
1,0.4948093572207074,,,,,asia,taiwan_credit,85000.0,42100.0,LIQ-001119,Manual review,0.0,85000.0,0.33390648123239525,Very high,74275.0,74275.0,16120.587530798502,16120.587530798502,0.0,0.0,Reported delinquency | Manual review required,"{""automatic_increases_enabled"": true, ""within_maximum_increase"": true, ""within_account_exposure"": true, ""within_expected_loss_ceiling"": false, ""meets_profitability_hurdle"": false, ""payment_history_eligible"": false, ""not_overextended"": true}",credit_age_months | credit_lines | debt_to_income | income_inr
1,0.4232509792279991,,,,,asia,taiwan_credit,244000.0,103300.0,LIQ-001120,Manual review,0.0,244000.0,0.32216460564488014,Very high,208825.0,208825.0,43729.41545296486,43729.41545296486,0.0,0.0,Reported delinquency | Manual review required,"{""automatic_increases_enabled"": true, ""within_maximum_increase"": true, ""within_account_exposure"": true, ""within_expected_loss_ceiling"": false, ""meets_profitability_hurdle"": false, ""payment_history_eligible"": false, ""not_overextended"": true}",credit_age_months | credit_lines | debt_to_income | income_inr
0,0.3344033830479161,,,,,asia,taiwan_credit,338000.0,113000.0,LIQ-001121,No change,0.0,338000.0,0.06934387152945824,Moderate,281750.0,281750.0,12699.46327222616,12699.46327222616,0.0,0.0,No reported delinquency in the harmonized source fields | Exposure limit reached,"{""automatic_increases_enabled"": true, ""within_maximum_increase"": true, ""within_account_exposure"": true, ""within_expected_loss_ceiling"": true, ""meets_profitability_hurdle"": false, ""payment_history_eligible"": true, ""not_overextended"": true}",credit_age_months | credit_lines | debt_to_income | income_inr
1,0.9872104021082326,,,,,asia,taiwan_credit,407000.0,401800.0,LIQ-001122,Manual review,0.0,407000.0,0.3911427683673907,Very high,405700.0,405700.0,103146.30373232276,103146.30373232276,0.0,0.0,Reported delinquency | Manual review required,"{""automatic_increases_enabled"": true, ""within_maximum_increase"": true, ""within_account_exposure"": true, ""within_expected_loss_ceiling"": false, ""meets_profitability_hurdle"": false, ""payment_history_eligible"": false, ""not_overextended"": true}",credit_age_months | credit_lines | debt_to_income | income_inr
0,0.21421491971953377,,,,,asia,taiwan_credit,218000.0,46700.0,LIQ-001123,No change,0.0,218000.0,0.0709076720979037,Moderate,175175.0,175175.0,8073.813448837684,8073.813448837684,0.0,0.0,No reported delinquency in the harmonized source fields | Incremental return below profitability hurdle,"{""automatic_increases_enabled"": true, ""within_maximum_increase"": true, ""within_account_exposure"": true, ""within_expected_loss_ceiling"": true, ""meets_profitability_hurdle"": false, ""payment_history_eligible"": true, ""not_overextended"": true}",credit_age_months | credit_lines | debt_to_income | income_inr
0,0.2874917847422349,,,,,asia,taiwan_credit,106000.0,30500.0,LIQ-001124,No change,0.0,106000.0,0.06946640549037054,Moderate,87125.0,87125.0,3933.969375926547,3933.969375926547,0.0,0.0,No reported delinquency in the harmonized source fields | Exposure limit reached,"{""automatic_increases_enabled"": true, ""within_maximum_increase"": true, ""within_account_exposure"": true, ""within_expected_loss_ceiling"": true, ""meets_profitability_hurdle"": false, ""payment_history_eligible"": true, ""not_overextended"": true}",credit_age_months | credit_lines | debt_to_income | income_inr
1,1.1050559675789853,,,,,asia,taiwan_credit,208000.0,229900.0,LIQ-001125,Manual review,0.0,208000.0,0.4105526974514963,Very high,208000.0,208000.0,55506.7246954423,55506.7246954423,0.0,0.0,Reported delinquency | Manual review required,"{""automatic_increases_enabled"": true, ""within_maximum_increase"": true, ""within_account_exposure"": true, ""within_expected_loss_ceiling"": false, ""meets_profitability_hurdle"": false, ""payment_history_eligible"": false, ""not_overextended"": false}",credit_age_months | credit_lines | debt_to_income | income_inr
0,0.9170508976942067,,,,,asia,taiwan_credit,215000.0,197200.0,LIQ-001126,No change,0.0,215000.0,0.13789137581648095,Moderate,210550.0,210550.0,18871.46896580404,18871.46896580404,0.0,0.0,No reported delinquency in the harmonized source fields | High utilization with low estimated risk | Exposure limit reached,"{""automatic_increases_enabled"": true, ""within_maximum_increase"": true, ""within_account_exposure"": true, ""within_expected_loss_ceiling"": true, ""meets_profitability_hurdle"": false, ""payment_history_eligible"": true, ""not_overextended"": true}",credit_age_months | credit_lines | debt_to_income | income_inr
0,0.437852575683531,,,,,asia,taiwan_credit,212000.0,92800.0,LIQ-001127,No change,0.0,212000.0,0.08516958900453168,Moderate,182200.0,182200.0,10086.634425806687,10086.634425806687,0.0,0.0,No reported delinquency in the harmonized source fields | Exposure limit reached,"{""automatic_increases_enabled"": true, ""within_maximum_increase"": true, ""within_account_exposure"": true, ""within_expected_loss_ceiling"": true, ""meets_profitability_hurdle"": false, ""payment_history_eligible"": true, ""not_overextended"": true}",credit_age_months | credit_lines | debt_to_income | income_inr
1,0.7082525044163701,,,,,asia,taiwan_credit,658000.0,466000.0,LIQ-001128,Manual review,0.0,658000.0,0.35080007207354974,Very high,610000.0,610000.0,139092.22857716246,139092.22857716246,0.0,0.0,Reported delinquency | Manual review required,"{""automatic_increases_enabled"": true, ""within_maximum_increase"": true, ""within_account_exposure"": true, ""within_expected_loss_ceiling"": false, ""meets_profitability_hurdle"": false, ""payment_history_eligible"": false, ""not_overextended"": true}",credit_age_months | credit_lines | debt_to_income | income_inr
0,0.500387109205538,,,,,asia,taiwan_credit,159000.0,79600.0,LIQ-001129,No change,0.0,159000.0,0.08234712963836745,Moderate,139150.0,139150.0,7448.09200796624,7448.09200796624,0.0,0.0,No reported delinquency in the harmonized source fields | Exposure limit reached,"{""automatic_increases_enabled"": true, ""within_maximum_increase"": true, ""within_account_exposure"": true, ""within_expected_loss_ceiling"": true, ""meets_profitability_hurdle"": false, ""payment_history_eligible"": true, ""not_overextended"": true}",credit_age_months | credit_lines | debt_to_income | income_inr
0,0.868375758428982,,,,,asia,taiwan_credit,426000.0,369900.0,LIQ-001130,Increase 30%,0.3,553800.0,0.13861883877649436,Moderate,411975.0,507825.0,37119.87246821507,45756.17267108761,30619.02763446715,0.31944734099600575,No reported delinquency in the harmonized source fields | High utilization with low estimated risk,"{""automatic_increases_enabled"": true, ""within_maximum_increase"": true, ""within_account_exposure"": true, ""within_expected_loss_ceiling"": true, ""meets_profitability_hurdle"": true, ""payment_history_eligible"": true, ""not_overextended"": true}",credit_age_months | credit_lines | debt_to_income | income_inr
0,0.38772790671757024,,,,,asia,taiwan_credit,388000.0,150400.0,LIQ-001131,No change,0.0,388000.0,0.0753745722583789,Moderate,328600.0,328600.0,16099.25488866715,16099.25488866715,0.0,0.0,No reported delinquency in the harmonized source fields | Exposure limit reached,"{""automatic_increases_enabled"": true, ""within_maximum_increase"": true, ""within_account_exposure"": true, ""within_expected_loss_ceiling"": true, ""meets_profitability_hurdle"": false, ""payment_history_eligible"": true, ""not_overextended"": true}",credit_age_months | credit_lines | debt_to_income | income_inr
1,0.3099646985892183,,,,,asia,taiwan_credit,653000.0,202400.0,LIQ-001132,Manual review,0.0,653000.0,0.31755145759146886,Very high,540350.0,540350.0,111532.80457120764,111532.80457120764,0.0,0.0,Reported delinquency | Manual review required,"{""automatic_increases_enabled"": true, ""within_maximum_increase"": true, ""within_account_exposure"": true, ""within_expected_loss_ceiling"": false, ""meets_profitability_hurdle"": false, ""payment_history_eligible"": false, ""not_overextended"": true}",credit_age_months | credit_lines | debt_to_income | income_inr
1,0.4853524030684223,,,,,asia,taiwan_credit,321000.0,155800.0,LIQ-001133,Manual review,0.0,321000.0,0.33390648123239525,Very high,279700.0,279700.0,60705.86782045562,60705.86782045562,0.0,0.0,Reported delinquency | Manual review required,"{""automatic_increases_enabled"": true, ""within_maximum_increase"": true, ""within_account_exposure"": true, ""within_expected_loss_ceiling"": false, ""meets_profitability_hurdle"": false, ""payment_history_eligible"": false, ""not_overextended"": true}",credit_age_months | credit_lines | debt_to_income | income_inr
0,0.9887670522886058,,,,,asia,taiwan_credit,585000.0,578400.0,LIQ-001134,Increase 30%,0.3,760500.0,0.1483531064024413,Moderate,583350.0,714975.0,56252.16000291169,68944.69546255555,50066.91377030733,0.3803754132596948,No reported delinquency in the harmonized source fields | High utilization with low estimated risk,"{""automatic_increases_enabled"": true, ""within_maximum_increase"": true, ""within_account_exposure"": true, ""within_expected_loss_ceiling"": true, ""meets_profitability_hurdle"": true, ""payment_history_eligible"": true, ""not_overextended"": true}",credit_age_months | credit_lines | debt_to_income | income_inr
0,0.2057718996939194,,,,,asia,taiwan_credit,313000.0,64400.0,LIQ-001135,No change,0.0,313000.0,0.07009471210831149,Moderate,250850.0,250850.0,11429.11804604046,11429.11804604046,0.0,0.0,No reported delinquency in the harmonized source fields | Incremental return below profitability hurdle,"{""automatic_increases_enabled"": true, ""within_maximum_increase"": true, ""within_account_exposure"": true, ""within_expected_loss_ceiling"": true, ""meets_profitability_hurdle"": false, ""payment_history_eligible"": true, ""not_overextended"": true}",credit_age_months | credit_lines | debt_to_income | income_inr
0,0.8502293009848212,,,,,asia,taiwan_credit,464000.0,394500.0,LIQ-001136,Increase 30%,0.3,603200.0,0.1248660570378491,Moderate,446625.0,551025.0,36249.39677094408,44722.80740153252,33249.31716366039,0.3184800494603485,No reported delinquency in the harmonized source fields | High utilization with low estimated risk,"{""automatic_increases_enabled"": true, ""within_maximum_increase"": true, ""within_account_exposure"": true, ""within_expected_loss_ceiling"": true, ""meets_profitability_hurdle"": true, ""payment_history_eligible"": true, ""not_overextended"": true}",credit_age_months | credit_lines | debt_to_income | income_inr
0,0.5163565364914182,,,,,asia,taiwan_credit,132000.0,68200.0,LIQ-001137,No change,0.0,132000.0,0.08234712963836745,Moderate,116050.0,116050.0,6211.649856446153,6211.649856446153,0.0,0.0,No reported delinquency in the harmonized source fields | Exposure limit reached,"{""automatic_increases_enabled"": true, ""within_maximum_increase"": true, ""within_account_exposure"": true, ""within_expected_loss_ceiling"": true, ""meets_profitability_hurdle"": false, ""payment_history_eligible"": true, ""not_overextended"": true}",credit_age_months | credit_lines | debt_to_income | income_inr
0,0.38899759842806947,,,,,asia,taiwan_credit,63000.0,24500.0,LIQ-001138,No change,0.0,63000.0,0.0753745722583789,Moderate,53375.0,53375.0,2615.0265662891334,2615.0265662891334,0.0,0.0,No reported delinquency in the harmonized source fields | Exposure limit reached,"{""automatic_increases_enabled"": true, ""within_maximum_increase"": true, ""within_account_exposure"": true, ""within_expected_loss_ceiling"": true, ""meets_profitability_hurdle"": false, ""payment_history_eligible"": true, ""not_overextended"": true}",credit_age_months | credit_lines | debt_to_income | income_inr
0,0.9816526169974812,,,,,asia,taiwan_credit,447000.0,438800.0,LIQ-001139,Increase 30%,0.3,581100.0,0.14175789753573287,Moderate,444950.0,545525.0,40998.86473054082,50266.11008456744,38248.2569535602,0.3802958682929177,No reported delinquency in the harmonized source fields | High utilization with low estimated risk,"{""automatic_increases_enabled"": true, ""within_maximum_increase"": true, ""within_account_exposure"": true, ""within_expected_loss_ceiling"": true, ""meets_profitability_hurdle"": true, ""payment_history_eligible"": true, ""not_overextended"": true}",credit_age_months | credit_lines | debt_to_income | income_inr
0,0.29079314832395464,,,,,asia,taiwan_credit,463000.0,134600.0,LIQ-001140,No change,0.0,463000.0,0.06946640549037054,Moderate,380900.0,380900.0,17198.840003333393,17198.840003333393,0.0,0.0,No reported delinquency in the harmonized source fields | Exposure limit reached,"{""automatic_increases_enabled"": true, ""within_maximum_increase"": true, ""within_account_exposure"": true, ""within_expected_loss_ceiling"": true, ""meets_profitability_hurdle"": false, ""payment_history_eligible"": true, ""not_overextended"": true}",credit_age_months | credit_lines | debt_to_income | income_inr
1,0.7892995743054118,,,,,asia,taiwan_credit,477000.0,376500.0,LIQ-001141,Manual review,0.0,477000.0,0.32811034529311955,Very high,451875.0,451875.0,96372.16048156346,96372.16048156346,0.0,0.0,Reported delinquency | Manual review required,"{""automatic_increases_enabled"": true, ""within_maximum_increase"": true, ""within_account_exposure"": true, ""within_expected_loss_ceiling"": false, ""meets_profitability_hurdle"": false, ""payment_history_eligible"": false, ""not_overextended"": true}",credit_age_months | credit_lines | debt_to_income | income_inr
0,0.9984772065140447,,,,,asia,taiwan_credit,249000.0,248600.0,LIQ-001142,Increase 30%,0.3,323700.0,0.15537088671332813,High,248900.0,304925.0,25136.678906915793,30794.70396019003,21253.186585125684,0.37935183552210056,No reported delinquency in the harmonized source fields,"{""automatic_increases_enabled"": true, ""within_maximum_increase"": true, ""within_account_exposure"": true, ""within_expected_loss_ceiling"": true, ""meets_profitability_hurdle"": true, ""payment_history_eligible"": true, ""not_overextended"": true}",credit_age_months | credit_lines | debt_to_income | income_inr
1,0.700414204495167,,,,,asia,taiwan_credit,922000.0,645800.0,LIQ-001143,Manual review,0.0,922000.0,0.3547047913014613,Very high,852950.0,852950.0,196654.54363137792,196654.54363137792,0.0,0.0,Reported delinquency | Manual review required,"{""automatic_increases_enabled"": true, ""within_maximum_increase"": true, ""within_account_exposure"": true, ""within_expected_loss_ceiling"": false, ""meets_profitability_hurdle"": false, ""payment_history_eligible"": false, ""not_overextended"": true}",credit_age_months | credit_lines | debt_to_income | income_inr
1,1.20255346321359,,,,,asia,taiwan_credit,260000.0,312700.0,LIQ-001144,Manual review,0.0,260000.0,0.4075891887917565,Very high,260000.0,260000.0,68882.57290580685,68882.57290580685,0.0,0.0,Reported delinquency | Manual review required,"{""automatic_increases_enabled"": true, ""within_maximum_increase"": true, ""within_account_exposure"": true, ""within_expected_loss_ceiling"": false, ""meets_profitability_hurdle"": false, ""payment_history_eligible"": false, ""not_overextended"": false}",credit_age_months | credit_lines | debt_to_income | income_inr
1,0.2827341975947893,,,,,asia,taiwan_credit,460000.0,130100.0,LIQ-001145,Manual review,0.0,460000.0,0.2912321358270735,High,377525.0,377525.0,71465.81785077536,71465.81785077536,0.0,0.0,Reported delinquency | Manual review required,"{""automatic_increases_enabled"": true, ""within_maximum_increase"": true, ""within_account_exposure"": true, ""within_expected_loss_ceiling"": false, ""meets_profitability_hurdle"": false, ""payment_history_eligible"": false, ""not_overextended"": true}",credit_age_months | credit_lines | debt_to_income | income_inr
0,0.33465222304999626,,,,,asia,taiwan_credit,515000.0,172300.0,LIQ-001146,No change,0.0,515000.0,0.06934387152945824,Moderate,429325.0,429325.0,19351.187468850032,19351.187468850032,0.0,0.0,No reported delinquency in the harmonized source fields | Exposure limit reached,"{""automatic_increases_enabled"": true, ""within_maximum_increase"": true, ""within_account_exposure"": true, ""within_expected_loss_ceiling"": true, ""meets_profitability_hurdle"": false, ""payment_history_eligible"": true, ""not_overextended"": true}",credit_age_months | credit_lines | debt_to_income | income_inr
0,0.7483545342480787,,,,,asia,taiwan_credit,1070000.0,800700.0,LIQ-001147,Increase 30%,0.3,1391000.0,0.10445677510176377,Moderate,1002675.0,1243425.0,68078.52803385464,84424.7076275919,66505.54713051546,0.27624318641958656,No reported delinquency in the harmonized source fields | High utilization with low estimated risk,"{""automatic_increases_enabled"": true, ""within_maximum_increase"": true, ""within_account_exposure"": true, ""within_expected_loss_ceiling"": true, ""meets_profitability_hurdle"": true, ""payment_history_eligible"": true, ""not_overextended"": true}",credit_age_months | credit_lines | debt_to_income | income_inr
0,0.9223828405187952,,,,,asia,taiwan_credit,285000.0,262900.0,LIQ-001148,Increase 30%,0.3,370500.0,0.13789137581648095,Moderate,279475.0,343600.0,25049.17496660216,30796.659874852856,22375.30521674894,0.3489326349590478,No reported delinquency in the harmonized source fields | High utilization with low estimated risk,"{""automatic_increases_enabled"": true, ""within_maximum_increase"": true, ""within_account_exposure"": true, ""within_expected_loss_ceiling"": true, ""meets_profitability_hurdle"": true, ""payment_history_eligible"": true, ""not_overextended"": true}",credit_age_months | credit_lines | debt_to_income | income_inr
0,1.0612254282479037,,,,,asia,taiwan_credit,229000.0,243000.0,LIQ-001149,No change,0.0,229000.0,0.1869573259929914,High,229000.0,229000.0,27828.597974056767,27828.597974056767,0.0,0.0,No reported delinquency in the harmonized source fields | Expected loss exceeds policy ceiling,"{""automatic_increases_enabled"": true, ""within_maximum_increase"": true, ""within_account_exposure"": true, ""within_expected_loss_ceiling"": false, ""meets_profitability_hurdle"": false, ""payment_history_eligible"": true, ""not_overextended"": true}",credit_age_months | credit_lines | debt_to_income | income_inr
0,1.070091084634557,,,,,asia,taiwan_credit,132000.0,141300.0,LIQ-001150,No change,0.0,132000.0,0.1869573259929914,High,132000.0,132000.0,16040.938570198661,16040.938570198661,0.0,0.0,No reported delinquency in the harmonized source fields | Expected loss exceeds policy ceiling,"{""automatic_increases_enabled"": true, ""within_maximum_increase"": true, ""within_account_exposure"": true, ""within_expected_loss_ceiling"": false, ""meets_profitability_hurdle"": false, ""payment_history_eligible"": true, ""not_overextended"": true}",credit_age_months | credit_lines | debt_to_income | income_inr
1,0.7554236788844152,,,,,asia,taiwan_credit,960000.0,725200.0,LIQ-001151,Manual review,0.0,960000.0,0.3139140952892999,Very high,901300.0,901300.0,183905.0031547599,183905.0031547599,0.0,0.0,Reported delinquency | Manual review required,"{""automatic_increases_enabled"": true, ""within_maximum_increase"": true, ""within_account_exposure"": true, ""within_expected_loss_ceiling"": false, ""meets_profitability_hurdle"": false, ""payment_history_eligible"": false, ""not_overextended"": true}",credit_age_months | credit_lines | debt_to_income | income_inr
0,0.9544593357585256,,,,,asia,taiwan_credit,460000.0,439100.0,LIQ-001152,Increase 30%,0.3,598000.0,0.12574285837107374,Moderate,454775.0,558275.0,37170.060470208286,45629.411267122276,38882.907672644506,0.37568026736854593,No reported delinquency in the harmonized source fields | High utilization with low estimated risk,"{""automatic_increases_enabled"": true, ""within_maximum_increase"": true, ""within_account_exposure"": true, ""within_expected_loss_ceiling"": true, ""meets_profitability_hurdle"": true, ""payment_history_eligible"": true, ""not_overextended"": true}",credit_age_months | credit_lines | debt_to_income | income_inr
0,0.19602291593512966,,,,,asia,taiwan_credit,470000.0,92100.0,LIQ-001153,No change,0.0,470000.0,0.07124174382106481,Moderate,375525.0,375525.0,17389.486301463487,17389.486301463487,0.0,0.0,No reported delinquency in the harmonized source fields | Low utilization provides no evidence of additional need | Incremental return below profitability hurdle,"{""automatic_increases_enabled"": true, ""within_maximum_increase"": true, ""within_account_exposure"": true, ""within_expected_loss_ceiling"": true, ""meets_profitability_hurdle"": false, ""payment_history_eligible"": true, ""not_overextended"": true}",credit_age_months | credit_lines | debt_to_income | income_inr
0,0.3298616332951371,,,,,asia,taiwan_credit,2500000.0,824700.0,LIQ-001154,Increase 20%,0.2,3000000.0,0.06934387152945824,Moderate,2081175.0,2456175.0,93805.87568970818,110708.44437501363,25245.66487675355,0.06732177300467614,No reported delinquency in the harmonized source fields,"{""automatic_increases_enabled"": true, ""within_maximum_increase"": true, ""within_account_exposure"": true, ""within_expected_loss_ceiling"": true, ""meets_profitability_hurdle"": true, ""payment_history_eligible"": true, ""not_overextended"": true}",credit_age_months | credit_lines | debt_to_income | income_inr
0,0.2070596664460446,,,,,asia,taiwan_credit,432000.0,89400.0,LIQ-001155,No change,0.0,432000.0,0.07009471210831149,Moderate,346350.0,346350.0,15780.247300163895,15780.247300163895,0.0,0.0,No reported delinquency in the harmonized source fields | Incremental return below profitability hurdle,"{""automatic_increases_enabled"": true, ""within_maximum_increase"": true, ""within_account_exposure"": true, ""within_expected_loss_ceiling"": true, ""meets_profitability_hurdle"": false, ""payment_history_eligible"": true, ""not_overextended"": true}",credit_age_months | credit_lines | debt_to_income | income_inr
0,0.6298715698833001,,,,,asia,taiwan_credit,150000.0,94500.0,LIQ-001156,No change,0.0,150000.0,0.0987359063062026,Moderate,136125.0,136125.0,8736.27640985569,8736.27640985569,0.0,0.0,No reported delinquency in the harmonized source fields | Exposure limit reached,"{""automatic_increases_enabled"": true, ""within_maximum_increase"": true, ""within_account_exposure"": true, ""within_expected_loss_ceiling"": true, ""meets_profitability_hurdle"": false, ""payment_history_eligible"": true, ""not_overextended"": true}",credit_age_months | credit_lines | debt_to_income | income_inr
0,0.6809382888120417,,,,,asia,taiwan_credit,308000.0,209700.0,LIQ-001157,No change,0.0,308000.0,0.11258142348426615,Moderate,283425.0,283425.0,20740.45346816829,20740.45346816829,0.0,0.0,No reported delinquency in the harmonized source fields | High utilization with low estimated risk | Exposure limit reached,"{""automatic_increases_enabled"": true, ""within_maximum_increase"": true, ""within_account_exposure"": true, ""within_expected_loss_ceiling"": true, ""meets_profitability_hurdle"": false, ""payment_history_eligible"": true, ""not_overextended"": true}",credit_age_months | credit_lines | debt_to_income | income_inr
2,0.2779959215624988,,,,,asia,taiwan_credit,186000.0,51700.0,LIQ-001158,Freeze automatic increases,0.0,186000.0,0.3695714704996306,Very high,152425.0,152425.0,36615.75540408903,36615.75540408903,0.0,0.0,Repeated delinquency,"{""automatic_increases_enabled"": true, ""within_maximum_increase"": true, ""within_account_exposure"": true, ""within_expected_loss_ceiling"": false, ""meets_profitability_hurdle"": false, ""payment_history_eligible"": false, ""not_overextended"": true}",credit_age_months | credit_lines | debt_to_income | income_inr
0,0.7548226613432821,,,,,asia,taiwan_credit,271000.0,204600.0,LIQ-001159,No change,0.0,271000.0,0.10445677510176377,Moderate,254400.0,254400.0,17272.972330827655,17272.972330827655,0.0,0.0,No reported delinquency in the harmonized source fields | High utilization with low estimated risk | Exposure limit reached,"{""automatic_increases_enabled"": true, ""within_maximum_increase"": true, ""within_account_exposure"": true, ""within_expected_loss_ceiling"": true, ""meets_profitability_hurdle"": false, ""payment_history_eligible"": true, ""not_overextended"": true}",credit_age_months | credit_lines | debt_to_income | income_inr
2,0.5088098841515943,,,,,asia,taiwan_credit,269000.0,136900.0,LIQ-001160,Freeze automatic increases,0.0,269000.0,0.39498555619052134,Very high,235975.0,235975.0,60584.365804337875,60584.365804337875,0.0,0.0,Repeated delinquency,"{""automatic_increases_enabled"": true, ""within_maximum_increase"": true, ""within_account_exposure"": true, ""within_expected_loss_ceiling"": false, ""meets_profitability_hurdle"": false, ""payment_history_eligible"": false, ""not_overextended"": true}",credit_age_months | credit_lines | debt_to_income | income_inr
2,0.5814778276201513,,,,,asia,taiwan_credit,239000.0,139000.0,LIQ-001161,Freeze automatic increases,0.0,239000.0,0.402717286143284,Very high,214000.0,214000.0,56017.9745025308,56017.9745025308,0.0,0.0,Repeated delinquency,"{""automatic_increases_enabled"": true, ""within_maximum_increase"": true, ""within_account_exposure"": true, ""within_expected_loss_ceiling"": false, ""meets_profitability_hurdle"": false, ""payment_history_eligible"": false, ""not_overextended"": true}",credit_age_months | credit_lines | debt_to_income | income_inr
0,0.7268998353149889,,,,,asia,taiwan_credit,141000.0,102500.0,LIQ-001162,No change,0.0,141000.0,0.10803036497610345,Moderate,131375.0,131375.0,9225.117979178134,9225.117979178134,0.0,0.0,No reported delinquency in the harmonized source fields | High utilization with low estimated risk | Exposure limit reached,"{""automatic_increases_enabled"": true, ""within_maximum_increase"": true, ""within_account_exposure"": true, ""within_expected_loss_ceiling"": true, ""meets_profitability_hurdle"": false, ""payment_history_eligible"": true, ""not_overextended"": true}",credit_age_months | credit_lines | debt_to_income | income_inr
0,0.6054067792816596,,,,,asia,taiwan_credit,985000.0,596300.0,LIQ-001163,Increase 30%,0.3,1280500.0,0.08907457679992008,Moderate,887825.0,1109450.0,51403.713495802884,64235.46299993637,45860.16551874682,0.2069268607726873,No reported delinquency in the harmonized source fields,"{""automatic_increases_enabled"": true, ""within_maximum_increase"": true, ""within_account_exposure"": true, ""within_expected_loss_ceiling"": true, ""meets_profitability_hurdle"": true, ""payment_history_eligible"": true, ""not_overextended"": true}",credit_age_months | credit_lines | debt_to_income | income_inr
0,0.579587695230008,,,,,asia,taiwan_credit,425000.0,246300.0,LIQ-001164,No change,0.0,425000.0,0.10840032671474488,Moderate,380325.0,380325.0,26797.780267560476,26797.780267560476,0.0,0.0,No reported delinquency in the harmonized source fields | Exposure limit reached,"{""automatic_increases_enabled"": true, ""within_maximum_increase"": true, ""within_account_exposure"": true, ""within_expected_loss_ceiling"": true, ""meets_profitability_hurdle"": false, ""payment_history_eligible"": true, ""not_overextended"": true}",credit_age_months | credit_lines | debt_to_income | income_inr
0,0.19126280546950258,,,,,asia,taiwan_credit,302000.0,57800.0,LIQ-001165,No change,0.0,302000.0,0.07124174382106481,Moderate,240950.0,240950.0,11157.70381289562,11157.70381289562,0.0,0.0,No reported delinquency in the harmonized source fields | Low utilization provides no evidence of additional need | Incremental return below profitability hurdle,"{""automatic_increases_enabled"": true, ""within_maximum_increase"": true, ""within_account_exposure"": true, ""within_expected_loss_ceiling"": true, ""meets_profitability_hurdle"": false, ""payment_history_eligible"": true, ""not_overextended"": true}",credit_age_months | credit_lines | debt_to_income | income_inr
0,0.24426780138436524,,,,,asia,taiwan_credit,573000.0,140000.0,LIQ-001166,No change,0.0,573000.0,0.0735944858898624,Moderate,464750.0,464750.0,22231.974256253805,22231.974256253805,0.0,0.0,No reported delinquency in the harmonized source fields | Exposure limit reached,"{""automatic_increases_enabled"": true, ""within_maximum_increase"": true, ""within_account_exposure"": true, ""within_expected_loss_ceiling"": true, ""meets_profitability_hurdle"": false, ""payment_history_eligible"": true, ""not_overextended"": true}",credit_age_months | credit_lines | debt_to_income | income_inr
0,0.16729851426441605,,,,,asia,taiwan_credit,475000.0,79500.0,LIQ-001167,No change,0.0,475000.0,0.07074044882835517,Moderate,376125.0,376125.0,17294.71335511731,17294.71335511731,0.0,0.0,No reported delinquency in the harmonized source fields | Low utilization provides no evidence of additional need | Incremental return below profitability hurdle,"{""automatic_increases_enabled"": true, ""within_maximum_increase"": true, ""within_account_exposure"": true, ""within_expected_loss_ceiling"": true, ""meets_profitability_hurdle"": false, ""payment_history_eligible"": true, ""not_overextended"": true}",credit_age_months | credit_lines | debt_to_income | income_inr
0,0.3467178799264005,,,,,asia,taiwan_credit,419000.0,145300.0,LIQ-001168,No change,0.0,419000.0,0.06934387152945824,Moderate,350575.0,350575.0,15801.648044935886,15801.648044935886,0.0,0.0,No reported delinquency in the harmonized source fields | Exposure limit reached,"{""automatic_increases_enabled"": true, ""within_maximum_increase"": true, ""within_account_exposure"": true, ""within_expected_loss_ceiling"": true, ""meets_profitability_hurdle"": false, ""payment_history_eligible"": true, ""not_overextended"": true}",credit_age_months | credit_lines | debt_to_income | income_inr
0,0.9097599628465267,,,,,asia,taiwan_credit,546000.0,496700.0,LIQ-001169,Increase 30%,0.3,709800.0,0.13789137581648095,Moderate,533675.0,656525.0,47832.966992759306,58843.93808014486,42171.49685256422,0.34327632765620036,No reported delinquency in the harmonized source fields | High utilization with low estimated risk,"{""automatic_increases_enabled"": true, ""within_maximum_increase"": true, ""within_account_exposure"": true, ""within_expected_loss_ceiling"": true, ""meets_profitability_hurdle"": true, ""payment_history_eligible"": true, ""not_overextended"": true}",credit_age_months | credit_lines | debt_to_income | income_inr
1,0.4045855232849242,,,,,asia,taiwan_credit,382000.0,154600.0,LIQ-001170,Manual review,0.0,382000.0,0.32216460564488014,Very high,325150.0,325150.0,68088.6839915313,68088.6839915313,0.0,0.0,Reported delinquency | Manual review required,"{""automatic_increases_enabled"": true, ""within_maximum_increase"": true, ""within_account_exposure"": true, ""within_expected_loss_ceiling"": false, ""meets_profitability_hurdle"": false, ""payment_history_eligible"": false, ""not_overextended"": true}",credit_age_months | credit_lines | debt_to_income | income_inr
0,0.49177927543619404,,,,,asia,taiwan_credit,541000.0,266100.0,LIQ-001171,No change,0.0,541000.0,0.09380052946279228,Moderate,472275.0,472275.0,28794.76928382615,28794.76928382615,0.0,0.0,No reported delinquency in the harmonized source fields | Exposure limit reached,"{""automatic_increases_enabled"": true, ""within_maximum_increase"": true, ""within_account_exposure"": true, ""within_expected_loss_ceiling"": true, ""meets_profitability_hurdle"": false, ""payment_history_eligible"": true, ""not_overextended"": true}",credit_age_months | credit_lines | debt_to_income | income_inr
1,0.6988318966757963,,,,,asia,taiwan_credit,571000.0,399000.0,LIQ-001172,Manual review,0.0,571000.0,0.3547047913014613,Very high,528000.0,528000.0,121734.68437466152,121734.68437466152,0.0,0.0,Reported delinquency | Manual review required,"{""automatic_increases_enabled"": true, ""within_maximum_increase"": true, ""within_account_exposure"": true, ""within_expected_loss_ceiling"": false, ""meets_profitability_hurdle"": false, ""payment_history_eligible"": false, ""not_overextended"": true}",credit_age_months | credit_lines | debt_to_income | income_inr
3,0.5610745911599996,,,,,asia,taiwan_credit,389000.0,218300.0,LIQ-001173,Freeze automatic increases,0.0,389000.0,0.5134263883192781,Very high,346325.0,346325.0,115578.05605753811,115578.05605753811,0.0,0.0,Repeated delinquency,"{""automatic_increases_enabled"": true, ""within_maximum_increase"": true, ""within_account_exposure"": true, ""within_expected_loss_ceiling"": false, ""meets_profitability_hurdle"": false, ""payment_history_eligible"": false, ""not_overextended"": true}",credit_age_months | credit_lines | debt_to_income | income_inr
0,0.4157972396893564,,,,,asia,taiwan_credit,303000.0,126000.0,LIQ-001174,No change,0.0,303000.0,0.08516958900453168,Moderate,258750.0,258750.0,14324.460250699674,14324.460250699674,0.0,0.0,No reported delinquency in the harmonized source fields | Exposure limit reached,"{""automatic_increases_enabled"": true, ""within_maximum_increase"": true, ""within_account_exposure"": true, ""within_expected_loss_ceiling"": true, ""meets_profitability_hurdle"": false, ""payment_history_eligible"": true, ""not_overextended"": true}",credit_age_months | credit_lines | debt_to_income | income_inr
0,0.6826308810581712,,,,,asia,taiwan_credit,946000.0,645800.0,LIQ-001175,Increase 30%,0.3,1229800.0,0.11258142348426615,Moderate,870950.0,1083800.0,63734.31400935404,79310.23540196098,49897.780401016746,0.2344269692319321,No reported delinquency in the harmonized source fields | High utilization with low estimated risk,"{""automatic_increases_enabled"": true, ""within_maximum_increase"": true, ""within_account_exposure"": true, ""within_expected_loss_ceiling"": true, ""meets_profitability_hurdle"": true, ""payment_history_eligible"": true, ""not_overextended"": true}",credit_age_months | credit_lines | debt_to_income | income_inr
0,0.6652596626462791,,,,,asia,taiwan_credit,257000.0,171000.0,LIQ-001176,No change,0.0,257000.0,0.11251901624577622,Moderate,235500.0,235500.0,17223.848411822197,17223.848411822197,0.0,0.0,No reported delinquency in the harmonized source fields | High utilization with low estimated risk | Exposure limit reached,"{""automatic_increases_enabled"": true, ""within_maximum_increase"": true, ""within_account_exposure"": true, ""within_expected_loss_ceiling"": true, ""meets_profitability_hurdle"": false, ""payment_history_eligible"": true, ""not_overextended"": true}",credit_age_months | credit_lines | debt_to_income | income_inr
1,0.8286127844091191,,,,,asia,taiwan_credit,451000.0,373700.0,LIQ-001177,Manual review,0.0,451000.0,0.305753976414527,Very high,431675.0,431675.0,85791.12604968162,85791.12604968162,0.0,0.0,Reported delinquency | Manual review required,"{""automatic_increases_enabled"": true, ""within_maximum_increase"": true, ""within_account_exposure"": true, ""within_expected_loss_ceiling"": false, ""meets_profitability_hurdle"": false, ""payment_history_eligible"": false, ""not_overextended"": true}",credit_age_months | credit_lines | debt_to_income | income_inr
0,0.42633368173835473,,,,,asia,taiwan_credit,458000.0,195300.0,LIQ-001178,No change,0.0,458000.0,0.08516958900453168,Moderate,392325.0,392325.0,21719.20335403188,21719.20335403188,0.0,0.0,No reported delinquency in the harmonized source fields | Exposure limit reached,"{""automatic_increases_enabled"": true, ""within_maximum_increase"": true, ""within_account_exposure"": true, ""within_expected_loss_ceiling"": true, ""meets_profitability_hurdle"": false, ""payment_history_eligible"": true, ""not_overextended"": true}",credit_age_months | credit_lines | debt_to_income | income_inr
0,0.5627284592065941,,,,,asia,taiwan_credit,236000.0,132800.0,LIQ-001179,No change,0.0,236000.0,0.08711596043527224,Moderate,210200.0,210200.0,11902.653674271247,11902.653674271247,0.0,0.0,No reported delinquency in the harmonized source fields | Exposure limit reached,"{""automatic_increases_enabled"": true, ""within_maximum_increase"": true, ""within_account_exposure"": true, ""within_expected_loss_ceiling"": true, ""meets_profitability_hurdle"": false, ""payment_history_eligible"": true, ""not_overextended"": true}",credit_age_months | credit_lines | debt_to_income | income_inr
0,0.5101662127556124,,,,,asia,taiwan_credit,207000.0,105600.0,LIQ-001180,No change,0.0,207000.0,0.08234712963836745,Moderate,181650.0,181650.0,9722.931464226142,9722.931464226142,0.0,0.0,No reported delinquency in the harmonized source fields | Exposure limit reached,"{""automatic_increases_enabled"": true, ""within_maximum_increase"": true, ""within_account_exposure"": true, ""within_expected_loss_ceiling"": true, ""meets_profitability_hurdle"": false, ""payment_history_eligible"": true, ""not_overextended"": true}",credit_age_months | credit_lines | debt_to_income | income_inr
0,0.3549720346362579,,,,,asia,taiwan_credit,278000.0,98700.0,LIQ-001181,No change,0.0,278000.0,0.07264242638855538,Moderate,233175.0,233175.0,11009.95855254841,11009.95855254841,0.0,0.0,No reported delinquency in the harmonized source fields | Exposure limit reached,"{""automatic_increases_enabled"": true, ""within_maximum_increase"": true, ""within_account_exposure"": true, ""within_expected_loss_ceiling"": true, ""meets_profitability_hurdle"": false, ""payment_history_eligible"": true, ""not_overextended"": true}",credit_age_months | credit_lines | debt_to_income | income_inr
0,0.08681800485077001,,,,,asia,taiwan_credit,254000.0,22100.0,LIQ-001182,No change,0.0,254000.0,0.07436753576004311,Moderate,196025.0,196025.0,9475.632528285594,9475.632528285594,0.0,0.0,No reported delinquency in the harmonized source fields | Low utilization provides no evidence of additional need | Incremental return below profitability hurdle,"{""automatic_increases_enabled"": true, ""within_maximum_increase"": true, ""within_account_exposure"": true, ""within_expected_loss_ceiling"": true, ""meets_profitability_hurdle"": false, ""payment_history_eligible"": true, ""not_overextended"": true}",credit_age_months | credit_lines | debt_to_income | income_inr
1,0.6953720063740361,,,,,asia,taiwan_credit,136000.0,94600.0,LIQ-001183,Manual review,0.0,136000.0,0.3547047913014613,Very high,125650.0,125650.0,28969.6270675686,28969.6270675686,0.0,0.0,Reported delinquency | Manual review required,"{""automatic_increases_enabled"": true, ""within_maximum_increase"": true, ""within_account_exposure"": true, ""within_expected_loss_ceiling"": false, ""meets_profitability_hurdle"": false, ""payment_history_eligible"": false, ""not_overextended"": true}",credit_age_months | credit_lines | debt_to_income | income_inr
1,0.9409982395284666,,,,,asia,taiwan_credit,229000.0,215500.0,LIQ-001184,Manual review,0.0,229000.0,0.3887703258643853,Very high,225625.0,225625.0,57015.598102548756,57015.598102548756,0.0,0.0,Reported delinquency | Manual review required,"{""automatic_increases_enabled"": true, ""within_maximum_increase"": true, ""within_account_exposure"": true, ""within_expected_loss_ceiling"": false, ""meets_profitability_hurdle"": false, ""payment_history_eligible"": false, ""not_overextended"": true}",credit_age_months | credit_lines | debt_to_income | income_inr
0,0.671974256727827,,,,,asia,taiwan_credit,416000.0,279500.0,LIQ-001185,Increase 30%,0.3,540800.0,0.11251901624577622,Moderate,381875.0,475475.0,27929.329563756266,34774.98651214929,21292.32366584629,0.22748209044707574,No reported delinquency in the harmonized source fields | High utilization with low estimated risk,"{""automatic_increases_enabled"": true, ""within_maximum_increase"": true, ""within_account_exposure"": true, ""within_expected_loss_ceiling"": true, ""meets_profitability_hurdle"": true, ""payment_history_eligible"": true, ""not_overextended"": true}",credit_age_months | credit_lines | debt_to_income | income_inr
0,0.5490679286334225,,,,,asia,taiwan_credit,797000.0,437600.0,LIQ-001186,Increase 30%,0.3,1036100.0,0.08480671158901683,Moderate,707150.0,886475.0,38981.19296511261,48866.3692763179,31969.188222728008,0.1782751329860756,No reported delinquency in the harmonized source fields,"{""automatic_increases_enabled"": true, ""within_maximum_increase"": true, ""within_account_exposure"": true, ""within_expected_loss_ceiling"": true, ""meets_profitability_hurdle"": true, ""payment_history_eligible"": true, ""not_overextended"": true}",credit_age_months | credit_lines | debt_to_income | income_inr
1,0.3752716640646899,,,,,asia,taiwan_credit,502000.0,188400.0,LIQ-001187,Manual review,0.0,502000.0,0.31368931960687124,Very high,423600.0,423600.0,86371.21726055593,86371.21726055593,0.0,0.0,Reported delinquency | Manual review required,"{""automatic_increases_enabled"": true, ""within_maximum_increase"": true, ""within_account_exposure"": true, ""within_expected_loss_ceiling"": false, ""meets_profitability_hurdle"": false, ""payment_history_eligible"": false, ""not_overextended"": true}",credit_age_months | credit_lines | debt_to_income | income_inr
1,0.9276089133738463,,,,,asia,taiwan_credit,65000.0,60300.0,LIQ-001188,Manual review,0.0,65000.0,0.3542574924960451,Very high,63825.0,63825.0,14696.81489806405,14696.81489806405,0.0,0.0,Reported delinquency | Manual review required,"{""automatic_increases_enabled"": true, ""within_maximum_increase"": true, ""within_account_exposure"": true, ""within_expected_loss_ceiling"": false, ""meets_profitability_hurdle"": false, ""payment_history_eligible"": false, ""not_overextended"": true}",credit_age_months | credit_lines | debt_to_income | income_inr
0,0.15818590267130186,,,,,asia,taiwan_credit,531000.0,84000.0,LIQ-001189,No change,0.0,531000.0,0.07443607206105499,Moderate,419250.0,419250.0,20284.76008753825,20284.76008753825,0.0,0.0,No reported delinquency in the harmonized source fields | Low utilization provides no evidence of additional need | Incremental return below profitability hurdle,"{""automatic_increases_enabled"": true, ""within_maximum_increase"": true, ""within_account_exposure"": true, ""within_expected_loss_ceiling"": true, ""meets_profitability_hurdle"": false, ""payment_history_eligible"": true, ""not_overextended"": true}",credit_age_months | credit_lines | debt_to_income | income_inr
1,0.8968307805937773,,,,,asia,taiwan_credit,244000.0,218800.0,LIQ-001190,Manual review,0.0,244000.0,0.4029327798442068,Very high,237700.0,237700.0,62255.12914982917,62255.12914982917,0.0,0.0,Reported delinquency | Manual review required,"{""automatic_increases_enabled"": true, ""within_maximum_increase"": true, ""within_account_exposure"": true, ""within_expected_loss_ceiling"": false, ""meets_profitability_hurdle"": false, ""payment_history_eligible"": false, ""not_overextended"": true}",credit_age_months | credit_lines | debt_to_income | income_inr
0,0.9455357563451275,,,,,asia,taiwan_credit,470000.0,444400.0,LIQ-001191,Increase 30%,0.3,611000.0,0.14209487564002465,Moderate,463600.0,569350.0,42818.86982536503,52586.11633967122,38084.93470154468,0.36014122649214825,No reported delinquency in the harmonized source fields | High utilization with low estimated risk,"{""automatic_increases_enabled"": true, ""within_maximum_increase"": true, ""within_account_exposure"": true, ""within_expected_loss_ceiling"": true, ""meets_profitability_hurdle"": true, ""payment_history_eligible"": true, ""not_overextended"": true}",credit_age_months | credit_lines | debt_to_income | income_inr
1,0.5376647845144353,,,,,asia,taiwan_credit,347000.0,186600.0,LIQ-001192,Manual review,0.0,347000.0,0.3301159449154249,Very high,306900.0,306900.0,65853.17927145354,65853.17927145354,0.0,0.0,Reported delinquency | Manual review required,"{""automatic_increases_enabled"": true, ""within_maximum_increase"": true, ""within_account_exposure"": true, ""within_expected_loss_ceiling"": false, ""meets_profitability_hurdle"": false, ""payment_history_eligible"": false, ""not_overextended"": true}",credit_age_months | credit_lines | debt_to_income | income_inr
0,0.33628257011848944,,,,,asia,taiwan_credit,309000.0,103900.0,LIQ-001193,No change,0.0,309000.0,0.06934387152945824,Moderate,257725.0,257725.0,11616.572038454258,11616.572038454258,0.0,0.0,No reported delinquency in the harmonized source fields | Exposure limit reached,"{""automatic_increases_enabled"": true, ""within_maximum_increase"": true, ""within_account_exposure"": true, ""within_expected_loss_ceiling"": true, ""meets_profitability_hurdle"": false, ""payment_history_eligible"": true, ""not_overextended"": true}",credit_age_months | credit_lines | debt_to_income | income_inr
0,0.746415415767074,,,,,asia,taiwan_credit,327000.0,244100.0,LIQ-001194,Increase 30%,0.3,425100.0,0.10445677510176377,Moderate,306275.0,379850.0,20795.124216290253,25790.638914563227,20120.50518255766,0.2734693195046913,No reported delinquency in the harmonized source fields | High utilization with low estimated risk,"{""automatic_increases_enabled"": true, ""within_maximum_increase"": true, ""within_account_exposure"": true, ""within_expected_loss_ceiling"": true, ""meets_profitability_hurdle"": true, ""payment_history_eligible"": true, ""not_overextended"": true}",credit_age_months | credit_lines | debt_to_income | income_inr
0,0.7582375481641717,,,,,asia,taiwan_credit,345000.0,261600.0,LIQ-001195,Increase 30%,0.3,448500.0,0.10445677510176377,Moderate,324150.0,401775.0,22008.781372003872,27279.27853073224,21746.733197781203,0.2801511523063601,No reported delinquency in the harmonized source fields | High utilization with low estimated risk,"{""automatic_increases_enabled"": true, ""within_maximum_increase"": true, ""within_account_exposure"": true, ""within_expected_loss_ceiling"": true, ""meets_profitability_hurdle"": true, ""payment_history_eligible"": true, ""not_overextended"": true}",credit_age_months | credit_lines | debt_to_income | income_inr
1,0.6667967984550115,,,,,asia,taiwan_credit,839000.0,559400.0,LIQ-001196,Manual review,0.0,839000.0,0.35454740758702724,Very high,769100.0,769100.0,177243.56726386872,177243.56726386872,0.0,0.0,Reported delinquency | Manual review required,"{""automatic_increases_enabled"": true, ""within_maximum_increase"": true, ""within_account_exposure"": true, ""within_expected_loss_ceiling"": false, ""meets_profitability_hurdle"": false, ""payment_history_eligible"": false, ""not_overextended"": true}",credit_age_months | credit_lines | debt_to_income | income_inr
0,0.1603428646014782,,,,,asia,taiwan_credit,346000.0,55500.0,LIQ-001197,No change,0.0,346000.0,0.07443607206105499,Moderate,273375.0,273375.0,13226.82477979909,13226.82477979909,0.0,0.0,No reported delinquency in the harmonized source fields | Low utilization provides no evidence of additional need | Incremental return below profitability hurdle,"{""automatic_increases_enabled"": true, ""within_maximum_increase"": true, ""within_account_exposure"": true, ""within_expected_loss_ceiling"": true, ""meets_profitability_hurdle"": false, ""payment_history_eligible"": true, ""not_overextended"": true}",credit_age_months | credit_lines | debt_to_income | income_inr
1,0.9577735012617414,,,,,asia,taiwan_credit,709000.0,679100.0,LIQ-001198,Manual review,0.0,709000.0,0.38272238983165874,Very high,701525.0,701525.0,174518.06094232536,174518.06094232536,0.0,0.0,Reported delinquency | Manual review required,"{""automatic_increases_enabled"": true, ""within_maximum_increase"": true, ""within_account_exposure"": true, ""within_expected_loss_ceiling"": false, ""meets_profitability_hurdle"": false, ""payment_history_eligible"": false, ""not_overextended"": true}",credit_age_months | credit_lines | debt_to_income | income_inr
0,0.48368586757780835,,,,,asia,taiwan_credit,645000.0,312000.0,LIQ-001199,Increase 30%,0.3,838500.0,0.10071971691843155,Moderate,561750.0,706875.0,36776.5456363038,46277.5624328656,19076.292156906202,0.13144731891063705,No reported delinquency in the harmonized source fields,"{""automatic_increases_enabled"": true, ""within_maximum_increase"": true, ""within_account_exposure"": true, ""within_expected_loss_ceiling"": true, ""meets_profitability_hurdle"": true, ""payment_history_eligible"": true, ""not_overextended"": true}",credit_age_months | credit_lines | debt_to_income | income_inr
0,0.7790121233787315,,,,,asia,taiwan_credit,540000.0,420700.0,LIQ-001200,Increase 30%,0.3,702000.0,0.1255423460086906,Moderate,510175.0,631675.0,41631.56814373943,51546.274919775766,33874.23824990566,0.2788003148140384,No reported delinquency in the harmonized source fields | High utilization with low estimated risk,"{""automatic_increases_enabled"": true, ""within_maximum_increase"": true, ""within_account_exposure"": true, ""within_expected_loss_ceiling"": true, ""meets_profitability_hurdle"": true, ""payment_history_eligible"": true, ""not_overextended"": true}",credit_age_months | credit_lines | debt_to_income | income_inr
